0 0.23266396634615386 0.6529803245192307 0.22992669711538463 0.6534780096153846 0.2261940576923077 0.6524826394230769 0.22237847115384615 0.6534780096153846 0.22030478365384615 0.6543489591346153 0.2151620360576923 0.6593258100961539 0.21225887259615384 0.6633072908653846 0.2107658173076923 0.6648003461538461 0.21126350240384614 0.6665422451923076 0.21267361057692308 0.6681597211538463 0.2140007716346154 0.6696527788461538 0.21532793269230768 0.6718923605769231 0.21756751442307692 0.672390045673077 0.21930941346153845 0.6733854158653846 0.22304205288461537 0.6738831009615385 0.2258622692307692 0.6718923605769231 0.22694058653846155 0.6730121538461538 0.22934606490384615 0.6735098389423076 0.23697530769230768 0.6533535889423077 0.2351523918269231 0.6524826394230769 0.23266396634615386 0.6529803245192307
0 0.19549575721153845 0.60998553125 0.19618634375 0.6065653942307693 0.19708526201923077 0.6054253461538461 0.19729359615384615 0.6025202548076923 0.1970158173076923 0.6001359951923078 0.19604938221153848 0.5979600697115385 0.19528935096153846 0.5958854158653846 0.19584105048076922 0.5949537043269231 0.19680941346153846 0.594123264423077 0.19667052403846152 0.5921527788461538 0.19673996875000002 0.5909085649038461 0.1954263125 0.5898726850961539 0.19328317788461538 0.5891464110576923 0.19148726923076922 0.5879021995192308 0.19114197596153845 0.5857262740384616 0.18892939903846154 0.5845833341346154 0.18485146634615385 0.5839612259615385 0.18395254567307692 0.5850000000000001 0.18353780769230768 0.58728009375 0.18215663461538462 0.5918431706730769 0.18056519951923075 0.5932928245192307 0.1780092596153846 0.5958854158653846 0.17669560096153847 0.5999305552884615 0.17662615625000003 0.6025202548076923 0.17814621875 0.6030410889423077 0.18042824038461538 0.6044907403846154 0.18215663461538462 0.6063570600961539 0.1831925144230769 0.6085358798076923 0.18637152884615385 0.6109201394230769 0.18768518509615387 0.6127864591346154 0.1873398918269231 0.6142361105769231 0.18678626442307691 0.616310764423077 0.18602623557692308 0.6176591442307693 0.18651041586538464 0.6186950240384615 0.18941357932692307 0.6219097211538462 0.1907272379807692 0.6231539350961538 0.19224730048076924 0.6234635408653847 0.19335262259615385 0.6234635408653847 0.19535686778846154 0.6233622692307693 0.19521990625000002 0.6221180552884615 0.19425154326923078 0.6186950240384615 0.19549575721153845 0.60998553125
0 0.1746682091346154 0.63 0.17740547836538462 0.6343547451923077 0.1784008485576923 0.6343547451923077 0.17906442788461538 0.6327372692307692 0.17997685096153845 0.63024884375 0.18221643509615384 0.6239033557692307 0.18346064903846154 0.6212905096153847 0.18462191346153847 0.6189265048076924 0.18553433653846152 0.6171846057692308 0.1865297067307692 0.6154427091346153 0.1871932860576923 0.6127054399038461 0.18628086538461539 0.6117129639423077 0.18536844230769228 0.61071759375 0.18354359615384613 0.6093489591346154 0.18229938221153846 0.6072337956730769 0.18014274759615387 0.6047453701923077 0.1774884254807692 0.60375 0.17383873557692306 0.6028790504807693 0.17184799278846155 0.60375 0.17018904326923076 0.603874420673077 0.16736882692307692 0.6026302091346154 0.16521219230769232 0.6027546298076923 0.16338927403846154 0.60350115625 0.16239390384615385 0.6047453701923077 0.16264274759615385 0.6088512740384615 0.1618132716346154 0.6165625 0.1619791658653846 0.6175578701923077 0.1626408173076923 0.6190509254807692 0.16521219230769232 0.6217881947115385 0.17043788461538462 0.6261429399038462 0.1746682091346154 0.63
0 0.11756365625 0.5989438653846154 0.11736304086538461 0.5977430552884615 0.1172434423076923 0.5951041658653846 0.11728394951923077 0.5904224543269231 0.1184432860576923 0.59006365625 0.12032407451923076 0.5887442139423077 0.12084297836538462 0.5884432860576922 0.12076388942307692 0.5882031249999999 0.1199633485576923 0.58790509375 0.11864390384615384 0.5873032403846155 0.11796296394230768 0.5867650456730769 0.11628472115384615 0.5867042812500001 0.11500385817307693 0.5865248846153845 0.11352430528846155 0.5871238437499999 0.11140432211538462 0.5875434038461539 0.11040316346153846 0.58790509375 0.10932291586538462 0.5892245360576923 0.10784336538461538 0.5919241899038462 0.1072029326923077 0.5944444447115385 0.10816357932692308 0.5971440961538461 0.10828317788461539 0.5982841442307693 0.11132330288461538 0.6019444447115384 0.11240355048076923 0.6028443293269231 0.11260416586538462 0.6018836802884615 0.11328317788461538 0.6006828701923077 0.11420331730769231 0.5999623846153846 0.11544367307692308 0.5994241899038462 0.11728394951923077 0.6008043990384615 0.1174845673076923 0.6000231490384615 0.11756365625 0.5989438653846154
0 0.12928433653846153 0.5952633100961539 0.12986111057692307 0.5934490745192308 0.1296296298076923 0.5912905096153847 0.12916859615384615 0.5905121538461539 0.12732638942307692 0.5901649302884615 0.12605324038461538 0.5889554399038461 0.1256558653846154 0.5875752307692308 0.1208179014423077 0.5889554399038461 0.11845100240384615 0.5905121538461539 0.11747106490384616 0.590685764423077 0.11741898076923077 0.5966464110576923 0.11782214423076923 0.5994965288461539 0.11942901201923076 0.6001880793269231 0.12795910576923078 0.5976822908653846 0.1287654326923077 0.5965596057692307 0.12928433653846153 0.5952633100961539
0 0.12635416586538462 0.621501735576923 0.1273495360576923 0.6232436346153847 0.12842785576923077 0.6243634254807693 0.12925732932692308 0.6234924759615385 0.1308333341346154 0.621501735576923 0.1322434423076923 0.6200086802884616 0.13340470673076923 0.6182696754807692 0.13456597115384616 0.6175231490384616 0.13647376442307693 0.6145370360576923 0.13697144951923076 0.6130439807692307 0.13697144951923076 0.6098090288461538 0.1363908173076923 0.6086892355769231 0.13348765384615385 0.6083159711538462 0.12917438221153846 0.6068229158653846 0.1275154326923077 0.605827545673077 0.12369984615384616 0.6083159711538462 0.12253857932692308 0.6103067139423077 0.12452932211538462 0.6132928245192308 0.12510995432692307 0.6151591442307692 0.12635416586538462 0.621501735576923
0 0.10398148076923076 0.6112413197115385 0.10646990625 0.6113454855769231 0.1075057860576923 0.6099971057692307 0.11006365625 0.6064728004807692 0.11096257692307693 0.6049160889423078 0.11151427403846154 0.6038802091346154 0.10868055528846154 0.6025318293269231 0.10605517067307693 0.603671875 0.1033584110576923 0.6028414350961538 0.10204475240384615 0.6023234951923077 0.10031828605769232 0.6031539350961539 0.10004050961538462 0.6027401610576922 0.0974845673076923 0.6014959495192308 0.09720679086538463 0.6027401610576922 0.09575617307692307 0.6037760408653846 0.09354359615384615 0.6037760408653846 0.0925771610576923 0.6030497692307693 0.09077932211538461 0.6038802091346154 0.08787615624999999 0.6052285889423077 0.08732253124999999 0.6068865745192308 0.0860783173076923 0.6106192139423077 0.08614776201923077 0.61248553125 0.08704668269230768 0.6180844903846154 0.0875308653846154 0.6191203701923077 0.09174768509615384 0.6228530096153846 0.10107831730769232 0.61217303125 0.10197723798076923 0.6112413197115385 0.10398148076923076 0.6112413197115385
0 0.13842592548076924 0.5821209495192308 0.13894482932692306 0.5812586802884615 0.13998070913461538 0.5787528942307693 0.1414216826923077 0.5758159711538462 0.14314814903846154 0.5737413197115384 0.14360918269230769 0.5727922451923078 0.14165123557692308 0.5702864591346154 0.13975115625 0.5676938653846154 0.13825231490384615 0.5663975697115384 0.13692901201923077 0.5657060192307692 0.13353009375 0.56553240625 0.13232060096153847 0.5660532403846154 0.13041859615384616 0.5676938653846154 0.12799961538461538 0.569939235576923 0.12558063221153845 0.5727054399038461 0.12494791586538462 0.5737413197115384 0.12362268509615384 0.5753819447115385 0.12149112740384616 0.5758159711538462 0.12126157451923077 0.5763339110576923 0.12143325721153847 0.5776302091346154 0.12114583413461538 0.5799623846153846 0.12085841105769231 0.5810850697115385 0.12201003125 0.5818634254807692 0.1250057860576923 0.5830729158653847 0.13249228365384616 0.5845428245192308 0.13404899759615385 0.5833333341346154 0.13715856490384615 0.5824681706730769 0.13842592548076924 0.5821209495192308
0 0.14696566346153844 0.59196759375 0.15036651201923076 0.5908478004807692 0.15227430528846153 0.5920920144230769 0.15376736057692308 0.59171875 0.15517746875 0.5905989591346154 0.1564216826923077 0.5888570600961539 0.1578317908653846 0.5877372692307692 0.1587442139423077 0.5853732644230769 0.15915894951923076 0.5830092596153846 0.1585783173076923 0.5789033557692307 0.15633873557692307 0.5723090288461539 0.15625578605769233 0.5695717596153846 0.15592399759615386 0.5668344903846154 0.15517746875 0.5649681706730769 0.15393325721153847 0.5635995360576923 0.1521084110576923 0.5643460649038462 0.14995177403846155 0.5659635408653846 0.1461361875 0.5698206009615384 0.14290123557692308 0.574921875 0.1394174375 0.5805208341346154 0.13759259375 0.5879861105769231 0.13792438221153847 0.591594329326923 0.14215470673076924 0.595078125 0.14306712980769232 0.5940827548076923 0.14547260817307692 0.5933362259615385 0.14696566346153844 0.59196759375
0 0.12065972115384614 0.585486110576923 0.12135030769230769 0.5846585649038462 0.12024498557692308 0.5813396995192307 0.12114390384615385 0.5782291658653846 0.12065972115384614 0.5740827548076923 0.12086612740384615 0.5714901610576922 0.11699652884615384 0.5706597211538461 0.1120891201923077 0.5713859951923077 0.10628279326923076 0.5709722211538462 0.1044174375 0.5735648149038461 0.1038638125 0.57501446875 0.10400269951923077 0.5778153942307692 0.10448495432692308 0.5788512740384616 0.10849537019230769 0.5824797451923077 0.10987654326923077 0.5827922451923077 0.1120891201923077 0.5834143509615385 0.11533757692307692 0.5856944447115384 0.1172029326923077 0.5855902788461539 0.11955439903846155 0.5873524302884615 0.12065972115384614 0.585486110576923
0 0.10368441346153846 0.5974710649038462 0.10472029326923077 0.5993373846153847 0.10575810096153847 0.6003761562500001 0.10679398076923077 0.5989236105769231 0.10789930528846153 0.5973697908653846 0.1074845673076923 0.5960214110576924 0.1069328701923077 0.5945688653846154 0.10755401201923077 0.5919762740384615 0.10893711538461538 0.58928240625 0.11011188221153846 0.5879340288461539 0.11121720673076922 0.5874160889423077 0.11066550961538463 0.5852372692307692 0.10879822596153846 0.58326678125 0.10423611057692309 0.5790162043269231 0.09863811778846153 0.575078125 0.09670331730769231 0.5738339110576923 0.0951138125 0.5734172451923076 0.09345486057692308 0.5725896995192308 0.09248649759615385 0.5727951394230769 0.0913117283653846 0.5748697908653846 0.09082754567307692 0.5815046298076922 0.0913117283653846 0.5887615745192307 0.09386959855769231 0.5923929399038461 0.10098765384615384 0.5987152788461538 0.10168017067307693 0.596953125 0.10250964423076922 0.5965393509615384 0.10368441346153846 0.5974710649038462
0 0.04041859615384616 0.625 0.04193865625 0.6228211802884616 0.04691550961538461 0.6230295144230769 0.0473996923076923 0.6219936346153846 0.0473996923076923 0.6207494206730769 0.048713348557692306 0.6179484951923077 0.04954282451923077 0.6164988437500001 0.05078703605769231 0.6160821754807693 0.05168402884615385 0.6151504639423077 0.05265239182692308 0.6134895841346154 0.05334297836538461 0.6114178245192308 0.05486496875000001 0.6088252307692308 0.05458719230769231 0.6071672451923077 0.053827161057692315 0.6066464110576922 0.05203125 0.60592303125 0.048159721153846154 0.6047829855769231 0.04097222115384615 0.6032262740384615 0.03481867307692307 0.601359954326923 0.03150269951923077 0.6016724543269231 0.028667052884615386 0.6026041658653847 0.027216435096153846 0.6047829855769231 0.025833334134615384 0.61100115625 0.024589120192307693 0.6186747692307691 0.025281634615384616 0.6203327548076923 0.03150269951923077 0.6218894687500001 0.035925925480769234 0.6263483798076923 0.03772183653846154 0.6251041658653846 0.0385513125 0.6240653942307692 0.04041859615384616 0.625
0 0.056548997596153845 0.6293171298076923 0.060113812499999995 0.6283217596153846 0.06135802403846154 0.6289438653846153 0.06749614182692308 0.6325520841346154 0.06965277884615385 0.6390219903846154 0.07073109615384615 0.6423813653846153 0.07106288461538461 0.6401417812500001 0.07230709855769231 0.6354137740384616 0.07396605048076924 0.6321788197115384 0.07587384375 0.6308101850961538 0.07678626442307693 0.6286950240384616 0.07645447596153845 0.6252112259615384 0.07711805528846154 0.6168750000000001 0.07570794711538462 0.6141377307692307 0.07081404326923077 0.6089120360576923 0.06434413461538462 0.6064236105769231 0.06177276201923077 0.6045572908653847 0.05829089423076923 0.6039351850961538 0.05505594230769231 0.6072945600961538 0.055138889423076924 0.6091608798076923 0.05173804086538462 0.6158796298076923 0.049415509615384615 0.6168750000000001 0.04775655769230769 0.6216030096153846 0.04883487740384615 0.6230960649038462 0.04924961538461538 0.6279484951923078 0.050659721153846156 0.6310590288461538 0.051820987980769236 0.6318055552884616 0.052235725961538464 0.6311834495192308 0.056548997596153845 0.6293171298076923
0 1 0.7865827548076924 0.9941358028846154 0.7888657403846153 0.9820717596153846 0.7931655096153847 0.9769367283653847 0.7954947908653847 0.9675 0.7929861105769231 0.9653510793269231 0.7981799759615384 0.9653510793269231 0.8026591442307692 0.967382329326923 0.8073177091346154 0.9714429014423077 0.8214699062499999 0.97466628125 0.8230844903846154 0.9839834110576924 0.8216493052884615 0.9860146610576923 0.8234432860576923 0.9918672836538461 0.8237991899038462 1 0.82563946875 1 0.7865827548076924
0 0.8056732259615385 0.8455873846153845 0.8077469134615385 0.8447164350961539 0.8109818677884615 0.8437210649038461 0.8123090288461537 0.8426041658653846 0.8141338725961538 0.8414843750000001 0.8152121923076923 0.8402401610576924 0.8157928245192309 0.8372540504807693 0.8145486105769231 0.8365075240384615 0.8137191346153846 0.834641204326923 0.8126408173076923 0.8342679399038461 0.810898920673077 0.8331481490384616 0.8092399687499999 0.831530670673077 0.8065856490384615 0.8304108798076922 0.80459490625 0.8309085649038461 0.7998668990384614 0.834392360576923 0.7977932091346154 0.8360098389423077 0.7977932091346154 0.8393692139423077 0.7996180552884616 0.8401157403846155 0.8017746923076923 0.8423553245192308 0.8056732259615385 0.8455873846153845
0 0.80044753125 0.8250347211538462 0.801608795673077 0.8245370360576924 0.8031848004807693 0.8232928245192308 0.8045119591346155 0.8225462956730769 0.8055902788461539 0.8225462956730769 0.8070833341346154 0.8242881947115385 0.808742283653846 0.8272743052884616 0.8103182860576923 0.8317534711538461 0.8114795528846154 0.8333709495192309 0.8139679783653846 0.8342418990384615 0.8143827163461539 0.8356105312500001 0.8156269278846153 0.83610821875 0.8172029326923076 0.8346151610576923 0.8187789350961538 0.8332465288461539 0.8206867283653847 0.8316290504807693 0.8220968365384616 0.8298871538461537 0.8234239975961538 0.8293894687500001 0.825 0.8272743052884616 0.8243364206730769 0.8244126153846154 0.8227604158653846 0.8219241899038461 0.8171199855769231 0.8190625 0.8074151225961538 0.8129658557692309 0.8030189038461538 0.8135879639423076 0.7997839495192308 0.8149565961538462 0.79837384375 0.8173206009615386 0.798788579326923 0.8195601850961538 0.799037423076923 0.8215509254807691 0.80044753125 0.8250347211538462
0 0.7553684423076923 0.7799103004807691 0.7554263124999999 0.7886342596153846 0.7557716057692307 0.7902777788461539 0.758881173076923 0.7941637740384616 0.7598611105769231 0.7938194447115384 0.7623958341346154 0.79295428125 0.7634895841346154 0.7893258100961538 0.7632021610576923 0.7870804399038461 0.7624517740384615 0.7851793990384616 0.7611284711538461 0.7815509254807692 0.7614737644230769 0.7793055552884615 0.7613001538461539 0.7755034711538461 0.7615316346153846 0.7710098389423077 0.76228009375 0.7691956009615384 0.7675790889423078 0.7678993052884615 0.7679822524038461 0.7671209495192308 0.7680401225961538 0.7609866899038462 0.7569810961538461 0.7601244206730768 0.7553105721153847 0.7595196754807693 0.7535821754807692 0.7587413197115385 0.7507021610576923 0.7595196754807693 0.7490895072115384 0.7596064807692307 0.7478800144230769 0.7608159711538461 0.7482831778846154 0.7627170144230769 0.7478221442307693 0.7650491899038462 0.7483410504807692 0.7688512740384615 0.7500192908653845 0.7708333341346154 0.7527391971153846 0.774797454326923 0.7553684423076923 0.7799103004807691
0 0.7614023918269232 0.7815133100961538 0.7629224543269231 0.78545428125 0.7640277788461538 0.7868026610576924 0.7659645072115384 0.7902228004807692 0.7677604158653846 0.7941637740384616 0.7686593365384616 0.7963396995192308 0.7708024687499999 0.7962384254807693 0.7768846442307692 0.7998668990384614 0.7775077163461539 0.8018344903846154 0.7786824855769231 0.8019386562499999 0.7823456778846154 0.8011111105769231 0.7832445985576922 0.7991406249999999 0.7858699855769231 0.7978964110576924 0.787943673076923 0.79686053125 0.7887037043269232 0.7945775456730769 0.7884973004807693 0.7905353004807693 0.7878742283653846 0.786594329326923 0.7849035504807692 0.7807899302884616 0.7797183653846154 0.77467303125 0.7738445216346155 0.769279514423077 0.7696276995192307 0.7687615745192308 0.7678993052884615 0.7680353004807692 0.7629918990384615 0.769592014423077 0.7618171298076923 0.7711458341346155 0.76154128125 0.7731163197115385 0.7617476850961539 0.778923610576923 0.7614023918269232 0.7815133100961538
0 0.7068788581730769 0.8351388894230769 0.7060493822115385 0.838125 0.7067129639423076 0.84421875 0.7087037043269231 0.8467071754807692 0.7117727620192308 0.8465827548076923 0.7155883485576923 0.8450896995192309 0.7171643509615385 0.8454629639423078 0.7200675144230769 0.8458362259615384 0.7245466826923077 0.8432262740384615 0.7272010024038462 0.8424797451923076 0.7309317139423077 0.8398668990384616 0.7324247692307692 0.8389959495192307 0.7310146610576923 0.8352633100961538 0.7280304783653846 0.8307841442307692 0.7252102620192308 0.8274247692307692 0.722141204326923 0.8259317139423078 0.7173302475961538 0.82443865625 0.7135976081730769 0.8243142355769231 0.7087866514423078 0.8292910889423077 0.7068788581730769 0.8351388894230769
0 0.6921817139423077 0.8083506947115384 0.6947685192307692 0.8102922451923077 0.7002430552884615 0.807155670673077 0.7039255408653846 0.8096932860576923 0.7073109567307692 0.8123813653846154 0.7151736105769231 0.8102922451923077 0.7188560961538462 0.8105902788461539 0.7198514663461538 0.80850115625 0.7215432091346153 0.806857639423077 0.7236342596153846 0.805813079326923 0.7351793990384615 0.7952141201923077 0.7431423605769231 0.7961082187499999 0.74752121875 0.7965567139423076 0.7525983798076923 0.7971527788461539 0.7573746153846154 0.79640625 0.7554841826923078 0.7919270841346153 0.7550868052884615 0.7892418990384615 0.7549864975961539 0.7801331009615384 0.7535937500000001 0.7766984951923077 0.7525983798076923 0.7750578701923078 0.7494116514423077 0.7705787043269231 0.74712384375 0.7684895841346153 0.7415489975961538 0.7637094903846153 0.7388618822115384 0.7611718749999999 0.7362750769230769 0.76146990625 0.73298996875 0.7598292812499999 0.7259220673076924 0.758185764423077 0.7215432091346153 0.7601273149038461 0.7157696754807692 0.7605758100961538 0.7138792427884616 0.7613223389423076 0.7054185961538462 0.7650549759615385 0.7000443677884616 0.7646064807692308 0.6973572524038462 0.7658015048076923 0.6942708341346153 0.7707262740384616 0.6910860336538461 0.7792390048076924 0.6902893509615384 0.784016204326923 0.6875038581730769 0.7922280096153845 0.6853144278846154 0.8005873846153846 0.6875038581730769 0.8026765048076924 0.6892939807692307 0.8037239591346155 0.6921817139423077 0.8083506947115384
0 0.7323919759615385 0.7594299759615384 0.7361246153846154 0.7607986105769231 0.7400231490384616 0.7579369206730769 0.7457465288461538 0.7556973389423077 0.750806326923077 0.75420428125 0.7484008485576923 0.7509693293269231 0.7494791658653847 0.7462413197115385 0.7506404326923076 0.7438773149038462 0.750806326923077 0.7416377307692308 0.7453317908653846 0.7381568293269231 0.7406867283653846 0.7335532403846153 0.7365393509615384 0.7304427091346154 0.7328896610576923 0.7268344903846155 0.7301523918269232 0.7253414350961538 0.7274980721153846 0.731686920673077 0.7260050144230769 0.7349218750000001 0.7221064807692308 0.7403964110576923 0.7190393509615384 0.7453703701923077 0.7154726081730769 0.75420428125 0.7137307091346153 0.7605497692307692 0.7206153557692307 0.7599276610576923 0.7255073293269232 0.7579369206730769 0.7323919759615385 0.7594299759615384
0 0.6874826394230769 0.762158564903846 0.6899710649038462 0.7609635408653846 0.6926581778846154 0.7590219903846154 0.6950482259615385 0.756484375 0.6985320216346154 0.7552893509615385 0.7004224543269231 0.7539467596153846 0.7088831009615385 0.7563339110576923 0.7125655865384615 0.7570804399038462 0.714357639423077 0.7570804399038462 0.7154513894230768 0.753498264423077 0.7171431322115385 0.7491695600961539 0.7206269278846154 0.7418518509615384 0.7241107259615384 0.7372251153846154 0.72580246875 0.73438946875 0.7194328701923076 0.7290133100961539 0.7163483798076923 0.7264756947115385 0.7098784711538462 0.7227430552884615 0.7072897379807692 0.7236400456730769 0.7050019278846154 0.72767071875 0.7024131947115385 0.7299103004807692 0.69763503125 0.7308043990384616 0.6940528557692307 0.7324479158653846 0.693057485576923 0.7342390048076923 0.6910667427884616 0.7379716442307692 0.6849942139423076 0.7387181706730769 0.6839004639423076 0.7406597211538462 0.6829050937500001 0.7466319447115384 0.6827064038461538 0.7529021995192308 0.6832040889423077 0.7555873846153845 0.6847955240384616 0.7581278942307693 0.6874826394230769 0.762158564903846
0 0.6927179783653846 0.73212384375 0.6964216826923076 0.7297945600961538 0.7017959110576922 0.7289004639423078 0.7038271610576923 0.7278240745192307 0.70502121875 0.7262123846153846 0.7060956778846154 0.7238831009615385 0.7052604158653846 0.7224508100961539 0.7017959110576922 0.7194039350961539 0.6977353389423077 0.7179716442307692 0.6935551706730769 0.7181510408653846 0.686984954326923 0.7188657403846155 0.6861496923076923 0.7226302091346154 0.6857908942307692 0.7375 0.689375 0.7375 0.6916435192307693 0.7351707187500001 0.6927179783653846 0.73212384375
0 0.7039814807692307 0.7207118052884615 0.7066087956730769 0.7228616899038461 0.7098341057692308 0.7217881947115384 0.7143730721153846 0.723938079326923 0.7164043221153846 0.7253703701923077 0.717119985576923 0.7228616899038461 0.7161651225961538 0.7203530096153846 0.7153279326923077 0.7178472211538461 0.7147318677884615 0.7133680552884616 0.7100733028846153 0.7062008100961539 0.7091184423076923 0.7026186346153847 0.7081616514423076 0.6979600697115385 0.7049382716346154 0.6902546298076923 0.7045794759615384 0.6873900456730768 0.7030266201923077 0.6832667812500001 0.7015933653846154 0.6807609951923077 0.6996817139423077 0.6789670144230769 0.6995621153846153 0.6771759254807692 0.7006365745192308 0.6719820600961538 0.7002797067307692 0.67126446875 0.6987268509615384 0.6671440961538462 0.6959799375 0.6606944447115384 0.6937094903846154 0.6571122692307692 0.6891705240384615 0.6563946754807692 0.6847511562499999 0.6533478004807692 0.6800945216346155 0.6524537043269232 0.6780632716346153 0.6535271995192308 0.6771084110576923 0.6556770841346153 0.6745987644230769 0.661232639423077 0.6718518509615384 0.6658883100961539 0.673285108173077 0.6777141201923077 0.6744810961538461 0.6834461802884615 0.6751967596153846 0.6841637740384615 0.6773476081730769 0.6834461802884615 0.67830246875 0.6884635408653845 0.6784220673076924 0.69509259375 0.6816473774038462 0.7067390048076923 0.6832002307692308 0.7115740745192307 0.6865432091346153 0.7178472211538461 0.6971739975961538 0.7176678245192308 0.7007561730769231 0.7183825240384615 0.7039814807692307 0.7207118052884615
0 0.6400173605769232 0.6789959495192307 0.6412615745192307 0.6778761562500001 0.6421739975961539 0.6771296298076923 0.6436670528846153 0.6763831009615384 0.6439158942307692 0.6696643509615385 0.6440817908653845 0.6623234951923076 0.6431693677884615 0.6575954855769232 0.6411786274038461 0.6573466442307693 0.6396026225961537 0.6568489591346154 0.6380266201923077 0.6569733798076923 0.63056134375 0.6605815961538462 0.6287364975961538 0.661452545673077 0.6275752307692308 0.66493634375 0.6264969134615386 0.6675491899038462 0.626579860576923 0.6720283557692308 0.627162423076923 0.6793692139423076 0.6324691346153847 0.6804890048076923 0.6352064038461538 0.6801157403846154 0.6400173605769232 0.6789959495192307
0 0.6215933653846153 0.6536342596153847 0.6230266201923077 0.6606221057692309 0.62625 0.6634895841346153 0.62756365625 0.6636689807692308 0.6285204471153846 0.6609809038461538 0.6338946754807692 0.6584722211538462 0.6361631947115385 0.6572193293269231 0.6381944447115384 0.6554282403846153 0.6389120360576922 0.65453125 0.6403452932692308 0.652560764423077 0.6396276995192308 0.6482609951923077 0.6395081009615384 0.643064235576923 0.6393885024038461 0.6366145841346154 0.6385532403846154 0.6357204855769231 0.6380748461538462 0.6323148149038461 0.6378356490384616 0.62998553125 0.6362827932692308 0.6280150456730769 0.6349691346153846 0.6260445600961538 0.6356867283653845 0.6231770841346154 0.6353279326923077 0.6212065961538461 0.6334162812499999 0.6176244206730769 0.6309085649038462 0.6151157403846154 0.6274459879807692 0.6118923605769231 0.6256539350961539 0.6095630793269231 0.6237422836538461 0.6079484951923078 0.6213541658653846 0.6081278942307692 0.6178896610576923 0.6097424759615385 0.6152623461538462 0.6077690961538461 0.6135898918269231 0.6084866899038461 0.6114409711538461 0.6088454855769231 0.6088117283653847 0.6140422451923077 0.6060648149038461 0.6151157403846154 0.6064236105769231 0.6192361105769231 0.6060648149038461 0.62765625 0.6028414350961538 0.6373321754807691 0.6015258485576923 0.6389438653846155 0.6010493822115385 0.6419907403846155 0.605109954326923 0.6448553245192308 0.6101273149038462 0.6523813653846153 0.6147839495192308 0.6511284711538461 0.6195621153846154 0.6520225697115385 0.6215933653846153 0.6536342596153847
0 0.8103105721153846 0.7458564807692307 0.8151215288461539 0.7479716442307692 0.817858795673077 0.7525752307692308 0.8186882716346153 0.7512065961538461 0.821672454326923 0.751579860576923 0.8234973004807693 0.7528240745192308 0.8281423605769231 0.7510821754807692 0.8291377307692307 0.7497135408653846 0.8300501538461538 0.7463541658653846 0.8329533173076923 0.7442390048076923 0.8366859567307692 0.7419994206730769 0.8392573293269231 0.7397598389423077 0.8395061730769231 0.7345341442307693 0.8405844903846155 0.7283130793269231 0.8400868052884616 0.7261979158653846 0.8392573293269231 0.7235850697115385 0.8381790120192308 0.7227141201923076 0.834861110576923 0.7219675937500001 0.83162615625 0.7235850697115385 0.8304648918269231 0.7230873846153846 0.8220042427884615 0.7289351850961538 0.8162827932692308 0.7296817139423077 0.8113059423076923 0.73204571875 0.8007716057692308 0.7359027788461538 0.8043383485576924 0.7407552091346153 0.8072415120192308 0.7439901610576923 0.8103105721153846 0.7458564807692307
0 0.9272029326923078 0.8552777788461537 0.9244540889423077 0.8499045144230769 0.9221855721153845 0.8454253461538461 0.9183641971153846 0.8425578701923077 0.9154976850961538 0.8423784711538461 0.9132330240384616 0.8421296298076922 0.9167824062500001 0.8515914350961539 0.9244020072115385 0.8600405096153847 0.9280381947115385 0.8602951394230769 0.9272029326923078 0.8552777788461537
0 0.9423668990384615 0.8893605312499999 0.9477411274038462 0.8866724543269231 0.9499305552884615 0.884733795673077 0.951722608173077 0.8838368052884615 0.9520216057692308 0.88264178125 0.9511265432692307 0.8774160889423077 0.9474421298076923 0.8732378461538463 0.9376890432692307 0.8698032403846153 0.9320158173076922 0.872638889423077 0.930422454326923 0.875625 0.9309201394230769 0.8808506947115385 0.9340065576923077 0.885329860576923 0.9382851081730769 0.8883159711538462 0.9423668990384615 0.8893605312499999
0 0.7618499230769231 0.8651504639423078 0.7672241514423077 0.8658680552884616 0.7736747692307693 0.8642534711538462 0.7769000769230769 0.8624623846153846 0.7782137355769231 0.86103009375 0.7790489975961539 0.8551186346153846 0.7780941346153847 0.8513541658653847 0.7777353389423076 0.8461603004807692 0.7731963725961539 0.8409635408653846 0.7674633485576923 0.8382754639423078 0.7612538581730769 0.8398900456730769 0.7562364975961539 0.8418605312499999 0.7573109567307692 0.8509953701923076 0.7583873461538461 0.8544010408653846 0.7599382716346154 0.8619241899038462 0.7618499230769231 0.8651504639423078
0 0.8113464495192309 0.8920052091346153 0.82078125 0.8882436346153846 0.8250810192307692 0.8896759254807692 0.8315316346153847 0.8925434038461538 0.8338001538461538 0.8932609951923076 0.8363078701923077 0.8902141201923077 0.8379803245192308 0.88842303125 0.8392939807692308 0.8819733798076924 0.836786264423077 0.8755237259615385 0.8323668990384616 0.8719415504807693 0.8272318677884616 0.8653125 0.8248418221153847 0.8642361105769231 0.82209490625 0.86298321875 0.8173186730769231 0.8585040504807692 0.81053240625 0.85506365625 0.8068074855769231 0.8561747692307692 0.8035821754807693 0.8576070600961538 0.8011940576923077 0.8576070600961538 0.7955806322115385 0.85993634375 0.7947434423076923 0.8610127307692307 0.7924749230769231 0.8681770841346155 0.7910416658653846 0.8724768509615385 0.7897280096153847 0.8751649302884614 0.79080246875 0.8816145841346154 0.7940277788461538 0.8846614591346154 0.7973707572115385 0.8877054399038461 0.8008352620192307 0.8925434038461538 0.8072839495192308 0.8945138894230769 0.8085995360576923 0.8937991899038462 0.8113464495192309 0.8920052091346153
0 0.7314178245192308 0.8262557860576922 0.7381057091346155 0.8248206009615384 0.7396585649038462 0.8232089110576923 0.7449131947115385 0.8232089110576923 0.751005014423077 0.8223148149038462 0.7530362644230769 0.8233883100961539 0.7559027788461539 0.8241059038461539 0.7581712956730768 0.8241059038461539 0.7597241514423078 0.8219560192307692 0.7612770072115385 0.8207002307692307 0.7623514663461539 0.8185503461538463 0.7613966057692308 0.8172974543269231 0.7569772379807692 0.8133564807692307 0.7548263894230769 0.8119212956730769 0.7484973004807693 0.8067274302884615 0.74419753125 0.802248264423077 0.7420466826923077 0.799201389423077 0.7415702163461538 0.7968721057692308 0.7392997692307692 0.7963368052884616 0.7354783942307692 0.7956192139423077 0.7317746923076923 0.7986631947115386 0.7237731490384616 0.8067274302884615 0.7209066346153846 0.8085185192307692 0.7199517740384616 0.8126388894230769 0.7194733798076923 0.81693865625 0.7205478389423077 0.8217766201923078 0.7222202932692308 0.8251793990384615 0.7254456009615384 0.8271498846153846 0.7278337187499999 0.8294791658653846 0.7310590288461539 0.8344965288461539 0.7305806322115385 0.830734954326923 0.7311786274038461 0.8273292812499999 0.7314178245192308 0.8262557860576922
0 0.7510455240384615 0.7157696754807692 0.7558217596153847 0.7183072908653846 0.7579128076923076 0.7163686346153846 0.760898920673077 0.7120370360576923 0.76428240625 0.7066637740384615 0.7664718365384615 0.7065133100961538 0.7730420528846154 0.7045717596153847 0.775430170673077 0.7053182860576922 0.7789139663461538 0.7093518509615385 0.7794116514423077 0.7087528942307693 0.7812037043269231 0.7056192139423078 0.7822974543269231 0.7005410889423077 0.7817997692307692 0.6853125 0.7823977620192307 0.6794907403846153 0.7831944447115385 0.6781481490384615 0.7830941346153846 0.6768026610576924 0.7802083341346153 0.6754600697115385 0.76368634375 0.676953125 0.7616956009615384 0.6757581009615384 0.759704860576923 0.6760561346153846 0.7533333341346153 0.6791927091346154 0.750148533653846 0.6790422451923077 0.7443769278846154 0.6818807860576922 0.7403954471153846 0.686359954326923 0.7370100312500001 0.6888975697115385 0.7351195985576923 0.6909866899038462 0.7356172836538462 0.694719329326923 0.7368113437499999 0.7066637740384615 0.7407928245192308 0.7172627307692309 0.7454706778846153 0.7186082187499999 0.7477604158653846 0.7150231490384615 0.7510455240384615 0.7157696754807692
0 0.7801851850961538 0.6748148149038461 0.7830883485576923 0.6756857644230769 0.78408371875 0.6784230312499999 0.7825906634615385 0.6816579855769231 0.7830883485576923 0.6837731490384615 0.7844984567307692 0.6826533557692307 0.7859915120192308 0.6789207187499999 0.7871527788461539 0.6748148149038461 0.7867380408653847 0.6724508100961538 0.7849131947115384 0.6677228004807693 0.7855767740384615 0.6615017355769232 0.7867380408653847 0.6539120360576922 0.7835860336538462 0.6535387740384616 0.7748765432692307 0.6514265048076923 0.7612731490384615 0.6501822908653847 0.7607754639423077 0.6514265048076923 0.7601118822115385 0.6582667812499999 0.7607754639423077 0.6607552091346154 0.7612731490384615 0.6638657403846153 0.7611072524038461 0.66859375 0.7616049375 0.67506365625 0.7633468365384615 0.6764322908653846 0.7670794759615384 0.6760590288461539 0.7801851850961538 0.6748148149038461
0 0.7085609567307691 0.6440364591346154 0.7109394278846154 0.6427228004807692 0.7146604927884616 0.640190971153846 0.7159915120192307 0.6411458341346153 0.719598764423077 0.6455439807692307 0.7236689807692307 0.6550347211538461 0.7252141201923077 0.6551157403846154 0.7265914350961539 0.6554918990384616 0.7273418221153847 0.6530497692307692 0.7288445216346153 0.650798610576923 0.7304726081730769 0.650234375 0.7309722211538462 0.6485445600961538 0.7312229927884615 0.6444126153846154 0.7307214495192308 0.6417824062499999 0.72959490625 0.6385908557692308 0.72896990625 0.6353964110576923 0.7305979927884615 0.6325810192307693 0.7294695216346153 0.6291984951923077 0.7272164350961539 0.621686920673077 0.7249633485576923 0.6160532403846154 0.7219579471153845 0.6100434038461539 0.7199556322115386 0.6083535889423077 0.7170756177884615 0.6081655096153846 0.7131944447115385 0.6074131947115384 0.7101890432692308 0.6107957187499999 0.7051813269230769 0.6151157403846154 0.7034278557692308 0.6196209495192307 0.7015509254807692 0.6267592596153846 0.6972935961538462 0.6340827548076924 0.6966666658653846 0.6391521995192307 0.6970428245192307 0.6453501153846154 0.6975443677884615 0.6517361105769232 0.6980439807692308 0.6530497692307692 0.7013001538461539 0.6560561346153846 0.7038040120192307 0.6521122692307693 0.7056809423076923 0.6489207187499999 0.7085609567307691 0.6440364591346154
0 0.1700983798076923 0.6531221057692308 0.17364583413461537 0.6576620360576922 0.17771605048076924 0.66313946875 0.18001157451923078 0.6661140048076923 0.18063657451923076 0.6643923605769231 0.18032407451923077 0.6601649302884615 0.18053240625000003 0.65453125 0.18042824038461538 0.6474884254807692 0.1798013125 0.6421672451923077 0.18021990625 0.6370023149038461 0.1774016201923077 0.6346556706730768 0.17489776201923077 0.6310561346153847 0.16957754567307692 0.6260474543269231 0.16300347115384614 0.6204137740384615 0.15737075721153845 0.6202575240384616 0.15382330288461538 0.6254224543269231 0.1512133485576923 0.6318373846153846 0.15215277884615383 0.6380989591346153 0.15497106490384616 0.6468634254807692 0.15684799278846157 0.6481163197115385 0.16331790144230768 0.6518721057692307 0.1700983798076923 0.6531221057692308
0 0.20357060096153848 0.6350925937499999 0.21014274759615384 0.6371296298076923 0.21932484615384615 0.6408854158653846 0.22047260817307693 0.6386921298076923 0.2240200625 0.6286776610576923 0.2252719903846154 0.625859375 0.2244367283653846 0.6233564807692308 0.22068094230769233 0.6199131947115385 0.2088908173076923 0.6130266201923077 0.20649112740384615 0.6091145841346154 0.1986670528846154 0.605202545673077 0.19626736057692307 0.6069241899038461 0.1956404326923077 0.6103674759615385 0.19449267067307693 0.6185040504807693 0.19657986057692306 0.625234375 0.19804012259615386 0.6286776610576923 0.1995003846153846 0.6303993052884616 0.20357060096153848 0.6350925937499999
0 0.2331192139423077 0.6124016201923077 0.2346412043269231 0.614357639423077 0.23739390384615386 0.6138136562500001 0.2395679014423077 0.6146817139423078 0.2421045528846154 0.6171817139423077 0.24594521634615385 0.6176157403846154 0.24703125 0.6034895841346154 0.24768325721153847 0.5977285889423076 0.24732060096153846 0.59446759375 0.24463927403846153 0.5901215288461539 0.24007523076923076 0.5860995360576923 0.23601851923076925 0.584250579326923 0.23225115624999998 0.5889236105769231 0.23195987740384616 0.591640625 0.22782986057692306 0.5970746538461539 0.22688850240384614 0.6005526610576923 0.22812114182692306 0.6028356490384615 0.22942515384615386 0.608923610576923 0.2331192139423077 0.6124016201923077
0 0.24557098798076923 0.5788396995192308 0.2499170528846154 0.5787094903846154 0.25348186778846155 0.5772771995192307 0.2545254639423077 0.5787094903846154 0.25765625000000003 0.5781886562499999 0.26861111057692305 0.5749276610576923 0.26991512259615386 0.5761024302884615 0.2722627307692308 0.5749276610576923 0.27295910576923077 0.5738859951923077 0.2722627307692308 0.5695804399038461 0.2717418990384615 0.5654079855769231 0.26521990624999997 0.5566695600961539 0.2592206778846154 0.5578443293269231 0.25435185096153845 0.5581047451923077 0.25043981490384615 0.5592766201923077 0.2466145841346154 0.56306134375 0.24470100240384612 0.56345196875 0.23826774759615385 0.5711458341346154 0.23939814903846154 0.5762326394230769 0.24043981490384617 0.5781886562499999 0.24557098798076923 0.5788396995192308
0 0.21344135817307694 0.5761776610576923 0.20788194471153845 0.5784317139423076 0.20439814903846154 0.5829571754807692 0.2043788581730769 0.5896990745192308 0.20596064903846154 0.591203704326923 0.2096855721153846 0.5910532403846154 0.21250000000000002 0.5927662043269231 0.2194521610576923 0.58384259375 0.22155478365384618 0.580234375 0.21854938221153847 0.5777575240384615 0.21344135817307694 0.5761776610576923
0 0.5927121923076923 0.8239554399038462 0.5994618052884616 0.829406829326923 0.61478009375 0.8270688653846154 0.6246450625000001 0.8270688653846154 0.6269810961538462 0.8290162043269231 0.6303568677884616 0.8262905096153846 0.6355497692307692 0.8270688653846154 0.6394444447115385 0.8305758100961539 0.6433371923076923 0.8266811346153846 0.6490489975961539 0.8290162043269231 0.6511265432692308 0.8239554399038462 0.6565779326923077 0.8107146995192308 0.6568383485576923 0.8037037043269231 0.6578761562500001 0.7928009254807692 0.6594348004807693 0.7861805552884615 0.657098764423077 0.7721585649038462 0.6545023149038461 0.763203125 0.650088735576923 0.7589178245192307 0.6368479927884615 0.7542447908653845 0.6220486105769231 0.751519096153846 0.6152989975961538 0.7561921298076922 0.6049131947115385 0.763203125 0.5955671298076923 0.7764438653846154 0.5870003846153846 0.79318865625 0.5841435192307692 0.8107146995192308 0.5846624230769231 0.8185011562500001 0.5877797067307692 0.8208391201923076 0.5927121923076923 0.8239554399038462
0 0.9105304783653847 0.6486313653846154 0.9120968365384615 0.6473784711538462 0.9134529326923077 0.6484751153846153 0.9201292427884616 0.6492563653846154 0.9228433653846154 0.6511342596153846 0.9234683653846154 0.6483188653846154 0.9283719134615385 0.645344329326923 0.9316068677884615 0.6472222211538461 0.9336940576923076 0.6434664350961538 0.9365104158653845 0.6411197908653846 0.9379726081730768 0.6347019687500001 0.9394328701923077 0.6309461802884615 0.9381809423076923 0.6246875000000001 0.93640625 0.6237471057692308 0.9320254639423078 0.62484375 0.9267033173076923 0.6243721057692307 0.9220081009615384 0.6226504639423076 0.9160609567307693 0.6281307860576923 0.9093827163461538 0.6323553245192308 0.9068788581730769 0.6318865745192308 0.9004108798076923 0.6361111105769232 0.9004108798076923 0.6439351850961538 0.9031230721153847 0.6470659711538461 0.9077141201923078 0.6478501153846155 0.9105304783653847 0.6486313653846154
0 0.8593942908653845 0.67943865625 0.8561265432692308 0.6824421298076923 0.85600115625 0.6867621538461539 0.8582677475961538 0.6912702548076923 0.8615104158653846 0.6935243052884614 0.8707754639423076 0.6908940961538461 0.8760455240384615 0.6869502307692308 0.8769097211538461 0.6850723389423077 0.882669752403846 0.6816927091346153 0.8851851850961538 0.6803761562499999 0.8915586418269231 0.6758709495192308 0.8929359567307693 0.6717390048076923 0.8928105721153846 0.6659172451923077 0.8900559423076922 0.6621585649038462 0.8895679014423077 0.6597193293269231 0.8873013125 0.6533333341346155 0.8805401225961538 0.6514554399038462 0.8761593365384616 0.6480729158653846 0.871913579326923 0.6488252307692307 0.8681577932692307 0.64938946875 0.8628877307692308 0.6527690961538462 0.8591319447115384 0.6544589110576923 0.8527449855769231 0.6685445600961538 0.8552623461538461 0.6713628461538461 0.8576408173076923 0.6711747692307692 0.8593942908653845 0.67943865625
0 0.9523283173076924 0.7472771995192308 0.9565335649038461 0.7578703701923076 0.9578858028846154 0.7646296298076922 0.959839891826923 0.7648553245192308 0.9726099543269231 0.7493055552884615 0.9771180552884615 0.7468258100961538 0.9858314038461539 0.74795428125 0.98868634375 0.7499826394230769 0.9942457572115385 0.75967303125 0.9960493822115384 0.7531365745192308 0.9978510793269231 0.7463744206730769 0.9951466057692309 0.7384866899038461 0.9918422067307693 0.7366840288461538 0.9891396610576924 0.7337673605769232 0.9876350312500001 0.7312789350961538 0.9859818677884615 0.7287962956730769 0.9795216057692309 0.7134722211538461 0.973661264423077 0.71076678125 0.9673514663461538 0.7076128461538461 0.9586381177884615 0.7024276610576923 0.9494733798076923 0.6952170144230769 0.9428626538461539 0.6940914350961538 0.9348996923076923 0.6992737259615385 0.9248321754807692 0.7085127307692307 0.9206269278846153 0.7105410889423076 0.9281385024038461 0.7179803245192308 0.9452662043269231 0.7348813653846153 0.9523283173076924 0.7472771995192308
0 0.8767689038461538 0.7195572908653846 0.8773707572115386 0.7150491899038461 0.8781211418269231 0.7071614591346154 0.8793248461538461 0.69904803125 0.8733140432692307 0.6927372692307692 0.8680555552884616 0.6925115745192307 0.8612943677884615 0.6985966442307692 0.8504764663461538 0.715500579326923 0.85017746875 0.7200086802884615 0.8524305552884616 0.7220370360576923 0.8543827163461538 0.7220370360576923 0.8665528557692308 0.7157262740384615 0.8767689038461538 0.7195572908653846
0 0.8409818677884615 0.58048321875 0.8406809423076923 0.58904803125 0.8429340288461538 0.5946817139423077 0.8468402788461538 0.59220196875 0.851047454326923 0.590625 0.8548032403846153 0.5908506947115385 0.8555555552884615 0.596484375 0.8579591057692307 0.5973871538461538 0.8642689038461538 0.5987384254807693 0.8744868822115385 0.5867939807692307 0.8783931322115385 0.58048321875 0.87779128125 0.5732725697115385 0.8785416658653846 0.5635821754807693 0.8735841057692307 0.5532146995192307 0.8681751538461538 0.5502835649038461 0.8569077932692307 0.5462268509615384 0.8427835649038461 0.5469039350961539 0.83872878125 0.549609375 0.8349710649038461 0.5599739591346153 0.8288117283653846 0.56876446875 0.8277604158653846 0.5739467596153847 0.8295621153846154 0.5768778942307692 0.8366242283653846 0.5768778942307692 0.8409818677884615 0.58048321875
0 0.7835435961538462 0.49067418990384615 0.786097608173077 0.4947309038461538 0.7903047836538462 0.4985619206730769 0.7927083341346154 0.5035214110576923 0.7943614975961538 0.5021672451923077 0.7991685961538462 0.4963078701923077 0.8068306322115385 0.48842013942307694 0.8089351850961539 0.48391493028846155 0.8092341826923076 0.4758015048076923 0.8039756947115385 0.4640827548076923 0.7952623461538462 0.45326388942307694 0.7882002307692308 0.4523640048076923 0.7823418221153846 0.4537152788461538 0.7790354927884615 0.45889756971153844 0.7746797836538462 0.46881365625 0.7713734567307693 0.4733217596153846 0.7716743822115385 0.47647569471153844 0.7742283942307692 0.4821122692307692 0.7787345673076923 0.4854918990384615 0.7835435961538462 0.49067418990384615
0 0.6152083341346154 0.3540653942307692 0.6174498461538461 0.3619155096153846 0.6170775456730768 0.39331886538461536 0.6196932860576924 0.40397569471153844 0.6211882716346153 0.4196759254807692 0.6174498461538461 0.44603298557692306 0.6275443677884615 0.4566869206730769 0.6585744591346153 0.4617361105769231 0.6705381947115385 0.47239004567307696 0.68287615625 0.47799768509615387 0.6873611105769231 0.4712673605769231 0.6959606490384616 0.45220196874999996 0.7056809423076923 0.44603298557692306 0.7172704471153846 0.4387442139423077 0.7251215288461539 0.4409866899038462 0.7311033942307692 0.43313368028846155 0.7378317908653845 0.42921006971153847 0.7505439807692308 0.4213599543269231 0.7535339495192308 0.41631076442307696 0.7527854927884616 0.3989265048076923 0.7520389663461539 0.3837876153846154 0.7475520841346154 0.3764959495192307 0.7393267740384615 0.3686458341346154 0.7217554014423077 0.3462123846153846 0.6974556322115385 0.319296875 0.65259259375 0.26434027884615385 0.6391338725961538 0.26434027884615385 0.6290393509615384 0.27275173557692306 0.6230574855769231 0.28284432932692305 0.6215625 0.2963049759615385 0.6204282403846153 0.31021412019230765 0.6152083341346154 0.3540653942307692
0 0.8315644278846155 0.8438946754807692 0.8393518509615384 0.8489554399038461 0.8437654326923076 0.8540190961538462 0.8489583341346154 0.8536284711538461 0.8523341057692307 0.8586921298076924 0.8593441346153846 0.8610271995192308 0.8681712956730769 0.8688165504807692 0.8746604927884616 0.8727112259615384 0.8902391971153846 0.8727112259615384 0.8959490745192308 0.8672598389423077 0.9001041658653846 0.86024884375 0.9003626538461538 0.8544068293269231 0.8980266201923077 0.8431134254807693 0.8956905865384616 0.8111805552884616 0.8928337187500001 0.7901504639423076 0.8889409711538462 0.78859375 0.880891204326923 0.78392071875 0.87595871875 0.7796383100961539 0.8642766201923078 0.778469329326923 0.8549305552884616 0.778078704326923 0.8481790120192307 0.7858680552884615 0.8380536274038461 0.79287615625 0.8318229158653847 0.8006655096153845 0.8307851081730769 0.8049508100961538 0.8287075625 0.8318200240384616 0.8315644278846155 0.8438946754807692
0 0.8185821754807693 0.80923321875 0.8294868822115385 0.8119589110576922 0.8300057860576923 0.8018344903846154 0.8336400456730769 0.7952141201923077 0.8351986875 0.783142360576923 0.8349382716346153 0.7730179399038462 0.8235146610576923 0.7656163197115385 0.8157272379807693 0.7586082187500001 0.8081983028846154 0.7621122692307692 0.7996296298076923 0.7667853004807692 0.7975540120192307 0.7687326394230769 0.7957368822115385 0.7811950240384615 0.7972935961538461 0.7905410889423077 0.8019675937499999 0.7979398149038462 0.8087172067307692 0.8049508100961538 0.8185821754807693 0.80923321875
0 0.7681905865384615 0.7604195600961539 0.7684066346153846 0.7675578701923077 0.7738155865384615 0.7688570600961538 0.7850655865384616 0.7789178245192308 0.7902584879807691 0.7844328701923077 0.7939351850961539 0.785407985576923 0.7948013125 0.7779427091346154 0.7969656634615384 0.7662586802884616 0.8086477620192307 0.7600925937499999 0.8097299375 0.75587384375 0.8095138894230769 0.7480873846153846 0.7999942139423077 0.73607928125 0.7943692139423076 0.7289380793269231 0.7852816346153847 0.7250462956730769 0.7766280865384616 0.7250462956730769 0.7692727620192308 0.7247193293269232 0.7565065576923077 0.73607928125 0.7534780096153846 0.7428935192307692 0.7552083341346154 0.75165509375 0.7569405865384616 0.7597685192307692 0.7681905865384615 0.7604195600961539
0 0.8475617283653847 0.7466898149038462 0.8499652788461538 0.7505208341346153 0.8552237644230769 0.7552546298076923 0.8609336418269231 0.7532262740384615 0.8673939038461539 0.7570572908653846 0.8740046298076922 0.758185764423077 0.880316358173077 0.7536776610576923 0.8821180552884615 0.7509722211538462 0.8834702932692308 0.7480439807692308 0.8846720673076922 0.7415075240384615 0.89263503125 0.725280670673077 0.89158371875 0.7250549759615385 0.8821180552884615 0.7228009254807692 0.86709490625 0.7167158557692308 0.8616859567307693 0.71896990625 0.8532716057692308 0.7234780096153847 0.8510185192307692 0.73001446875 0.8495158173076922 0.7415075240384615 0.8475617283653847 0.7466898149038462
0 0.7881114975961538 0.6750925937500001 0.7836033942307693 0.6869907403846154 0.7845042427884615 0.698078704326923 0.7882908942307693 0.7072743052884616 0.7904552475961538 0.7210677091346154 0.7936998461538463 0.7197135408653845 0.7983873461538462 0.7229600697115385 0.8048784711538463 0.7262037043269232 0.8046971442307692 0.7213368052884616 0.8050578701923077 0.7134953701923077 0.8081230721153846 0.7013252307692308 0.8122704471153847 0.6969965288461538 0.8167766201923077 0.6940219903846153 0.8232677475961538 0.6953761562499999 0.8250713725961538 0.6994328701923076 0.8256114975961538 0.7061921298076924 0.826693673076923 0.7045688653846154 0.8304803245192307 0.6967274302884616 0.8330034711538462 0.6896961802884616 0.8331848004807691 0.6823929399038462 0.8306597211538461 0.6748206009615385 0.829577545673077 0.6656278942307693 0.8297588725961538 0.6396643509615385 0.8274151225961539 0.6372309038461539 0.8225462956730769 0.6315509254807693 0.8155150456730769 0.6237094903846153 0.8117283942307693 0.6215451394230769 0.8077623461538461 0.6212731490384615 0.8048784711538463 0.6256018509615384 0.8003703701923077 0.6301996538461538 0.7980709879807691 0.6366232644230769 0.7946161274038462 0.6454108798076923 0.7874054783653845 0.6542013894230769 0.7864872692307692 0.6607581009615384 0.7855864206730769 0.6683304399038461 0.7881114975961538 0.6750925937500001
0 0.3351485336538461 0.6953964110576922 0.3411091826923077 0.6940827548076923 0.3511053245192307 0.7138107644230769 0.3593479927884615 0.7253848389423077 0.36232831730769227 0.7285387740384616 0.3667129639423077 0.729592014423077 0.3735513125 0.7288020841346154 0.37688271634615383 0.7251215288461539 0.3824942139423077 0.7140740745192308 0.38600115625 0.7030237259615385 0.38459876442307694 0.6943460649038461 0.3874054783653846 0.68040509375 0.38968364182692306 0.6759317139423077 0.3877546298076923 0.66751446875 0.3833719134615385 0.6604137740384615 0.3735513125 0.6469965288461539 0.36092592548076924 0.630425346153846 0.35443672836538465 0.6312152788461538 0.35005401201923075 0.6299016201923078 0.3439158942307692 0.6333188653846153 0.3286593365384615 0.65146990625 0.32655478365384616 0.6551533557692307 0.32375000000000004 0.6688310192307692 0.3221701394230769 0.6764583341346154 0.3216454471153846 0.6888223389423077 0.32375000000000004 0.6906626153846154 0.32760802403846156 0.692766204326923 0.3351485336538461 0.6953964110576922
0 0.38240355048076924 0.7632349543269231 0.3853260024038461 0.76389178125 0.39102623557692306 0.7643315961538462 0.40549189903846156 0.7599479158653846 0.41426118749999996 0.7564380793269231 0.41586805528846155 0.7524942139423078 0.42083719230769234 0.7325462956730769 0.42317515384615384 0.7229021995192307 0.4221527788461538 0.7110648149038461 0.4205439807692307 0.7093113437499999 0.41192322596153846 0.7044907403846155 0.39555555528846154 0.7018576394230769 0.3875192908653846 0.7047077548076923 0.3863503076923077 0.7123813653846154 0.3847415120192308 0.7132581009615385 0.38079668269230765 0.7356163197115385 0.38065007692307695 0.741753471153846 0.3813811730769231 0.7467939807692308 0.3816724543269231 0.7527141201923077 0.38240355048076924 0.7632349543269231
0 0.1719000769230769 0.7062442139423077 0.1720466826923077 0.7110648149038461 0.17453125 0.7231221057692309 0.18183642067307693 0.7272858798076923 0.18592978365384616 0.7288194447115385 0.1856365745192308 0.726189235576923 0.18417438221153845 0.7196151610576924 0.18651427403846155 0.717421875 0.19732638942307693 0.7244357644230769 0.19937307211538463 0.726189235576923 0.2030266201923077 0.7292592596153846 0.20740933653846155 0.7325462956730769 0.210625 0.7296961802884615 0.21164737740384615 0.7257523149038462 0.21296296394230768 0.7229021995192307 0.21544753125 0.7189554399038461 0.21895447596153844 0.7125983798076923 0.2221701394230769 0.701640625 0.22246142067307695 0.6979137740384616 0.21354745432692307 0.6898032403846154 0.20624035576923075 0.6847627307692308 0.1875366514423077 0.6759924759615384 0.1835898918269231 0.6766521995192308 0.17920717548076923 0.6819126153846155 0.17686921394230767 0.6891464110576924 0.17613811778846153 0.6946267355769231 0.17657600240384616 0.6992274302884615 0.1719000769230769 0.7062442139423077
0 0.14126736057692307 0.6813657403846154 0.14278935096153847 0.6825839110576923 0.1432966826923077 0.6877604158653846 0.14887731490384615 0.69110821875 0.15202353365384616 0.69110821875 0.15831597115384616 0.6871498846153846 0.16105517067307693 0.6810619206730769 0.16146219230769232 0.678168403846154 0.16511574038461538 0.6784751153846155 0.16907214423076924 0.6743634254807692 0.17678626442307693 0.6667534711538461 0.17719135817307693 0.663405670673077 0.16978394951923076 0.6553356490384614 0.15537230048076925 0.6489438653846153 0.14583333413461538 0.65092303125 0.14309413461538462 0.6547280096153846 0.13913580288461538 0.666449653846154 0.1383236875 0.6711660889423077 0.13862847115384616 0.67634259375 0.14126736057692307 0.6813657403846154
0 0.03674189903846154 0.6625665504807692 0.03684413461538461 0.6648495360576923 0.043641975961538466 0.6662210649038461 0.04658564903846153 0.6678935192307692 0.04810763942307693 0.6637847211538461 0.0496296298076923 0.66165509375 0.05440007692307692 0.6628703701923077 0.05592206730769231 0.6610445600961538 0.06079282451923077 0.6570862259615384 0.06393904326923078 0.6580005793269231 0.0657658173076923 0.6569357644230769 0.06759259375 0.6529774302884616 0.06880980048076923 0.6490190961538461 0.06962191346153847 0.644453125 0.06992669711538461 0.6406481490384616 0.06708526201923076 0.6328848389423077 0.05977816346153846 0.62907696875 0.05571952163461539 0.630295139423077 0.05165894951923077 0.6321238437500001 0.04749807211538462 0.6368402788461538 0.03998842548076923 0.6439959495192308 0.036234567307692304 0.6528240745192307 0.036032021634615385 0.65571759375 0.03735146634615384 0.6564785889423077 0.03674189903846154 0.6625665504807692
0 0.25018325721153845 0.6346961802884615 0.24857638942307692 0.6331626153846154 0.24346064903846154 0.6346961802884615 0.24053819471153848 0.6445601850961539 0.2291396610576923 0.6754687500000001 0.2275327932692308 0.6835763894230769 0.2243171298076923 0.6930034711538462 0.22271026201923078 0.7019907403846154 0.21964120432692308 0.7153616899038462 0.22037230048076922 0.7182118052884616 0.21788773076923076 0.7204021995192308 0.22534143509615384 0.7247858798076923 0.22870177403846154 0.7234722211538462 0.23624228365384617 0.7273292812500001 0.23799575721153848 0.7204918990384616 0.24308063221153847 0.7189120360576923 0.2502700625 0.71970196875 0.2536033942307692 0.7199652788461539 0.2611439038461538 0.7207552091346153 0.2625462956730769 0.7204918990384616 0.26237075721153846 0.7104947908653846 0.2586882716346154 0.7020775456730769 0.2581616514423077 0.700763889423077 0.2728915889423077 0.6883998846153846 0.2757561730769231 0.6855497692307692 0.2669888125 0.6653848389423077 0.2627507716346154 0.6572743052884615 0.25573688221153845 0.645656829326923 0.25018325721153845 0.6346961802884615
0 0.384375 0.9603616899038462 0.3926388894230769 0.9590075240384616 0.41337191346153845 0.9594589110576923 0.42118441346153845 0.9572048605769231 0.4238888894230769 0.9540509254807692 0.4246392740384615 0.95021990625 0.4157754639423077 0.9427806706730769 0.4049575625 0.9371469903846154 0.39879822596153847 0.9396267355769231 0.3852758485576923 0.9434577548076923 0.3737075625 0.9538252307692308 0.37205439903846155 0.9583333341346154 0.37205439903846155 0.9608101850961539 0.384375 0.9603616899038462
0 1 0.9503645841346154 0.9991878846153845 0.94938946875 0.9926986875 0.9490653942307692 0.9859915120192307 0.9487413197115384 0.9762557860576924 0.9532841442307693 0.968898533653846 0.9623726850961538 0.9624614206730769 0.9780960649038462 0.9709490745192307 0.9811921298076923 0.9820968365384615 0.9811950240384615 0.9918325625000001 0.9763252307692307 0.9996219134615385 0.9766521995192308 1 0.9615046298076924 1 0.9503645841346154
0 0.7768441346153847 0.9826533557692307 0.7857137355769231 0.9936892355769231 0.7902584879807691 0.9884953701923076 0.7950173605769231 0.9784346057692308 0.7956674375 0.9719444447115385 0.7883101850961538 0.9622106490384615 0.7818209879807692 0.9579918990384615 0.7710030865384615 0.9553935192307693 0.7658101850961538 0.95571759375 0.7610513125 0.9674016201923077 0.7608333341346154 0.981032985576923 0.7649440576923077 0.9846006947115384 0.7703530096153847 0.9836284711538461 0.7768441346153847 0.9826533557692307
0 0.5413773149038461 0.687531829326923 0.5441242283653847 0.685920139423077 0.5461554783653846 0.6877112259615384 0.5485435961538461 0.6941608798076923 0.5533217596153845 0.6932638894230769 0.5526041658653846 0.690578704326923 0.5471103389423078 0.6826938653846154 0.5436458341346154 0.6778587956730769 0.5392264663461538 0.6699739591346153 0.53337384375 0.6658535889423077 0.5288368052884616 0.6662123846153847 0.5220273918269231 0.6703327548076923 0.5215509254807692 0.6753501153846154 0.5205941346153846 0.6866377307692308 0.5205941346153846 0.6973871538461538 0.5303877307692308 0.6930873846153845 0.53337384375 0.6916521995192307 0.5413773149038461 0.687531829326923
0 0.41770254567307696 0.6791087956730769 0.4187808653846154 0.6798553245192308 0.42035686778846154 0.6810995360576922 0.41977623557692306 0.6844589110576924 0.42043981490384613 0.6852054399038461 0.42143518509615385 0.6848321754807691 0.42350887259615383 0.6833391201923077 0.42508487740384615 0.6812239591346153 0.4260802475961538 0.6796064807692308 0.42649498557692306 0.6767447908653845 0.4272415120192308 0.6715190961538462 0.4282368822115385 0.6681597211538463 0.42732445913461536 0.6608188653846153 0.4274903557692307 0.65857928125 0.4283198293269231 0.65521990625 0.42997878125 0.6531047451923077 0.4305594134615385 0.6518605312500001 0.42997878125 0.6491232644230769 0.4291493052884615 0.6440219903846154 0.4271585649038461 0.6404137740384616 0.42326003125 0.6381741899038461 0.41836612740384616 0.6394184038461539 0.4099884254807692 0.6466348389423077 0.40799768509615386 0.6488744206730769 0.41065200721153844 0.6703993052884616 0.4101543221153846 0.6722656250000001 0.4089930552884615 0.675998264423077 0.40667052403846154 0.6838368052884616 0.40891010817307694 0.6833391201923077 0.4099054783653846 0.6810995360576922 0.41770254567307696 0.6791087956730769
0 0.42331597115384617 0.716765045673077 0.42366126442307694 0.7171817139423078 0.4263560961538462 0.7172858798076922 0.4282233798076923 0.7192534711538462 0.43015817788461536 0.7195659711538462 0.43396026201923077 0.71873553125 0.43520447596153844 0.7174913197115385 0.43727816346153847 0.7148987259615385 0.4369328701923077 0.7130353004807692 0.4354108798076923 0.708576389423077 0.4336844134615384 0.7041174759615385 0.43250771634615387 0.7010069447115386 0.4298823293269231 0.6962384254807692 0.4280844903846154 0.6950983798076924 0.42697916586538465 0.6921932860576923 0.42573495432692304 0.689704860576923 0.42151813221153844 0.6872164350961539 0.4195138894230769 0.6853501153846153 0.41999807211538465 0.6813078701923078 0.4174401995192308 0.6802719903846154 0.4111496923076923 0.6812037043269231 0.40520640384615386 0.6868026610576923 0.4028568677884615 0.6896035889423077 0.40555169711538464 0.6966521995192309 0.4099054783653846 0.702560764423077 0.4119791658653846 0.7038049759615385 0.4168865745192308 0.7062934038461539 0.42151813221153844 0.7086805552884615 0.42276234615384617 0.7106481490384616 0.42331597115384617 0.716765045673077
0 0.45187499999999997 0.7175347211538461 0.4540875769230769 0.7145254639423076 0.4574749230769231 0.7116232644230769 0.46030864182692305 0.7091348389423077 0.4625887355769231 0.7068547451923077 0.4623128846153846 0.70478009375 0.46003279326923074 0.7006336802884616 0.4503549375 0.68881365625 0.4455864206730769 0.6836313653846153 0.44295910576923075 0.6813483798076923 0.4390895072115385 0.6810387740384616 0.43570216105769227 0.682074653846154 0.4358391201923077 0.68860821875 0.4352874230769231 0.6910937500000001 0.43570216105769227 0.6945167812499999 0.4347337956730769 0.6960706009615384 0.4334201394230769 0.7006336802884616 0.4342496153846154 0.70478009375 0.43791280769230767 0.7106915504807693 0.4413695985576923 0.7142158557692307 0.44579282451923075 0.7188802091346154 0.4481442908653846 0.718984375 0.45083912019230765 0.7183622692307693 0.45187499999999997 0.7175347211538461
0 0.46500771634615384 0.7555410889423076 0.46691936778846155 0.7526736105769231 0.46930748557692303 0.7478356490384616 0.47277199038461537 0.7503443293269231 0.4731288581730769 0.7481944447115385 0.4725327932692308 0.7442534711538461 0.4720543990384615 0.7358333341346154 0.4731288581730769 0.7344010408653846 0.4750405096153846 0.7329658557692308 0.4807735336538462 0.73225115625 0.48614776201923077 0.7347598389423078 0.4920003846153846 0.7299218749999999 0.49450810096153847 0.7292042812499999 0.5017939807692308 0.7306365745192308 0.5108719134615385 0.7324305552884615 0.51146990625 0.7311747692307692 0.5124247692307692 0.727233795673077 0.5107523149038461 0.7240075240384616 0.5096778557692307 0.7207841442307692 0.5080054014423078 0.7184548605769231 0.5070505408653846 0.7159461802884616 0.49785300961538465 0.7129021995192308 0.4862673605769231 0.7087818293269231 0.4719348004807692 0.7043026610576923 0.46823302403846156 0.7044791658653846 0.4657233798076923 0.7060937500000001 0.4561689807692308 0.7134375000000001 0.45127121875 0.7189930552884616 0.44159722115384614 0.7215017355769231 0.4383719134615385 0.7283101850961539 0.4386111105769231 0.7306365745192308 0.43896990625 0.7369097211538461 0.44159722115384614 0.7444328701923077 0.44518132692307694 0.7481944447115385 0.4463753846153846 0.7516001153846154 0.44876350240384616 0.75375 0.45103394951923076 0.7557204855769231 0.4567669759615385 0.7557204855769231 0.45939429086538464 0.7541087956730769 0.4625 0.7557204855769231 0.46500771634615384 0.7555410889423076
0 0.5262847211538462 0.7831828701923077 0.527660108173077 0.7782812499999999 0.5266280865384615 0.7710561346153846 0.5257677475961539 0.7622858798076924 0.5252526995192308 0.7581568293269231 0.523703704326923 0.7527401610576923 0.521984954326923 0.7452575240384616 0.5173398918269231 0.7364872692307693 0.5154494591346154 0.734939235576923 0.5083969903846154 0.7336487259615385 0.5030651995192308 0.7321006947115385 0.4941223004807692 0.7297800937500001 0.4910262355769231 0.7318431706730769 0.48586612740384616 0.7359722211538462 0.4815663581730769 0.7336487259615385 0.4765779326923077 0.7326157403846154 0.4729668221153846 0.734939235576923 0.47313850240384614 0.7442274302884615 0.4743422067307692 0.7501591442307693 0.47331018509615386 0.7568692139423077 0.47571759375 0.7617708341346153 0.47709490625 0.7666724543269231 0.48122299278846153 0.7777662043269231 0.4825983798076923 0.7844733798076924 0.4779552475961539 0.7976302091346154 0.48689814903846157 0.8017592596153846 0.49429398076923076 0.8004687500000001 0.49842206730769234 0.7994357644230768 0.52009259375 0.79092303125 0.52318865625 0.7875694447115384 0.5262847211538462 0.7831828701923077
0 0.49593942788461537 0.6142679399038461 0.49656249999999996 0.6121932860576923 0.4955941346153846 0.6085648149038462 0.4940046298076923 0.6053530096153846 0.49186149759615383 0.6020341442307692 0.48785300961538464 0.5963310192307693 0.4844656634615384 0.5965393509615384 0.4827372692307692 0.5986140048076923 0.48080246875 0.6039004639423077 0.4782445985576923 0.608046875 0.4789371153846154 0.6150983798076923 0.47976658894230767 0.6173784711538463 0.48018132692307697 0.6192447908653846 0.48232253125 0.6225636562500001 0.48398148076923075 0.6221469903846154 0.4877835649038461 0.6253616899038461 0.49096257692307693 0.6223553245192307 0.4920698293269231 0.6201793990384614 0.49593942788461537 0.6142679399038461
0 0.5226620360576922 0.5579600697115384 0.5254263125 0.55609375 0.5283989206730769 0.5546412043269231 0.530472608173077 0.5515306706730769 0.5301948293269231 0.5501822908653846 0.5292978389423078 0.5465538197115385 0.5279841826923077 0.5411631947115384 0.5270158173076923 0.5371209495192308 0.5247357259615385 0.5363946754807692 0.5211400456730769 0.5404369206730769 0.5159567908653846 0.5429253461538461 0.5137442139423076 0.5448958341346154 0.5109104927884616 0.5485243052884615 0.5094598774038461 0.5524652788461538 0.5102893509615385 0.5543315961538462 0.511878858173077 0.5563020841346155 0.5161651225961539 0.5573379639423077 0.5206577932692308 0.5581684038461538 0.5226620360576922 0.5579600697115384
0 0.5723533942307693 0.57899884375 0.5776292427884615 0.5763107644230769 0.5792206778846154 0.5760127307692308 0.5805150456730769 0.5773553245192308 0.5808140432692308 0.5751157403846153 0.5817091057692307 0.5727256947115384 0.58399884375 0.5703385408653846 0.5875829471153846 0.5694415504807693 0.5884780096153845 0.5683969903846153 0.5906674375000001 0.5630237259615385 0.5913638125 0.5607841442307693 0.5949479158653846 0.5573495360576923 0.5958429783653846 0.5554079855769231 0.5953452932692308 0.5543634254807692 0.5936535504807693 0.5524218750000001 0.5942515432692308 0.5495862259615385 0.5935532403846154 0.5476446754807692 0.5917631177884616 0.5458535889423077 0.5836014663461538 0.5430150456730769 0.5820081009615385 0.5424189807692308 0.579818673076923 0.5430150456730769 0.5793209879807693 0.5440625 0.5777276225961538 0.5466001153846154 0.5757368822115384 0.5452546298076923 0.5734490745192308 0.5418229158653847 0.5732503846153846 0.5364467596153847 0.5676755408653846 0.5262962956730769 0.5636940576923076 0.5191290504807692 0.5626003076923077 0.5194270841346154 0.5605092596153847 0.5224131947115385 0.5587172067307692 0.5283854158653847 0.55603009375 0.5348061346153846 0.5528452932692308 0.5439120360576923 0.5513522379807692 0.5479427091346154 0.5485648149038462 0.5592910889423077 0.5495601850961539 0.5637702548076923 0.5538406634615385 0.5689959495192307 0.5542380408653846 0.5733246538461538 0.5580208341346153 0.5807899302884615 0.5619020072115385 0.5833275456730769 0.5697665889423077 0.5839236105769231 0.5715567139423077 0.5815364591346154 0.5723533942307693 0.57899884375
0 0.5918827163461539 0.6199797451923076 0.5970428245192307 0.6228182860576923 0.6011689807692308 0.6235908557692308 0.6039216826923077 0.6217853004807693 0.6052970673076923 0.6181741899038461 0.6052970673076923 0.6145601850961538 0.6066743822115385 0.6109490745192308 0.6071894278846154 0.6047569447115385 0.6078780865384615 0.6003732644230769 0.6085648149038462 0.5887615745192307 0.6095968365384615 0.581796875 0.6063290889423076 0.5732841442307692 0.5973861874999999 0.5709606490384616 0.5934297836538461 0.570703125 0.5868942908653846 0.5699305552884616 0.5837982259615384 0.5712181706730769 0.5817341826923077 0.5735416658653846 0.58087384375 0.5781857644230769 0.5776060961538462 0.5771527788461538 0.5733063269230769 0.58024884375 0.5691782403846154 0.5872135408653846 0.5681481490384616 0.59134259375 0.5684915120192308 0.59701678125 0.5653954471153846 0.5988252307692308 0.5653954471153846 0.6065625 0.5678028557692307 0.6122395841346153 0.5715875769230769 0.6143026610576923 0.5776060961538462 0.6179166658653846 0.5812191346153847 0.6181741899038461 0.5853472211538462 0.6197222211538461 0.5874112644230769 0.6199797451923076 0.5918827163461539 0.6199797451923076
0 0.15129050961538462 0.7193229158653847 0.15268325721153847 0.7205179399038462 0.1561670528846154 0.7215625 0.15805748557692306 0.7254456009615384 0.15955054086538462 0.726640625 0.16343364182692308 0.726640625 0.16512538461538462 0.7254456009615384 0.16751350240384613 0.7241001153846154 0.16930555528846153 0.7251475697115384 0.17169367307692307 0.7267881947115384 0.17368441346153848 0.7258940961538461 0.17388310096153844 0.7238020841346154 0.17358603365384614 0.7203703701923078 0.17259066346153845 0.7166377307692307 0.1720929783653846 0.7136516201923077 0.1710976081730769 0.7070804399038462 0.17189429086538463 0.7042447908653846 0.17348572596153847 0.702453704326923 0.1729880408653846 0.69946759375 0.17189429086538463 0.6975260408653846 0.17010223798076923 0.6948379639423077 0.1688078701923077 0.69334490625 0.1670158173076923 0.6918518509615385 0.16462769951923079 0.6940914350961538 0.1623379639423077 0.6948379639423077 0.1598495360576923 0.69334490625 0.15537037019230768 0.6928993052884616 0.1521855721153846 0.6948379639423077 0.1497974543269231 0.6940914350961538 0.14780671394230768 0.6928993052884616 0.14690972115384615 0.6918518509615385 0.14511959855769233 0.6897627307692308 0.1428298605769231 0.6900607644230768 0.14054012259615384 0.6908072908653846 0.13626157451923077 0.7021556706730769 0.13476851923076924 0.7040943293269231 0.13207947596153846 0.7088715288461539 0.1316820985576923 0.7118576394230769 0.13198109615384615 0.7164872692307692 0.13695794711538462 0.7163368052884616 0.14422260817307692 0.7185763894230769 0.14750771634615384 0.7163368052884616 0.1497974543269231 0.71350115625 0.15158950721153847 0.7166377307692307 0.15129050961538462 0.7193229158653847
0 0.6417766201923077 0.615202545673077 0.6441203701923077 0.6208825240384616 0.6527739206730769 0.6211516201923076 0.6572820216346155 0.6227748846153845 0.6715239206730769 0.6179079855769231 0.6772935961538462 0.6162847211538461 0.6805381947115384 0.611686920673077 0.6816203701923077 0.6073611105769231 0.6888329471153847 0.6024913197115385 0.6881114975961539 0.597624420673077 0.6845061730769231 0.5905931706730769 0.6790972211538461 0.5803153942307693 0.6727854927884616 0.5767997692307693 0.6668364206730769 0.5751793990384615 0.6626890432692308 0.57490740625 0.656921295673077 0.5786950240384615 0.6518730721153846 0.5824797451923077 0.6423167427884615 0.5895109951923077 0.64033371875 0.5946498846153846 0.6390721442307693 0.597624420673077 0.6397935961538461 0.6106047451923077 0.6417766201923077 0.615202545673077
0 0.38797646634615385 0.66686053125 0.3888908173076923 0.6727951394230769 0.39497878124999997 0.6766030096153847 0.40188078605769234 0.6802546298076924 0.4070563269230769 0.6743171298076922 0.40999807211538464 0.6712731490384616 0.4068518509615385 0.6437210649038462 0.4052295528846154 0.6269762740384616 0.39690779326923076 0.6221064807692307 0.39203703605769236 0.6190625 0.38716628124999997 0.6225636562500001 0.38412037019230766 0.6242390048076923 0.3825983798076923 0.6271296298076923 0.3820910504807692 0.6394589110576923 0.38239583413461536 0.6583362259615384 0.38797646634615385 0.66686053125
0 0.5266724543269231 0.6128240745192307 0.5298398918269231 0.6175723389423078 0.53361496875 0.6239670144230769 0.5390952932692308 0.6292650456730768 0.543234954326923 0.6318200240384615 0.5494463725961538 0.6409548605769231 0.5552912812499999 0.6416840288461538 0.5565084879807692 0.636935764423077 0.557482639423077 0.6345601850961539 0.5585783173076924 0.6296296298076923 0.5527334110576922 0.5978443293269231 0.5510281634615384 0.5947395841346154 0.5495679014423077 0.590720485576923 0.5450617283653846 0.5841464110576923 0.538242670673077 0.578483795673077 0.5356848004807693 0.577751735576923 0.5325192908653846 0.5810416658653846 0.5298398918269231 0.58779803125 0.5267959110576923 0.598029514423077 0.5282561730769231 0.603874420673077 0.5275250769230769 0.6089872692307693 0.5266724543269231 0.6128240745192307
0 0.06744019951923076 0.6722945600961538 0.06950424278846154 0.6712847211538461 0.07065586538461538 0.6702777788461538 0.07387345673076923 0.6692708341346154 0.07435185096153846 0.66970196875 0.07584105048076922 0.6708535889423076 0.07704089423076922 0.6708535889423076 0.08145640384615384 0.664733795673077 0.08255980048076922 0.6625723389423077 0.08409722115384616 0.6595486105769232 0.08284915144230769 0.6580381947115386 0.08140817788461539 0.6575347211538461 0.0791049375 0.656814235576923 0.07747299278846155 0.6583246538461538 0.07689621875 0.657390045673077 0.07617669711538462 0.6563831009615384 0.07224151201923076 0.656814235576923 0.07089699038461539 0.6569589110576923 0.07022376442307693 0.6574623846153845 0.06801697596153847 0.6580381947115386 0.0668171298076923 0.6575347211538461 0.06350501442307692 0.6604861105769231 0.06192129567307692 0.6631510408653847 0.06153742307692308 0.6653819447115384 0.06360146634615385 0.6684056706730769 0.06561728365384616 0.6694849543269231 0.0668171298076923 0.6700607644230769 0.06744019951923076 0.6722945600961538
0 0.7928877307692308 0.5675723389423077 0.7930690576923076 0.5732783557692308 0.7943981490384615 0.5809751153846153 0.7965104158653846 0.5787123846153845 0.8001331009615384 0.5751793990384615 0.8014023918269231 0.5735503461538461 0.80279128125 0.5742737259615385 0.8102777788461538 0.5766290504807693 0.8122106490384616 0.5753616899038462 0.8128742283653847 0.575 0.8168595673076923 0.5750896995192307 0.8223533942307693 0.575 0.8274864975961538 0.57490740625 0.8276678245192308 0.572734375 0.8282716057692308 0.56875 0.8288753846153847 0.5673003461538462 0.8280902788461538 0.5666666658653846 0.8264602620192308 0.5666666658653846 0.82615740625 0.5631336802884616 0.8257947524038461 0.5617766201923077 0.8209047067307692 0.558967014423077 0.8183680552884615 0.5565219903846154 0.80955246875 0.5524479158653846 0.8094328701923076 0.5488252307692307 0.8058699855769231 0.5471932860576924 0.8030922067307693 0.5474652788461538 0.8017650456730769 0.5471035889423077 0.7998919759615385 0.5477372692307692 0.7975366514423077 0.5509085649038462 0.7930690576923076 0.555798610576923 0.7919830240384615 0.5583333341346154 0.7918614975961538 0.5637673605769231 0.7928877307692308 0.5675723389423077
0 0.02920331730769231 0.719875579326923 0.03418017067307692 0.7176359951923076 0.03587191346153846 0.7167418990384615 0.03885802403846154 0.7149508100961538 0.03915702163461539 0.7122627307692307 0.03836033894230769 0.7091261562500001 0.03567322596153846 0.7070370360576923 0.03228780769230769 0.7047974543269231 0.02920331730769231 0.7062905096153845 0.02860532451923077 0.7080815961538461 0.02432677403846154 0.7150983798076923 0.027013889423076923 0.7173379639423078 0.027609954326923078 0.7194270841346154 0.02920331730769231 0.719875579326923
0 0.23627700721153846 0.6521412043269231 0.23731288461538463 0.6526591442307693 0.23794174278846156 0.6507581009615385 0.2386901995192308 0.647734375 0.2393807860576923 0.6455758100961538 0.23875385817307693 0.6419444447115384 0.2381712956730769 0.6375405096153847 0.23690972115384618 0.6337384254807692 0.23472222115384614 0.6231973389423077 0.23374228365384614 0.6176678245192307 0.23252700721153846 0.6174942139423076 0.22855902884615384 0.6193084495192308 0.22850115625 0.6208651610576923 0.2283796298076923 0.6225057860576922 0.2274633485576923 0.6256163197115385 0.22562114182692308 0.6272569447115385 0.22538966105769231 0.62829571875 0.22516010817307694 0.6339959495192308 0.22665123557692307 0.63875 0.22752121875 0.6423784711538462 0.2297685192307692 0.6485995360576923 0.23074652884615385 0.6491174759615385 0.23206597115384617 0.6523148149038461 0.2344849543269231 0.6522280096153845 0.23523341105769233 0.65196759375 0.23627700721153846 0.6521412043269231
0 0.44005594230769235 0.6025491899038461 0.4415509254807692 0.6070341442307693 0.4445428245192308 0.6115190961538461 0.4479070216346154 0.61264178125 0.44902777884615386 0.61376446875 0.4508969903846154 0.6109606490384615 0.45239390384615386 0.6070341442307693 0.4538888894230769 0.6025491899038461 0.45201967548076927 0.5991840288461538 0.45015046394230773 0.5946961802884615 0.4505246923076923 0.5902112259615385 0.45201967548076927 0.5857233798076923 0.45276620432692305 0.5834809038461539 0.4546373461538461 0.5767505793269231 0.4538888894230769 0.5739467596153847 0.4423032403846153 0.5672164350961538 0.43482253125000003 0.57170428125 0.43070987740384614 0.5778732644230768 0.4254764663461538 0.5862847211538461 0.4239795528846154 0.5918923605769231 0.4228587956730769 0.59806134375 0.4254764663461538 0.5991840288461538 0.4381867283653846 0.6003038197115385 0.44005594230769235 0.6025491899038461
0 0.5348514663461539 0.6662760408653846 0.5388888894230769 0.660891204326923 0.5393364206730769 0.6460879639423076 0.5415798605769231 0.6454137740384615 0.55638503125 0.6433940961538462 0.5474131947115385 0.640031829326923 0.5388888894230769 0.6326273149038462 0.5317110336538462 0.6238802091346154 0.5115219903846154 0.6272453701923077 0.510625 0.640703125 0.5092785504807693 0.6534895841346154 0.5195968365384616 0.6521440961538462 0.528121141826923 0.6642563653846154 0.5348514663461539 0.6662760408653846
0 0.6832118052884616 0.5443373846153846 0.6818653557692307 0.5423206009615384 0.6773804014423077 0.5355902788461538 0.6737905096153847 0.5308796298076923 0.6755844903846153 0.5207841442307692 0.6697530865384616 0.5093460649038462 0.6594348004807693 0.5154021995192308 0.6553973774038462 0.5342447908653847 0.6598823293269231 0.5450115745192308 0.6634722211538461 0.5557783557692308 0.6773804014423077 0.5672193293269231 0.6854552475961538 0.5503935192307693 0.6832118052884616 0.5443373846153846
0 0.18125771634615384 0.6784982644230768 0.18312307211538462 0.6764236105769231 0.18768518509615387 0.6754918990384616 0.1882388125 0.6745572908653846 0.18782407451923078 0.67217303125 0.18540509375 0.667404514423077 0.18243248557692307 0.6675086802884616 0.17731674278846155 0.6698929399038461 0.1722029326923077 0.6737297451923077 0.17109567788461538 0.6749739591346154 0.17061342548076922 0.67735821875 0.17303240625 0.6798466442307693 0.1753125 0.6832667812500001 0.17780092548076926 0.6843055552884615 0.17876929086538462 0.6818171298076923 0.1791145841346154 0.6814004639423078 0.18125771634615384 0.6784982644230768
0 0.3415335649038462 0.6147974543269231 0.34187885817307695 0.6129311346153846 0.34478202163461535 0.6096122692307693 0.3455420528846154 0.6090943293269231 0.3465779326923077 0.6021469903846154 0.3454726081730769 0.6012152788461539 0.34229359615384614 0.6008015048076923 0.33814621875 0.5996585649038462 0.3354494591346154 0.6013194447115384 0.33475887259615383 0.6024594903846153 0.33593364182692304 0.6085763894230769 0.33780092548076923 0.6150057860576923 0.3398051706730769 0.6162500000000001 0.34104938221153847 0.6162500000000001 0.3415335649038462 0.6147974543269231
0 0.10935763942307693 0.6966753461538461 0.11045138942307692 0.6945862259615385 0.11085069471153847 0.690703125 0.11025269951923077 0.6872685192307693 0.1079629639423077 0.6824913197115384 0.10865933653846153 0.6753240745192308 0.10388310096153847 0.6741319447115385 0.09900462980769231 0.6763715288461539 0.09691550961538462 0.6808506947115384 0.09552276201923077 0.6869704855769231 0.09522376442307692 0.69040509375 0.09711419711538462 0.6932407403846154 0.0987075625 0.6956307860576924 0.10268904326923077 0.6963773149038462 0.10646990625 0.69771990625 0.10856095673076924 0.6983188653846154 0.10935763942307693 0.6966753461538461
0 0.14013695913461538 0.6905208341346154 0.14110725240384617 0.6898148149038461 0.14330439903846154 0.6892245360576923 0.14318865625000002 0.6882725697115385 0.1425559423076923 0.6834346057692307 0.14163387259615384 0.682311920673077 0.14054012259615384 0.6808420144230769 0.13927276201923078 0.6786834495192308 0.13754436778846155 0.6795457187499999 0.13575810096153845 0.6808420144230769 0.13408950721153848 0.6832609951923078 0.12717592548076923 0.6830902788461538 0.12608217548076922 0.6870630793269231 0.12544367307692308 0.6919849543269231 0.1279263125 0.6964814807692308 0.12959490625 0.7001967596153846 0.13045910576923078 0.7020978004807692 0.1332253076923077 0.705813079326923 0.13587384375 0.7020109951923076 0.13754436778846155 0.6976909711538462 0.14013695913461538 0.6905208341346154
0 0.26289737740384617 0.632751735576923 0.26380787019230767 0.632248264423077 0.2648167427884615 0.6277835649038461 0.2661612644230769 0.6239670144230769 0.2658719134615385 0.6159027788461539 0.26601658894230773 0.611296295673077 0.2648167427884615 0.6088483798076922 0.26260802403846156 0.6080555552884616 0.26212769951923076 0.6068315961538462 0.2609278557692308 0.606328125 0.2594405865384615 0.6083420144230769 0.2569926706730769 0.6083420144230769 0.25540894951923077 0.61107928125 0.2550733028846154 0.6135271995192307 0.2524807091346154 0.6168402788461538 0.24710455288461539 0.6218778942307692 0.24667245432692309 0.62267071875 0.2472492283653846 0.6244704855769231 0.24820794711538463 0.6277112259615384 0.24907214423076923 0.632248264423077 0.25075231490384614 0.6344791658653846 0.25271990624999996 0.6357031249999999 0.25502507692307697 0.63404803125 0.2576157403846154 0.6326070600961539 0.26289737740384617 0.632751735576923
0 0.28592978365384614 0.6293778942307693 0.28808642067307694 0.6290046298076923 0.2908236875 0.6290046298076923 0.29024305528846156 0.6266406250000001 0.2904918990384615 0.6236545144230768 0.29140432211538464 0.6181799759615385 0.29530285576923077 0.6127054399038461 0.29663001442307696 0.6093489591346154 0.29928433653846154 0.6017592596153846 0.3011091826923077 0.60063946875 0.3030169759615385 0.6026302091346154 0.30542245432692305 0.604123264423077 0.30849151201923075 0.6084780096153847 0.30849151201923075 0.6053674759615385 0.3096508485576923 0.603874420673077 0.3108950625 0.60399884375 0.3122222211538462 0.6020081009615385 0.314378858173077 0.5966579855769231 0.3130516971153846 0.5952893509615385 0.3117245360576923 0.59392071875 0.3108950625 0.5919299759615385 0.3117245360576923 0.5901880793269231 0.3103144278846154 0.5888194447115385 0.30815972115384616 0.5868287043269231 0.3052565576923077 0.5873263894230769 0.2984548605769231 0.5924276610576923 0.29480517067307693 0.5931741899038461 0.29231674278846154 0.5950405096153847 0.28775462980769234 0.597155670673077 0.2818653557692308 0.5980266201923077 0.2800405096153846 0.5998929399038462 0.27746913461538464 0.6015104158653846 0.2759760793269231 0.6027546298076923 0.2748148149038462 0.6062384254807692 0.2764737644230769 0.6099710649038461 0.2782156634615385 0.6119618052884616 0.27912808653846155 0.61631365625 0.27912808653846155 0.6190509254807692 0.2797916658653846 0.6220370360576923 0.2809529326923077 0.6240277788461538 0.28062114182692305 0.6268894687500001 0.28111882692307694 0.6309953701923077 0.2818653557692308 0.6337326394230769 0.28551504567307695 0.6360966442307692 0.28510030769230765 0.6322395841346153 0.28551504567307695 0.62975115625 0.28592978365384614 0.6293778942307693
0 0.757617670673077 0.5652777788461538 0.761182485576923 0.5652777788461538 0.7650077163461538 0.5655381947115384 0.7680516971153846 0.5639728004807693 0.7708333341346154 0.56306134375 0.7749209110576923 0.5651475697115385 0.7768325625 0.56462384375 0.7777025456730768 0.56423321875 0.7770061730769231 0.5625376153846153 0.7741377307692308 0.5598003461538462 0.7710937499999999 0.5567997692307692 0.7706597211538462 0.5535387740384615 0.7690084879807693 0.5524971057692307 0.7633564807692307 0.54728009375 0.76205246875 0.5478009254807692 0.7564872692307693 0.5545833341346154 0.7513580240384615 0.5609722211538462 0.7524884254807692 0.5629311346153846 0.7552700625 0.5639728004807693 0.757617670673077 0.5652777788461538
0 0.30845871874999997 0.5633564807692307 0.3109664350961538 0.5647916658653845 0.3125192908653846 0.5640740745192308 0.3138329471153846 0.5603125 0.3158641971153846 0.5585185192307692 0.31741705288461536 0.5563686346153847 0.31789351923076925 0.5551157403846154 0.3226716826923077 0.5583391201923077 0.3221932860576923 0.557265625 0.3237461418269231 0.55188946875 0.3238657403846154 0.5486660889423077 0.3220736875 0.545798610576923 0.31705825721153846 0.543469329326923 0.31168402884615387 0.5429340288461538 0.30403935096153845 0.5459780096153847 0.3015316346153846 0.547233795673077 0.2971122692307692 0.5515335649038462 0.29639467548076925 0.5540393509615384 0.2971122692307692 0.559953704326923 0.29866512259615385 0.562282985576923 0.30380015384615383 0.5610271995192307 0.30845871874999997 0.5633564807692307
0 0.05295138942307693 0.5575578701923077 0.05563850240384616 0.5547222211538462 0.05872492307692308 0.5538252307692308 0.06111304086538461 0.5553182860576923 0.06220871875 0.5536776610576923 0.06350308653846154 0.5521846057692308 0.06439814903846154 0.5511371538461538 0.0639004639423077 0.5469589110576923 0.06350308653846154 0.544421295673077 0.06509452163461539 0.5438223389423077 0.06608989182692307 0.5430758100961538 0.06549189903846155 0.5409866899038461 0.06419945913461539 0.5380005793269231 0.06290509375 0.5354629639423076 0.05961998557692308 0.5369560192307692 0.054047067307692306 0.5360590288461539 0.04717785576923077 0.5390451394230769 0.044988425480769235 0.5403877307692307 0.04508873557692307 0.5439728004807692 0.04558642067307693 0.5563628461538461 0.04827353365384616 0.5586024302884616 0.050960649038461536 0.5605439807692307 0.05295138942307693 0.5575578701923077
0 0.03009259375 0.6572656250000001 0.022212576923076925 0.6678385408653846 0.022972608173076923 0.6708478004807692 0.023940971153846153 0.6775868052884615 0.02400848798076923 0.6797627307692308 0.02615162019230769 0.6839091442307693 0.027395834134615386 0.6847395841346154 0.030644290865384616 0.6857754639423077 0.03306327163461538 0.6851533557692308 0.037488425480769236 0.6827690961538462 0.04039158894230769 0.68142071875 0.04364004567307692 0.6804890048076923 0.04453703605769231 0.6796585649038461 0.04433063221153846 0.6702256947115385 0.04343171394230769 0.6669068293269231 0.03783371875 0.6658709495192308 0.03665894951923077 0.666076389423077 0.03631172836538461 0.66493634375 0.03665894951923077 0.6576793990384615 0.03541473798076923 0.6570572908653846 0.03223379567307692 0.6568489591346154 0.03009259375 0.6572656250000001
0 0.024446372596153846 0.5888946754807692 0.025887346153846153 0.5866493052884615 0.02686535576923077 0.5845746538461538 0.027038966346153846 0.5824160889423077 0.028883100961538462 0.5793923605769231 0.029457947115384613 0.5764554399038462 0.027096836538461542 0.5722222211538461 0.024446372596153846 0.5709259254807693 0.024101079326923076 0.5712702548076923 0.02116319471153846 0.575329860576923 0.015692514423076922 0.5860445600961538 0.01690200721153846 0.5888946754807692 0.020011574519230767 0.5879456009615385 0.024446372596153846 0.5888946754807692
0 0.31992476923076923 0.6325665504807693 0.31455054086538464 0.6390162043269231 0.31239969230769227 0.6422395841346155 0.3085841057692308 0.6499421298076923 0.30619212980769234 0.6614004639423077 0.3063078701923077 0.6692939807692307 0.30618827163461537 0.6744907403846153 0.30762152884615385 0.6793258100961539 0.3104880408653846 0.6838049759615384 0.31419174278846157 0.685060764423077 0.3200443677884615 0.6845225697115385 0.32123842548076925 0.6843431706730769 0.32135802403846153 0.6768171298076923 0.3242245360576923 0.6626649302884615 0.32685185096153846 0.6533478004807692 0.33282407451923074 0.6456452548076924 0.33306327163461535 0.634357639423077 0.33079282451923075 0.6318489591346155 0.3261361875 0.6323871538461538 0.31992476923076923 0.6325665504807693
0 0.11328510817307692 0.6700173605769231 0.11750000000000001 0.666076389423077 0.12054205288461538 0.6693952548076924 0.12316936778846153 0.6698090288461539 0.12641782451923078 0.664626735576923 0.12669367307692309 0.6601678245192308 0.12669367307692309 0.6558130793269231 0.1271084110576923 0.6496961802884615 0.12607253125 0.6460677091346153 0.12337577163461538 0.6445109951923077 0.1164641201923077 0.64357928125 0.11383680528846153 0.6418171298076923 0.11314621875 0.6428530096153846 0.10761767067307693 0.6516666658653846 0.10222607932692308 0.664626735576923 0.1049209110576923 0.6665943293269231 0.11065779326923077 0.6665943293269231 0.11328510817307692 0.6700173605769231
0 0.7103723004807693 0.6010069447115385 0.7181983028846154 0.6052314807692307 0.7261265432692308 0.6086747692307692 0.7290489975961538 0.6080497692307693 0.7313445216346154 0.606328125 0.7357272379807692 0.6064843750000001 0.7385435961538461 0.605703125 0.740734954326923 0.6022598389423077 0.7408391201923077 0.59709490625 0.7401080240384614 0.5942766201923078 0.7401080240384614 0.5919299759615385 0.7412557860576924 0.5911487259615384 0.7409432860576923 0.5859837956730769 0.7363522379807693 0.5805063653846154 0.7277970673076923 0.5787847211538462 0.7209104927884616 0.578156829326923 0.7201793990384615 0.5794097211538461 0.7113117283653847 0.5765914350961538 0.7073476081730768 0.5761226850961538 0.7058854158653846 0.576906829326923 0.7049479158653846 0.5801909711538461 0.7026523918269232 0.5866087956730769 0.7017129639423078 0.5894270841346153 0.7022337956730769 0.5930266201923077 0.7039043221153847 0.596154514423077 0.7103723004807693 0.6010069447115385
0 0.73625 0.3479021995192308 0.7357079471153847 0.3541203701923077 0.7376909711538461 0.35925925961538463 0.7405767740384616 0.3589901610576923 0.7416589495192307 0.363046875 0.7430999230769231 0.3665625 0.7461651225961539 0.37088831009615386 0.7486901995192308 0.370078125 0.7508526225961538 0.36764178125 0.7530169759615385 0.37386284615384613 0.7560821754807693 0.3814351850961539 0.7605883485576924 0.39035879567307696 0.7656365745192308 0.4011776610576923 0.7701446754807691 0.40252893509615384 0.7739313269230769 0.40334201442307693 0.77609375 0.3976620360576923 0.7780767740384615 0.39144097115384613 0.7824035504807691 0.3871151610576923 0.7867322524038461 0.38440972115384614 0.7887152788461538 0.3749450240384615 0.7915991514423077 0.36764178125 0.7928607259615384 0.36196469951923077 0.79484375 0.3614236105769231 0.79484375 0.3579079855769231 0.7944849543269231 0.34952256971153844 0.7915991514423077 0.3454658557692308 0.7917804783653846 0.3411400456730769 0.793402778846154 0.33383680528846155 0.7890760024038461 0.3259953701923077 0.7861901995192307 0.32383101923076923 0.7806018509615384 0.32193865625 0.7753723004807692 0.32383101923076923 0.7701446754807691 0.32437210576923076 0.7669000769230769 0.3257233798076923 0.7623919759615384 0.32437210576923076 0.7587866514423076 0.32220775480769226 0.7533776995192307 0.32112847115384613 0.7495910504807692 0.32302083413461535 0.7443634254807693 0.3265364591346154 0.7402160504807692 0.3292418990384615 0.7375115745192308 0.33302662019230767 0.736068673076923 0.33870659615384613 0.73625 0.3479021995192308
0 0.7981172836538462 0.6348871538461538 0.8000694447115385 0.6290277788461538 0.803526235576923 0.6256452548076923 0.805628858173077 0.6236197908653847 0.8089351850961539 0.6200115745192308 0.8111882716346154 0.6211400456730769 0.815244985576923 0.622265625 0.8277141201923077 0.6364641201923077 0.8292168221153846 0.6355613437500001 0.833724923076923 0.6344357644230769 0.8371797836538462 0.6335358798076923 0.8395852620192308 0.6317303245192308 0.8416878846153846 0.6233940961538462 0.8398842596153846 0.6213657403846155 0.8373302475961538 0.6186603004807693 0.8365798605769231 0.6159548605769231 0.8364293990384616 0.6118981490384615 0.8356770841346154 0.6067158557692308 0.8356770841346154 0.6013078701923077 0.8404861105769231 0.5983767355769231 0.8421392740384616 0.5952228004807693 0.8409355721153846 0.5907146995192307 0.8400347211538463 0.587109375 0.8400347211538463 0.5810243052884615 0.837631173076923 0.5785445600961538 0.8322222211538463 0.5771932860576923 0.8268132716346154 0.575390625 0.8229070216346154 0.5756163197115385 0.8123900456730768 0.5756163197115385 0.8101369591346154 0.5771932860576923 0.806680170673077 0.5760648149038462 0.8015721442307692 0.5740364591346154 0.7945119591346154 0.58125 0.7921064807692308 0.5835040504807693 0.7907542427884615 0.5862065961538462 0.7874498461538462 0.5916174759615385 0.7848958341346154 0.6015335649038461 0.7808391201923077 0.6152806706730769 0.7814390432692307 0.6238425937500001 0.7829417427884615 0.6263223389423077 0.78459490625 0.6315075240384616 0.7839930552884616 0.6362384254807693 0.7841435192307693 0.6420978004807693 0.7853452932692307 0.6423234951923077 0.7921064807692308 0.6448032403846155 0.793910108173077 0.6450289350961539 0.794961420673077 0.6423234951923077 0.7981172836538462 0.6348871538461538
0 0.15303819471153846 0.3756597211538461 0.15628279326923078 0.3824739591346154 0.1577970673076923 0.3873408557692307 0.16039351923076922 0.39026331009615384 0.1690470673076923 0.4012962956730769 0.17315779326923078 0.4064901610576923 0.18094714423076924 0.41038194471153844 0.1820293221153846 0.40811053124999996 0.1852739206730769 0.39967303125 0.18960069471153848 0.3918836802884615 0.19436149759615384 0.3876649302884615 0.19760609615384617 0.3863686346153846 0.20539544711538463 0.3866927091346154 0.20539544711538463 0.3844212956730769 0.2030150456730769 0.37825520913461536 0.19760609615384617 0.37403645913461536 0.1902507716346154 0.3662471057692308 0.19089892067307693 0.36170428125000004 0.19198109615384615 0.35196759375000003 0.1934953701923077 0.34742476923076926 0.1963078701923077 0.34482928125 0.19522569471153844 0.33671585576923074 0.19652392067307692 0.32405960576923076 0.1932793221153846 0.31075231490384614 0.18224537019230772 0.3175694447115385 0.1645042427884615 0.32373553125 0.1577970673076923 0.3292505793269231 0.15195601923076923 0.32860243028846153 0.14979166586538462 0.3347685192307692 0.15152392067307693 0.3396354158653846 0.14611496875000002 0.35002025480769233 0.14654706730769232 0.35326678125 0.14460069471153847 0.35813368028846154 0.14438271634615385 0.36462384374999995 0.14589892067307692 0.3678703701923077 0.15044174278846154 0.36981770913461537 0.15303819471153846 0.3756597211538461
0 0.48748842548076926 0.6443026610576923 0.4915489975961539 0.6562268509615384 0.4935783173076923 0.6553385408653847 0.5014429014423076 0.6539438653846154 0.5036419759615385 0.6505179399038461 0.50609375 0.6469675937499999 0.5066859567307692 0.6424016201923077 0.5057561730769231 0.6359317139423077 0.5039795528846154 0.628828125 0.5039795528846154 0.6251475697115385 0.5018653557692307 0.62248553125 0.4986516201923077 0.6210879639423077 0.49518518509615383 0.622612846153846 0.49011188221153845 0.6270515048076923 0.48342978365384615 0.6271788197115384 0.48140046394230773 0.6340277788461539 0.4841068677884615 0.6387210649038462 0.4856288581730769 0.643796295673077 0.48748842548076926 0.6443026610576923
0 0.2630748461538462 0.7197280096153846 0.2662307091346154 0.7241464110576923 0.26959876442307695 0.7310908557692308 0.27548996875 0.7386660889423078 0.2822241514423077 0.7475057860576922 0.2841184423076923 0.7651822908653846 0.2866435192307692 0.7768605312500001 0.2906423605769231 0.7812789350961539 0.2952700625 0.7838049759615384 0.31315779326923077 0.7904340288461539 0.3222067908653846 0.7929571754807692 0.3247318677884615 0.7923263894230769 0.32830825721153845 0.7888541658653847 0.33840856490384613 0.7853819447115384 0.35650655769230766 0.7904340288461539 0.36765817788461536 0.7898003461538461 0.3722878076923077 0.7891695600961538 0.3706057091346154 0.7714930552884615 0.3666068677884615 0.7553964110576923 0.36492283894230765 0.74845196875 0.3611361875 0.7389814807692308 0.3571373461538461 0.7247771995192308 0.3516666658653846 0.7168865745192308 0.3407233798076923 0.6944762740384616 0.3350424375 0.6966869206730769 0.32683642067307694 0.693845485576923 0.3161033942307692 0.6878472211538462 0.30621334855769233 0.6827980312499999 0.29295717548076927 0.682482639423077 0.2809625769230769 0.6831134254807693 0.2729648918269231 0.6887934038461538 0.2588657403846154 0.7011053245192307 0.2613908173076923 0.70646990625 0.2630748461538462 0.7108912043269231 0.2630748461538462 0.7197280096153846
0 0.9006230721153846 0.778857060096154 0.9071141971153847 0.7956047451923076 0.9071141971153847 0.803391204326923 0.9143827163461539 0.8209172451923077 0.9255478389423076 0.8244212956730769 0.9309992283653846 0.8306539350961538 0.9393074855769231 0.8380526610576923 0.95125 0.8267592596153845 0.9639718365384616 0.8228645841346154 0.963192514423077 0.8018344903846154 0.9663078701923078 0.788984375 0.9660474543269231 0.78392071875 0.9642303245192309 0.7765219903846153 0.9579996153846154 0.7660069447115384 0.9515084879807693 0.7477025456730769 0.9444251538461538 0.7366608798076922 0.9335956778846154 0.7255063653846154 0.92087384375 0.7118749999999999 0.9187114206730769 0.708767360576923 0.9179398149038461 0.7027777788461538 0.9107484567307692 0.7017505793269231 0.9094502307692308 0.7048668990384616 0.9021817139423077 0.70720196875 0.8985455240384616 0.7126533557692307 0.8969888125000001 0.7177170144230769 0.8847858798076923 0.7449768509615384 0.88712384375 0.7597771995192308 0.8959490745192308 0.7765219903846153 0.9006230721153846 0.778857060096154
0 0.45660300961538464 0.6867013894230769 0.4604089495192308 0.68162615625 0.46801890384615386 0.6794068293269231 0.47147183653846153 0.674968170673077 0.4718248461538461 0.6734866899038461 0.4721064807692308 0.6697887740384616 0.4713310192307692 0.6678848389423078 0.47076774759615386 0.66365740625 0.4692881947115385 0.6591116899038462 0.4575192908653846 0.66904803125 0.4519521610576923 0.6733825240384615 0.45138695913461535 0.6773987259615384 0.45350115625000004 0.6810995360576922 0.45533371875 0.6839525456730768 0.45660300961538464 0.6867013894230769
0 0.42671875 0.6786168990384615 0.4288329471153846 0.6772222211538461 0.4380516971153846 0.6789959495192307 0.44921489182692304 0.67798321875 0.45014467548076925 0.6767129639423076 0.45310378125 0.6713859951923078 0.4536111105769231 0.6660590288461539 0.45310378125 0.6613657403846154 0.45318865625 0.6505815961538463 0.4508217596153846 0.6462702548076924 0.43661458413461535 0.6496932860576923 0.4313695985576923 0.6518518509615384 0.4284104927884615 0.6559085649038461 0.42781828605769234 0.6616174759615384 0.4284953701923077 0.6678327548076923 0.42781828605769234 0.6722743052884615 0.42671875 0.6786168990384615
0 0.6271894278846154 0.733249420673077 0.625962576923077 0.7466637740384615 0.6298206009615386 0.7490306706730769 0.6366589495192307 0.7511342596153846 0.6459529326923078 0.7495572908653846 0.6610339495192308 0.7482407403846154 0.6678742283653847 0.7395601850961538 0.6720814038461539 0.7345630793269231 0.6748881177884616 0.7327228004807692 0.67611496875 0.7290393509615385 0.6766415889423077 0.7229890048076922 0.6733101850961538 0.7143084495192308 0.6648919759615384 0.7040509254807692 0.6547222211538462 0.6987905096153846 0.648057485576923 0.698000579326923 0.6394656634615384 0.704577545673077 0.6291184423076923 0.7108912043269231 0.6173707572115384 0.7229890048076922 0.6171952163461539 0.7308796298076923 0.6240335649038461 0.73009259375 0.6271894278846154 0.733249420673077
0 0.51662615625 0.7316174759615385 0.5206597211538462 0.7408246538461539 0.5313560961538462 0.7466116899038462 0.5360918221153846 0.749765625 0.5539776225961538 0.74845196875 0.5548553245192308 0.7439814807692307 0.5560821754807692 0.7379311346153846 0.5581867283653846 0.7263570600961539 0.5564332572115385 0.7166232644230769 0.550295139423077 0.697421875 0.5457368822115385 0.6874276610576923 0.5439834110576923 0.6874276610576923 0.5334606490384616 0.6934780096153846 0.5257445985576923 0.69584490625 0.5148726850961538 0.7032089110576922 0.5071566346153846 0.7171498846153846 0.510138889423077 0.7203067139423076 0.5127681322115385 0.7268836802884615 0.51662615625 0.7316174759615385
0 0.5693981490384615 0.7592158557692308 0.572766204326923 0.7633188653846154 0.5885474543269231 0.7469039350961538 0.6022260793269231 0.7364901610576923 0.6138001538461538 0.7263888894230769 0.6173765432692307 0.7210214110576924 0.6228491514423078 0.715656829326923 0.6268460649038462 0.7090277788461539 0.6281095673076924 0.7036603004807692 0.6270563269230769 0.69829571875 0.6239004639423077 0.6913512740384615 0.61611496875 0.6777777788461539 0.6112750769230769 0.6698871538461538 0.6011747692307693 0.6660995360576922 0.594861110576923 0.6651533557692308 0.5931770841346153 0.6683101850961539 0.5856018509615384 0.6752546298076924 0.5786574062500001 0.6815653942307692 0.5731867283653846 0.6828298605769232 0.5675057860576923 0.687248264423077 0.56056134375 0.6998726850961539 0.559087576923077 0.7128153942307692 0.5630864206730769 0.7393287043269231 0.5693981490384615 0.7592158557692308
0 0.6996508485576923 0.6774045144230769 0.7034355721153845 0.6825434038461539 0.7054185961538462 0.6893026610576923 0.7088445216346154 0.6974160889423077 0.7097453701923077 0.7041782403846154 0.7151543221153845 0.7120196754807692 0.7174980721153846 0.7147251153846154 0.7193016971153846 0.7114785889423078 0.7216454471153846 0.70985821875 0.7256114975961538 0.7079629639423076 0.7270543990384616 0.7030960649038461 0.7283159711538462 0.6928182860576922 0.727233795673077 0.6825434038461539 0.7281365745192308 0.6760532403846155 0.727233795673077 0.6717245360576923 0.7241705240384615 0.6576620360576922 0.7216454471153846 0.6506307860576922 0.7191223004807692 0.6454918990384615 0.7147935961538461 0.640625 0.708483795673077 0.6452228004807693 0.7016338725961538 0.6568518509615384 0.7018132716346154 0.6617187499999999 0.7016338725961538 0.6695601850961539 0.6996508485576923 0.6774045144230769