0 0.21505015384615384 0.19069155048076925 0.20791666586538463 0.18995370432692307 0.2041454471153846 0.18983217548076922 0.20045717548076925 0.18983217548076922 0.19758680528846154 0.18946180528846154 0.19357060096153844 0.1884780096153846 0.19225887259615385 0.1876186346153846 0.19004436778846154 0.18823206009615384 0.18742091105769232 0.18995370432692307 0.18496142067307692 0.19302951442307695 0.18528935096153848 0.19524305528846153 0.18750192788461537 0.19856481490384617 0.19020833413461538 0.20089988461538463 0.19414351923076925 0.20188368028846154 0.20390046394230768 0.2070486105769231 0.22038001442307692 0.20864872596153847 0.2231674375 0.20151620432692308 0.21996913461538461 0.19388888942307692 0.2184934423076923 0.19192129567307692 0.21505015384615384 0.19069155048076925
0 0.33705246875 0.09945601923076922 0.33464313221153846 0.09775462980769231 0.3312442139423077 0.09690393509615383 0.3291184423076923 0.09711805528846154 0.32755980048076927 0.10030381971153846 0.3281269278846154 0.10306712980769231 0.3291184423076923 0.10795428124999999 0.33053433653846154 0.11284432932692308 0.33195216105769226 0.11730613461538461 0.3360609567307692 0.11964409615384615 0.3401678245192308 0.11858217548076923 0.34314429086538467 0.11156828605769231 0.34229359615384614 0.10583043990384616 0.33945987740384614 0.10264178125000001 0.33705246875 0.09945601923076922
0 0 0.4351967596153846 0.0037268509615384616 0.4368952548076923 0.009394290865384614 0.43349537019230766 0.013503086538461538 0.43073206009615383 0.0167611875 0.42669560096153847 0.018177084134615384 0.42010706009615384 0.015910492788461537 0.4090567139423077 0.014211033653846154 0.4069328701923077 0.010952932692307692 0.4048061346153846 0.008543596153846155 0.4037442139423077 0.005285492788461538 0.4058680552884616 0.0006095673076923077 0.40863136538461536 0 0.4109693293269231 0 0.4143692139423077 0 0.4351967596153846
0 0.9239660504807692 0.7864756947115384 0.9282156634615385 0.7908101850961539 0.9326369591346153 0.7920833341346154 0.9368865745192309 0.792595485576923 0.940287423076923 0.7885156249999999 0.940287423076923 0.7844328701923077 0.9411361874999999 0.7800983798076923 0.9421566346153847 0.773469329326923 0.9421566346153847 0.7670949062500001 0.9418171298076923 0.7612297451923078 0.939101079326923 0.75740740625 0.9368827163461538 0.7551215288461539 0.9346836418269231 0.7510416658653847 0.9312770072115384 0.74796875 0.9263464495192307 0.74720196875 0.9236265432692308 0.7464380793269231 0.9227758485576923 0.7466927091346154 0.9212461418269231 0.749499420673077 0.9215856490384616 0.7517939807692307 0.920734954326923 0.7653096057692307 0.9193749999999999 0.770920139423077 0.92243634375 0.7798437500000001 0.9239660504807692 0.7864756947115384
0 0.33830632692307694 0.4961487259615385 0.3405092596153846 0.48696759375 0.3405092596153846 0.47338252403846154 0.34026427403846154 0.4630989591346154 0.33806134375 0.4520833341346154 0.33316550961538466 0.43702835576923077 0.3302276225961539 0.42858217548076927 0.3211689807692307 0.4274797451923077 0.3172530865384615 0.4326215288461538 0.3111323293269231 0.4395978004807692 0.30231867307692306 0.4531857644230769 0.29081404326923077 0.4594270841346154 0.2920370360576923 0.46273148076923076 0.30011574038461536 0.4656712956730769 0.30427855048076924 0.47191261538461543 0.3079494591346154 0.47228009374999996 0.3106423605769231 0.47338252403846154 0.3118672836538462 0.4763194447115385 0.31431519951923076 0.5203848389423077 0.31774112740384614 0.5280960649038462 0.3241068677884615 0.5137760408653846 0.3336554783653846 0.5016579855769231 0.33830632692307694 0.4961487259615385
0 0.04804398076923077 0.11459490625 0.04501157451923077 0.1149623846153846 0.042552084134615385 0.11594618028846154 0.04124035576923077 0.11766782451923077 0.038125 0.12000578605769231 0.03664930528846154 0.12295717548076923 0.03910879567307693 0.12603009375000002 0.04058449038461538 0.12689236057692307 0.04378086538461538 0.12763020913461537 0.04755208413461538 0.12676793990384616 0.04976658894230769 0.12578414423076922 0.05411265384615385 0.12455439903846154 0.05517746875 0.11914351923076924 0.05058642067307692 0.11459490625 0.04984953605769231 0.11459490625 0.04804398076923077 0.11459490625
0 0.6477044759615385 0.057404514423076924 0.6460513124999999 0.05775752403846154 0.6452256947115385 0.05970486057692308 0.6443981490384616 0.06289351923076923 0.64321759375 0.06714409615384616 0.644045139423077 0.07157118028846153 0.6455787043269231 0.07316550961538461 0.6491203701923076 0.07298611057692307 0.6514834110576923 0.06802951442307692 0.6503028557692307 0.062008100961538457 0.6491203701923076 0.05952835576923077 0.6477044759615385 0.057404514423076924
0 1 0.05085069471153846 0.9990567139423077 0.04881076442307693 0.9951466057692309 0.04473090384615385 0.9922569447115385 0.04166956009615385 0.9837577163461538 0.03657118028846154 0.9786574062500001 0.03376446875 0.9682870360576923 0.025859375 0.9630169759615386 0.026880786057692306 0.9563869591346154 0.03146990625 0.9528163581730769 0.03708043990384616 0.9477160504807693 0.04830150480769231 0.9463560961538462 0.05799189903846154 0.94618634375 0.06793692067307693 0.9429552475961539 0.07813657451923077 0.9308854158653846 0.09675057932692308 0.9194945985576923 0.12174189903846154 0.9169444447115385 0.12633391105769232 0.9249344134615385 0.12735243028846155 0.9274845673076922 0.1265885408653846 0.9370061730769231 0.13066840384615383 0.9429552475961539 0.13755208413461537 0.9502662043269231 0.14698784615384614 0.9655671298076923 0.15157986057692308 0.9752565576923077 0.14928240625 0.9864776225961538 0.12072337980769231 1 0.09547743028846155 1 0.05085069471153846
0 0.44320601923076924 0.6810879639423076 0.4387191346153846 0.6777228004807692 0.4366782403846154 0.6780295144230769 0.43361882692307696 0.6823148149038462 0.4313734567307692 0.6856799759615384 0.4283140432692308 0.6942476850961538 0.42443865625000005 0.7003674759615385 0.42362268509615386 0.7055700240384616 0.42300925961538466 0.7110792812500001 0.4262731490384616 0.7159751153846153 0.4299459879807692 0.7181163197115384 0.43423032451923077 0.7233188653846153 0.4413773149038462 0.7303530096153845 0.44545138942307694 0.7318865745192308 0.4472858798076923 0.7288281249999999 0.44871527884615386 0.7156684038461538 0.4505497692307693 0.7018981490384615 0.4489178245192308 0.6921064807692308 0.44769482932692306 0.685986689903846 0.44320601923076924 0.6810879639423076
0 0.8052006177884615 0.22721354086538462 0.8038406634615385 0.22925347115384614 0.8021392740384615 0.23155092548076925 0.7980594134615384 0.23460937499999998 0.7948302475961538 0.23843460576923076 0.791089891826923 0.24506655048076925 0.7914293990384615 0.24812499999999998 0.7938098004807692 0.2601099543269231 0.7970389663461539 0.2639351850961539 0.8004398149038461 0.26801504567307693 0.8041801706730769 0.26725115625 0.8070698293269231 0.26521122596153845 0.8108101850961538 0.26113136538461534 0.8164197524038461 0.2483796298076923 0.8155709879807692 0.24175057932692307 0.8089409711538462 0.2287442139423077 0.8070698293269231 0.2254282403846154 0.8052006177884615 0.22721354086538462
0 0.6224170528846155 0.005888310096153846 0.6195833341346154 0.008012153846153846 0.6169849543269231 0.009962384615384614 0.6148533942307692 0.014380786057692309 0.6153317908653846 0.01846064903846154 0.6158043990384615 0.021296295673076924 0.6176929014423076 0.02412905048076923 0.6191107259615385 0.02678530048076923 0.6248958341346154 0.023596644230769234 0.6278472211538462 0.010491899038461538 0.6247781634615385 0.005179399038461539 0.6239506177884616 0.005179399038461539 0.6224170528846155 0.005888310096153846
0 0.31631365624999996 0.0931828701923077 0.31815007692307695 0.08736689903846154 0.31733410576923077 0.07941261538461539 0.31509066346153847 0.07573784615384616 0.31101080288461536 0.06961805528846153 0.3071334879807692 0.06533564903846154 0.2979533173076923 0.06043981490384616 0.2918325625 0.05523726923076923 0.28591628125 0.05799189903846154 0.2753086418269231 0.06196759375 0.26653549278846156 0.06992476923076923 0.26184413461538464 0.07818865624999999 0.2561323293269231 0.08706307932692307 0.25531635817307696 0.09165219951923077 0.25878472115384615 0.1020572908653846 0.2561323293269231 0.10909432932692308 0.25653935096153846 0.11552083413461538 0.25817129567307695 0.12225405048076922 0.2657195216346154 0.12684317067307693 0.2751041658653846 0.12041666586538462 0.29264853365384613 0.10787037019230769 0.31101080288461536 0.09868923557692308 0.3130497692307692 0.09715856490384615 0.31631365624999996 0.0931828701923077
0 0.43707175961538464 0.11947337980769232 0.43593942788461537 0.12329861057692308 0.43593942788461537 0.12563657451923077 0.43678819471153846 0.12648726923076922 0.44146412019230774 0.1277604158653846 0.4454301706730769 0.13243634375 0.4475559423076923 0.13264756971153846 0.4486882716346154 0.1266984951923077 0.44203125 0.11819733894230769 0.4399054783653846 0.11819733894230769 0.43707175961538464 0.11947337980769232
0 0.3029513894230769 0.950500579326923 0.3111111105769231 0.9284722211538461 0.3121315576923077 0.9205121538461539 0.3104996153846154 0.9162268509615384 0.30621527884615385 0.9134751153846155 0.2996875 0.9171469903846153 0.2958121153846154 0.9180642355769231 0.2921392740384615 0.9186747692307692 0.28601851923076926 0.9198987259615384 0.2815316346153846 0.9208188653846154 0.2778587956730769 0.9272453701923078 0.27744984615384616 0.9318344903846154 0.27724730048076923 0.9391782403846154 0.2782658173076923 0.9425434038461538 0.27969521634615385 0.9446875 0.28805941346153846 0.9563165504807691 0.2927507716346154 0.9615162043269231 0.29703510817307693 0.9633535889423077 0.30091242307692306 0.95509259375 0.3029513894230769 0.950500579326923
0 0.7917457572115385 0.33242476923076925 0.7889911274038461 0.3309461802884615 0.78564621875 0.32991319471153846 0.7835802475961539 0.32991319471153846 0.7804320985576924 0.3302083341346154 0.7790528557692308 0.33065104086538466 0.7769868822115384 0.33212962980769234 0.7758063269230769 0.33463831009615386 0.7757079471153846 0.33714699038461543 0.7756095673076923 0.3405410889423077 0.7769868822115384 0.3431973389423077 0.7791512355769231 0.34482060096153844 0.7822029326923077 0.34614872596153845 0.7855478389423076 0.3467390048076923 0.7896797836538462 0.34526331009615385 0.7940084879807692 0.33936053125 0.7949922836538461 0.3359664350961538 0.7937133485576923 0.33375289423076926 0.7917457572115385 0.33242476923076925
0 0.10152392067307692 0.056006944711538456 0.10037615625 0.053793403846153845 0.09890046394230768 0.051579860576923084 0.09717978365384615 0.05133391105769231 0.09562114182692308 0.05330150480769231 0.09430941346153847 0.05637442067307692 0.09430941346153847 0.06018807932692308 0.09455632692307692 0.06252314903846154 0.09611304086538461 0.06547453605769231 0.09791666586538463 0.06547453605769231 0.10021219230769231 0.06473668990384615 0.10177083413461538 0.06510706009615384 0.10455825721153846 0.06264756971153845 0.1052141201923077 0.06006365625 0.10390239182692307 0.058342014423076925 0.10152392067307692 0.056006944711538456
0 0.5172125769230769 0.70938946875 0.5159876538461539 0.7024131947115385 0.5142746923076923 0.697638889423077 0.5123167427884615 0.6935995360576922 0.5083989206730769 0.6880902788461539 0.5037480721153846 0.6847858798076923 0.49713734615384614 0.6862557860576923 0.4924864975961538 0.6906626153846154 0.48514274759615383 0.6965364591346154 0.4792669759615385 0.70204571875 0.47118827163461535 0.712326389423077 0.46971836538461537 0.7196701394230769 0.47314621874999996 0.7248119206730769 0.48489776201923074 0.7255468749999999 0.49909529326923074 0.7222424759615385 0.5064409711538461 0.7207725697115385 0.5123167427884615 0.7244444447115386 0.5177025456730769 0.721875 0.5177025456730769 0.7156307860576923 0.5172125769230769 0.70938946875
0 0.2793016971153846 0.7257233798076924 0.26547260817307694 0.7357465288461539 0.25817901201923077 0.7549479158653847 0.23967978365384615 0.8131076394230768 0.23135995432692308 0.8444820600961538 0.2307503846153846 0.8718923605769231 0.2502430552884615 0.8883420144230769 0.2947125769230769 0.9130121538461539 0.3234953701923077 0.9109664350961538 0.3533950625 0.8315393509615384 0.34463734615384617 0.7844328701923077 0.30080439903846157 0.72295428125 0.2793016971153846 0.7257233798076924
0 0.8028240745192308 0.05729745432692308 0.8002256947115385 0.058006365384615385 0.7983371923076923 0.05960069471153846 0.7970389663461539 0.06260995432692308 0.7972743052884615 0.06420428125000001 0.8021219134615385 0.06950231490384616 0.8060108028846155 0.07660011538461539 0.810025076923077 0.07624710576923077 0.8142746923076923 0.06986979086538461 0.8140393509615385 0.06668402884615385 0.811558641826923 0.061724536057692306 0.807191358173077 0.060130209134615385 0.8028240745192308 0.05729745432692308
0 0.7270814038461538 0.35872395913461536 0.720621141826923 0.35923321875 0.7148418221153846 0.3630584495192308 0.7066820985576924 0.36611689903846156 0.6988618822115384 0.3666290504807692 0.6949517740384615 0.37121817067307694 0.6961419759615384 0.37529803124999994 0.6975019278846154 0.38039930528846155 0.7003915889423078 0.3829484951923077 0.7071913581730769 0.38855902884615384 0.7111014663461539 0.39110821875 0.7184124230769231 0.39671875 0.7282716057692308 0.39875868028846156 0.7384722211538463 0.39748263942307693 0.747482639423077 0.3926388894230769 0.7493537812500001 0.3867737259615385 0.7488425937500001 0.37453414423076925 0.742382329326923 0.3635677091346154 0.7343923605769231 0.35974247596153847 0.7270814038461538 0.35872395913461536
0 0.8332716057692308 0.4587210649038462 0.8276041658653847 0.4557436346153846 0.8250540120192308 0.4542563653846154 0.8203780865384616 0.4534085649038462 0.8123032403846153 0.4525578701923077 0.8070621153846154 0.4553211802884615 0.8040856490384616 0.45744502403846155 0.8028105721153846 0.46020833413461537 0.80521990625 0.4642447908653846 0.8089023918269231 0.46892071875 0.8103202163461538 0.47614583413461536 0.8168364206730769 0.48209490625 0.830295139423077 0.48230902884615384 0.8370968365384616 0.47423321874999996 0.8363869591346155 0.46381944471153846 0.8355381947115385 0.4625462956730769 0.8332716057692308 0.4587210649038462
0 0.1647820216346154 0.9611603004807693 0.16324652884615384 0.9632870360576924 0.1617129639423077 0.9675376153846155 0.1608854158653846 0.9726736105769231 0.16017746875 0.9772771995192309 0.1594695216346154 0.981171875 0.16005980048076923 0.9845370360576923 0.16076774759615386 0.9884346057692308 0.16466435096153847 0.9886111105769231 0.16914930528846156 0.986484375 0.1755246923076923 0.9836516201923077 0.17635223798076924 0.9797569447115385 0.17540702163461536 0.9751504639423078 0.16938657451923078 0.964172454326923 0.16690586538461538 0.9609837956730769 0.1647820216346154 0.9611603004807693
0 0.036651235576923076 0.45112557932692304 0.035707947115384615 0.4513020841346154 0.03499807211538462 0.4520109951923077 0.03263695913461538 0.45466724519230767 0.030158177884615386 0.4567939807692308 0.028505014423076923 0.4610445600961538 0.028152007211538464 0.46617766105769226 0.028387346153846155 0.46865740624999996 0.03027584855769231 0.4734403942307692 0.03287422836538462 0.47609664423076925 0.03499807211538462 0.4769820600961538 0.03830439903846154 0.47396990625 0.0408950625 0.46368634375 0.038894675480769234 0.45573206009615386 0.038186728365384615 0.4518344903846154 0.036651235576923076 0.45112557932692304
0 0.6186554783653846 0.18120659615384616 0.6157175937499999 0.18120659615384616 0.6130748461538462 0.17679976923076923 0.6013233028846154 0.1759172451923077 0.593391204326923 0.17635706009615384 0.5860474543269231 0.1781192139423077 0.5757658173076923 0.18076388942307692 0.5669521610576923 0.1838483798076923 0.5528510793269231 0.19177951442307692 0.5434510024038461 0.19662905048076923 0.5387500000000001 0.20235532451923077 0.5290567139423077 0.22042245432692306 0.5193614975961538 0.22042245432692306 0.5061419759615384 0.21998263942307691 0.5034973004807692 0.22923611057692309 0.50232253125 0.24069444471153847 0.5034973004807692 0.25699652884615387 0.5070235336538461 0.27330150480769233 0.5117226081730769 0.2781481490384615 0.5352256947115385 0.27506365625 0.5634278557692307 0.28784432932692305 0.5810532403846154 0.3045891201923077 0.6042611875 0.30062210576923076 0.6151311730769231 0.27550636538461537 0.6398070985576924 0.23496527884615384 0.6345196754807693 0.2173379639423077 0.6251195985576923 0.19971354086538462 0.6224749230769231 0.1900173605769231 0.6186554783653846 0.18120659615384616
0 0.3544116514423077 0.15364583413461538 0.3506712956730769 0.1539004639423077 0.34897183653846153 0.1554282403846154 0.3448919759615385 0.16078414423076925 0.3369020072115385 0.16971064903846156 0.33163194471153845 0.17991030048076923 0.32857060096153845 0.18730613461538462 0.33027199038461535 0.18934606490384615 0.33740355048076925 0.1969907403846154 0.3544116514423077 0.18857928125 0.36835262259615387 0.17633969951923076 0.36257330288461537 0.16664930528846153 0.3591724543269231 0.16256944471153847 0.3544116514423077 0.15364583413461538
0 0 0.08072627403846154 0.0006905865384615385 0.08426793990384616 0.0024614206730769234 0.08710069471153846 0.005885415865384615 0.08426793990384616 0.009544752403846153 0.07984085576923078 0.010842978365384615 0.07081018509615385 0.010017360576923076 0.06531828605769231 0.009191742788461538 0.06461226923076922 0.005767747596153846 0.06585069471153847 0.0037596442307692305 0.06779803125 0.0011631947115384616 0.07098668990384616 0 0.0750578701923077 0 0.08072627403846154
0 0.7050868052884615 0.9309317139423077 0.703952545673077 0.92923321875 0.701545139423077 0.9279571754807693 0.6968692139423076 0.925407985576923 0.6940354927884615 0.9307204855769231 0.693327545673077 0.93454571875 0.6938946754807692 0.9419820600961538 0.6923360336538462 0.9479340288461539 0.6931867283653846 0.9532465288461538 0.6957368822115384 0.9555844903846153 0.6987114206730769 0.9570717596153846 0.70834490625 0.9547337956730769 0.7121701394230769 0.9464467596153846 0.7110358798076923 0.938796295673077 0.7096199855769231 0.9377314807692307 0.7050868052884615 0.9309317139423077
0 0.06091628125 0.11360821874999999 0.0625559423076923 0.11336226923076922 0.06427855048076923 0.10979745432692309 0.06460648076923077 0.10524594951923076 0.06395061778846153 0.10057291586538461 0.06280285576923077 0.09712962980769231 0.06165509375 0.09467013942307692 0.06058834855769231 0.09147280048076922 0.058292824519230776 0.08815393509615385 0.05599730048076923 0.08679976923076924 0.05353780769230769 0.08790798557692307 0.05206211538461539 0.09012152884615385 0.05148919711538461 0.09393229086538463 0.0521450625 0.098359375 0.05271797836538462 0.10254050961538462 0.058703704326923074 0.10856770913461539 0.05911265384615384 0.11065682932692307 0.06091628125 0.11360821874999999
0 0.0804841826923077 0.07521701442307692 0.07763117307692308 0.07418402884615384 0.07645061778846154 0.074921875 0.0752700625 0.07728298557692306 0.07349922836538461 0.08141493028846154 0.0731057091346154 0.08539930528846154 0.0731057091346154 0.09012152884615385 0.07428626442307693 0.0913020841346154 0.07674575721153845 0.09381076442307693 0.08038580288461539 0.09484374999999999 0.08481481490384615 0.09499131971153846 0.08589699038461539 0.08967881971153847 0.08324074038461539 0.07787326442307692 0.08235532451923078 0.07684027884615384 0.0804841826923077 0.07521701442307692
0 0.9465933653846155 0.19100405048076924 0.9501466057692307 0.19057002403846154 0.9514216826923078 0.19184606490384615 0.9555189038461538 0.1931192139423077 0.9575077163461538 0.19100405048076924 0.9584934423076923 0.18631076442307692 0.9578317908653846 0.17922164423076922 0.9552816346153846 0.17284722115384615 0.9525617283653846 0.1682552091346154 0.9498418221153847 0.16468750000000001 0.9420216057692308 0.16111689903846155 0.9376003076923076 0.15805555528846152 0.9319907403846154 0.15397569471153846 0.9289293990384616 0.15295717548076923 0.9236593365384616 0.1557609951923077 0.9222993822115384 0.1618807860576923 0.9228105721153846 0.16672743028846154 0.9251909711538461 0.17157118028846152 0.9280806322115385 0.17973090384615384 0.9280806322115385 0.18610821875 0.9328395072115385 0.19503182932692306 0.9399459879807692 0.19482928124999999 0.943057485576923 0.1931192139423077 0.9465933653846155 0.19100405048076924
0 0.7523533942307693 0.17947627403846156 0.7485165889423077 0.17991898076923077 0.7465489975961539 0.18065682932692306 0.7455632716346153 0.18346064903846154 0.7461554783653847 0.1850839110576923 0.7476311730769231 0.18729745432692307 0.7490084879807692 0.18965856490384617 0.7516647379807692 0.19098668990384615 0.7546161274038461 0.19010127403846155 0.7573707572115385 0.18346064903846154 0.7564853389423077 0.17932870432692308 0.7548128846153846 0.17932870432692308 0.7523533942307693 0.17947627403846156
0 0.7650906634615384 0.8666319447115385 0.7634375 0.8666319447115385 0.7616666658653847 0.8675173605769231 0.7565914350961538 0.8726533557692308 0.7538753846153846 0.8758391201923076 0.7548206009615386 0.8800896995192308 0.7564737644230769 0.8838078701923078 0.7597781634615385 0.8838078701923078 0.7656809423076923 0.8806221057692307 0.7698128846153847 0.8714120360576924 0.7712307091346153 0.8701736105769231 0.7682793221153846 0.86857928125 0.7650906634615384 0.8666319447115385
0 0.8893653557692307 0.8951533557692308 0.8837249230769231 0.8999131947115384 0.8787885793269231 0.9057291658653847 0.8763213725961538 0.91154803125 0.877027391826923 0.9136631947115385 0.8823148149038461 0.9178935192307692 0.8872492283653847 0.9189496538461538 0.8967689038461538 0.9178935192307692 0.9031134254807692 0.9157783557692307 0.9062866514423077 0.9089033557692308 0.9024074062499999 0.8898668990384616 0.8942997692307693 0.8898668990384616 0.8928896610576923 0.8919820600961538 0.8893653557692307 0.8951533557692308
0 0.7276118822115384 0.05924768509615385 0.7252044759615385 0.06307291586538462 0.7235030865384615 0.06881076442307693 0.7249209110576923 0.07157407451923077 0.7273283173076923 0.07285011538461539 0.7314371153846154 0.07221064903846154 0.7351215288461539 0.06945023076923076 0.7339872692307693 0.06328703605769231 0.7324286274038462 0.05606192067307692 0.7298784711538461 0.05648726923076923 0.7276118822115384 0.05924768509615385
0 0.2525308653846154 0.10748842548076923 0.25068865625 0.10557581009615384 0.24870563221153846 0.10472511538461539 0.24643904326923077 0.1083391201923077 0.24374614182692306 0.11556423557692308 0.24275462980769233 0.12130208413461538 0.24275462980769233 0.12385127403846154 0.2443132716346154 0.12703993028846153 0.2465798605769231 0.1312876153846154 0.24884644951923077 0.13681423557692307 0.2513966057692308 0.13745081009615384 0.25550540144230766 0.13277488461538461 0.25734760817307695 0.12193865625 0.2553645841346154 0.1083391201923077 0.2546566346153846 0.1083391201923077 0.2525308653846154 0.10748842548076923
0 0.7032638894230769 0.2182638894230769 0.7003742283653847 0.2182638894230769 0.6962943677884615 0.21724247596153848 0.6906848004807693 0.2134172451923077 0.6860937500000001 0.2116348389423077 0.6784432860576923 0.2044936346153846 0.6731732259615384 0.20117766105769233 0.6680729158653846 0.20117766105769233 0.6665432091346154 0.2042390048076923 0.6651832572115384 0.20831886538461536 0.6619521610576923 0.2164785889423077 0.66212384375 0.22157986057692308 0.6629726081730769 0.22719039423076925 0.6677334110576923 0.23636863461538463 0.6736824855769231 0.24248842548076924 0.6803144278846154 0.24758969951923077 0.6959548605769231 0.25320023076923076 0.7112538581730768 0.25039351923076925 0.7129552475961538 0.24070601923076923 0.70462384375 0.22489293990384615 0.7049652788461539 0.22132523076923077 0.7032638894230769 0.2182638894230769
0 0.054944057692307695 0.08333333413461538 0.053763502403846156 0.07772569471153846 0.05268132692307692 0.07625 0.05032021634615384 0.07403645913461539 0.047467206730769235 0.07344618028846153 0.04382716105769231 0.07654513942307692 0.04215470673076923 0.07890625000000001 0.040777391826923075 0.08333333413461538 0.040580632211538466 0.08835069471153846 0.04038387259615384 0.09395833413461538 0.04126929086538462 0.09646701442307691 0.04490933653846153 0.09705729086538462 0.04805748557692308 0.09912326442307692 0.05130401201923077 0.09779513942307692 0.052582947115384616 0.08849826442307693 0.0550424375 0.08628472115384615 0.0550424375 0.08510416586538462 0.054944057692307695 0.08333333413461538
0 0.23774305528846154 0.22393807932692308 0.23668017067307692 0.22128182932692309 0.23538194471153845 0.2177401610576923 0.23278356490384616 0.21296006971153847 0.23030478365384616 0.20906249999999998 0.22581790144230768 0.2039265048076923 0.2238117283653846 0.2060532403846154 0.22086033894230767 0.20959490625 0.21932484615384615 0.2141984951923077 0.2159008485576923 0.2196875 0.21094328605769233 0.22411458413461538 0.20881751442307694 0.2301359951923077 0.20846450721153845 0.2338541658653846 0.21153356490384614 0.23704282451923075 0.22711805528846155 0.23615740624999998 0.23384644951923078 0.22801215384615384 0.23585262259615383 0.22659432932692306 0.23774305528846154 0.22393807932692308
0 0.7215567139423077 0.5266724543269231 0.7232561730769231 0.5238657403846154 0.7275077163461539 0.521061920673077 0.7295466826923077 0.5172366899038462 0.7326080240384615 0.5098408557692308 0.7383873461538462 0.4998958341346154 0.7438271610576923 0.4891840288461538 0.7445081009615385 0.48153356490384613 0.7414467596153845 0.4774537043269231 0.7361766971153846 0.47260995432692304 0.7312480721153847 0.46750868028846154 0.7239371153846155 0.46215277884615386 0.71662615625 0.4593489591346154 0.7103375769230769 0.46138888942307693 0.7009857259615385 0.47158854086538465 0.6938464495192308 0.48153356490384613 0.6860262355769231 0.4861255793269231 0.6843248461538463 0.4927546298076923 0.6875559423076923 0.5047395841346154 0.7035358798076923 0.52743634375 0.7159471442307692 0.5271817139423077 0.7184973004807692 0.5269270841346153 0.7215567139423077 0.5266724543269231
0 0.39491512259615386 0.29250868028846155 0.39349922836538465 0.2951649302884615 0.39243634375 0.29905960576923074 0.3905478389423077 0.3038396995192308 0.3926716826923077 0.30702835576923077 0.39692322596153845 0.30809027884615386 0.4042418990384615 0.30950810096153847 0.40837384375 0.29728877403846155 0.4002276225961538 0.29055844951923077 0.39609567788461536 0.29091435096153845 0.39491512259615386 0.29250868028846155
0 0.3172665889423077 0.03248553125 0.31266396634615384 0.030361689903846155 0.30675925961538464 0.02682002403846154 0.3018016971153846 0.020975115384615384 0.29530864182692307 0.015662615384615382 0.28999614182692307 0.008755786057692307 0.2869270841346154 0.007870370192307692 0.2824401995192308 0.008049769230769232 0.27854359615384616 0.011235531250000002 0.2753568677884615 0.015839120192307692 0.27252314903846153 0.022216435096153845 0.27110532451923075 0.031423610576923076 0.2747665889423077 0.03585069471153846 0.2793711418269231 0.03815393509615385 0.2846836418269231 0.04027777884615384 0.28728009375 0.047184605769230774 0.29826003125 0.047184605769230774 0.30675925961538464 0.03744502403846154 0.31951003125 0.03638310096153846 0.31832947596153843 0.034079860576923075 0.3172665889423077 0.03248553125
0 0.5186033942307693 0.5838194447115385 0.5155439807692308 0.5807581009615385 0.5095929783653846 0.5751475697115385 0.5073842596153846 0.5754021995192308 0.5060243052884615 0.5776996538461538 0.5072145072115385 0.5830439807692308 0.5044926706730769 0.5884085649038462 0.50381365625 0.59376446875 0.5014332572115385 0.59631365625 0.5005825625 0.6001388894230769 0.5012635024038462 0.6047309038461539 0.5043229158653847 0.6103385408653846 0.5104436730769231 0.6205410889423076 0.5158834879807692 0.630486110576923 0.5206442908653846 0.630486110576923 0.5243846442307692 0.6264062499999999 0.5305034711538462 0.610593170673077 0.5262538581730769 0.5968229158653846 0.5226832572115385 0.5901938653846154 0.5186033942307693 0.5838194447115385
0 0.9377874230769231 0.6988541658653846 0.9410185192307693 0.6830439807692308 0.9399980721153847 0.6730960649038462 0.9320081009615385 0.663405670673077 0.9252064038461539 0.6478501153846155 0.9229976850961539 0.638671875 0.9206172836538461 0.6310214110576923 0.9184066346153846 0.6249016201923077 0.9158564807692307 0.6246469903846154 0.9110956778846154 0.6266869206730769 0.9034471442307692 0.6317853004807692 0.8988560961538461 0.6338252307692307 0.8959664350961538 0.6358651610576923 0.8930767740384616 0.6384172451923077 0.88814621875 0.6521875 0.9027662043269231 0.6679976850961539 0.9192573293269231 0.6996180552884615 0.9284375 0.7103298605769232 0.9377874230769231 0.6988541658653846
0 0.2962731490384615 0.23315972115384614 0.29274691346153847 0.2309548605769231 0.2854031634615385 0.22258391105769232 0.2717206778846154 0.22115162019230766 0.2663078701923077 0.21421006971153847 0.2630767740384615 0.21421006971153847 0.25631944471153845 0.21553240624999997 0.24868248557692307 0.2181770841346154 0.24633101923076922 0.22081886538461537 0.23516782451923077 0.2278703701923077 0.22771990625 0.23553240625 0.22575231490384617 0.24699074038461538 0.22988040144230767 0.2631221057692308 0.23604938221153848 0.2684114591346154 0.2516184423076923 0.2781047451923077 0.27042052403846156 0.29176504567307693 0.3147569447115384 0.29638310096153847 0.3444058653846154 0.27462384375000004 0.34091435096153844 0.2587094903846154 0.31365740625 0.24814814903846155 0.3008256177884615 0.23747685096153845 0.2962731490384615 0.23315972115384614
0 0.9596527788461539 0.2988107644230769 0.9579533173076923 0.295625 0.9544116514423078 0.2943489591346154 0.9517206778846153 0.2943489591346154 0.9456288581730768 0.2951996538461538 0.9450617283653846 0.30093749999999997 0.9464776225961539 0.30837384375000004 0.94959490625 0.3176533557692308 0.9540817908653847 0.3226128461538461 0.9644695216346153 0.32349826442307694 0.9694290120192307 0.3162384254807692 0.9636207572115385 0.3049739591346154 0.9620621153846154 0.30306134375 0.9596527788461539 0.2988107644230769
0 0.18020640384615383 0.18055844951923075 0.17725501442307692 0.17846932932692308 0.17389274759615383 0.17797743028846155 0.17200810096153846 0.17883680528846155 0.16954861057692308 0.18178819471153848 0.16782600240384615 0.18449363461538462 0.1648746153846154 0.18929108894230767 0.16307098798076922 0.19408564903846154 0.16454668269230768 0.19666956009615386 0.16708912019230768 0.19617766105769233 0.17208912019230768 0.19593171394230768 0.17569637259615384 0.1949479158653846 0.17741898076923077 0.19101273076923078 0.18307484615384617 0.18117476923076922 0.18266589423076923 0.18117476923076922 0.18020640384615383 0.18055844951923075
0 0.3800694447115385 0.6113802091346154 0.37174768509615386 0.6029340288461539 0.3626890432692308 0.5985271995192307 0.3553452932692308 0.5941203701923077 0.3509375 0.5897135408653846 0.3448186730769231 0.5915509254807693 0.3409008485576923 0.5977922451923077 0.33771797836538464 0.6073408557692308 0.33135416586538463 0.6198263894230769 0.32890624999999996 0.6260677091346154 0.32792631250000004 0.638185764423077 0.32009259375000004 0.6532436346153846 0.3171547067307693 0.6664612259615385 0.3205825625 0.6723379639423077 0.32474344230769236 0.6741724543269231 0.32939429086538463 0.67857928125 0.3416358028846154 0.6906973389423077 0.3604861105769231 0.7017158557692308 0.3678298605769231 0.6910648149038461 0.3724807091346154 0.6837210649038461 0.3891203701923077 0.6620659711538461 0.3891203701923077 0.6352430552884616 0.38790509375 0.6201938653846154 0.3842322524038462 0.6143171298076923 0.3800694447115385 0.6113802091346154
0 0.845117670673077 0.03891493028846154 0.8422280096153846 0.03968171394230769 0.8406963725961538 0.041467014423076924 0.8393364206730769 0.04478009375 0.8364467596153846 0.04860532451923077 0.8333873461538462 0.05370659615384616 0.8359375 0.05651041586538462 0.8517476850961538 0.06543692067307692 0.8571875 0.049372105769230776 0.8507272379807692 0.040954860576923074 0.8483468365384615 0.04019097115384615 0.845117670673077 0.03891493028846154
0 0.021803627403846153 0.8261487259615384 0.01798418269230769 0.8239438653846154 0.014457947115384616 0.8261487259615384 0.012108411057692309 0.8305555552884616 0.005939427884615384 0.8398090288461538 0.0032947524038461538 0.8495023149038462 0.0041763125 0.853029514423077 0.006232639423076923 0.8574334495192308 0.00858410576923077 0.8666898149038461 0.012108411057692309 0.8671296298076924 0.020626927884615384 0.8631626153846154 0.02797260817307692 0.8583159711538462 0.03384837980769231 0.8503848389423077 0.035023149038461536 0.8349623846153846 0.03267168269230769 0.8283506947115384 0.027384259615384616 0.8274710649038461 0.021803627403846153 0.8261487259615384
0 0.9030594134615384 0.8271469903846154 0.9040779326923077 0.8237818293269231 0.9055073293269231 0.8182725697115385 0.9057098774038461 0.8155208341346154 0.9038753846153846 0.8103182860576923 0.9024459879807692 0.8066464110576923 0.8995910504807691 0.8057262740384614 0.8936747692307693 0.8032783557692308 0.8918383485576923 0.8020543990384615 0.8904108798076924 0.8011371538461538 0.886942514423077 0.8017505793269231 0.8802102620192307 0.8020543990384615 0.87837384375 0.8026678245192307 0.8757214495192307 0.8045023149038462 0.8761304014423076 0.8072569447115385 0.8765374230769231 0.810625 0.8814429014423077 0.8139756947115384 0.8873495360576923 0.8210271995192309 0.8938792427884615 0.8250057860576923 0.8989776225961539 0.8277604158653846 0.9030594134615384 0.8271469903846154
0 0.847141204326923 0.3471701394230769 0.8397955240384616 0.35231192067307693 0.8336766971153846 0.3548813653846154 0.8336766971153846 0.35708622596153844 0.8344097211538462 0.360390625 0.8358796298076924 0.36186053125 0.8395505408653846 0.3658998846153846 0.8437133485576923 0.37287615625 0.8461612644230769 0.3783825240384615 0.8525270072115384 0.38940104086538463 0.8549749230769231 0.39821180528846156 0.8645216057692308 0.4026186346153846 0.8723553245192307 0.3956423605769231 0.8713773149038461 0.3721412043269231 0.8669695216346154 0.3581857644230769 0.8593807860576923 0.34202835576923074 0.8566878846153846 0.3409288197115385 0.847141204326923 0.3471701394230769
0 0.33114390384615383 0.7280526610576923 0.3321354158653846 0.72443865625 0.3327025456730769 0.7210387740384616 0.3342611875 0.7140248846153846 0.3331269278846154 0.7080758100961538 0.32986882692307695 0.7036140048076922 0.3268942908653846 0.6968142355769231 0.3247685192307692 0.6885243052884615 0.32122685096153847 0.6825752307692308 0.31711805528846154 0.6810879639423076 0.3125771610576923 0.6868344903846153 0.3089023918269231 0.6944762740384616 0.3046508485576923 0.7023379639423077 0.30592592548076925 0.7065885408653846 0.30961033894230766 0.7114756947115384 0.3155594134615385 0.7182754639423077 0.3230690576923077 0.7259259254807693 0.3290200625 0.7316637740384616 0.3295852620192308 0.7312384254807692 0.33114390384615383 0.7280526610576923
0 0.5605439807692307 0.6535734951923077 0.5627469134615384 0.65100115625 0.5700906634615385 0.6499016201923078 0.5737635024038462 0.6491666658653846 0.5806172836538461 0.6506365745192307 0.5830651995192307 0.6495341442307693 0.5835551706730769 0.6392505793269231 0.5776793990384615 0.6271325240384615 0.5703356490384615 0.6153819447115384 0.5637249230769231 0.609875579326923 0.5602989975961539 0.6102430552884616 0.5561361875 0.6117100697115384 0.5468344903846154 0.61134259375 0.5380208341346153 0.617219329326923 0.5292071754807692 0.623828125 0.5191705240384615 0.6315393509615385 0.5208719134615385 0.6403935192307693 0.5223186730769231 0.6561631947115385 0.5270042427884616 0.6671585649038462 0.5348379639423076 0.6708333341346153 0.5387557860576924 0.6785445600961538 0.5441415889423077 0.6814814807692307 0.5505054014423076 0.6704658557692308 0.5544232259615385 0.6609172451923077 0.5605439807692307 0.6535734951923077
0 0.8791358028846153 0.08448495432692307 0.8813464495192308 0.08397569471153846 0.8854263125 0.08321180528846153 0.88814621875 0.08065972115384615 0.8888252307692308 0.07428530048076923 0.8872955240384616 0.06918692067307693 0.8854263125 0.06408564903846153 0.8818557091346153 0.05490451442307693 0.8798148149038462 0.050315394230769236 0.8776060961538461 0.047254050480769236 0.8760744591346155 0.04699942067307693 0.8718248461538463 0.04623553125 0.8670659711538462 0.0457233798076923 0.8662152788461538 0.04445023076923076 0.8641743822115384 0.04317418990384615 0.8621354158653846 0.04317418990384615 0.8595852620192308 0.04470486057692307 0.8556751538461539 0.051079281250000004 0.8541454471153845 0.05643518509615385 0.8541454471153845 0.0617910889423077 0.8548244591346154 0.06740162019230769 0.8560146610576923 0.07428530048076923 0.8568653557692307 0.08040509374999999 0.8590740745192308 0.08448495432692307 0.8617939807692309 0.08678240625 0.8736959879807693 0.08423032451923076 0.8765856490384615 0.08423032451923076 0.8791358028846153 0.08448495432692307
0 0.12784336538461538 0.3121759254807692 0.11854166586538462 0.3140104158653846 0.1114429014423077 0.3180497692307692 0.09601851923076922 0.3320052091346154 0.08230902884615385 0.34191840384615385 0.07594521634615384 0.3459577548076923 0.06737654326923077 0.3555063653846154 0.06443865625 0.3591782403846154 0.06297067788461538 0.36872685096153845 0.06297067788461538 0.37790509375 0.06566357932692307 0.3944299759615385 0.06933449038461538 0.4091203701923077 0.07153742307692308 0.4146267355769231 0.07521026201923077 0.4201359951923077 0.08279899759615385 0.4194010408653846 0.09234760817307691 0.4116898149038462 0.09650848798076923 0.4054484951923077 0.10483217548076923 0.3922280096153846 0.11315586538461539 0.38488425961538464 0.11486882692307693 0.38231192067307695 0.16481095673076923 0.3566087956730769 0.15771026201923075 0.3353096057692308 0.1481635793269231 0.32245659615384614 0.13690200721153845 0.31621527884615386 0.12784336538461538 0.3121759254807692
0 0.04552855048076923 0.023700810096153845 0.04142939903846154 0.022471064903846153 0.038559028846153844 0.02222511538461538 0.035034721153846156 0.022100694711538464 0.03372106490384615 0.023084490384615384 0.03339313221153846 0.026527778846153847 0.03347607932692308 0.03169270913461539 0.0319174375 0.03759548557692308 0.030852622596153845 0.04140914423076923 0.03216435096153846 0.043744213942307694 0.03437692788461538 0.04509837980769231 0.039378858173076924 0.045711805288461534 0.043396990384615385 0.045219906250000004 0.04577353365384615 0.04325231490384615 0.04921682211538462 0.040054975961538467 0.05061149759615385 0.03636574038461538 0.049544752403846155 0.03206307932692308 0.04675732932692308 0.024684605769230768 0.04618441346153846 0.02443865625 0.04552855048076923 0.023700810096153845
0 0.6293344903846154 0.7215075240384615 0.6347202932692307 0.71306134375 0.6415740745192308 0.6950665504807693 0.6410860336538462 0.6792766201923077 0.6369232259615385 0.6745052091346154 0.6320273918269231 0.6649565961538462 0.6283545528846154 0.6535734951923077 0.6259066346153846 0.6407204855769231 0.6200308653846154 0.6352112259615385 0.6058333341346154 0.62529803125 0.6036284711538461 0.623828125 0.5943267740384616 0.6208912043269231 0.59212384375 0.623828125 0.5916338725961539 0.6322743052884616 0.5896759254807692 0.64365740625 0.5850231490384615 0.6487991899038461 0.5850231490384615 0.6557754639423077 0.5850231490384615 0.6715653942307692 0.5860030865384616 0.6891927091346154 0.5855131177884615 0.6939670144230768 0.5813522379807693 0.72040509375 0.6050983798076923 0.7273813653846154 0.6190528557692307 0.7295862259615385 0.6239486875 0.7288512740384616 0.6293344903846154 0.7215075240384615
0 0.23213348798076924 0.18225405048076923 0.22503279326923076 0.17894965384615386 0.22503279326923076 0.18041956009615384 0.22454282451923074 0.18849826442307693 0.2242978389423077 0.1984114591346154 0.22625771634615385 0.20355324038461536 0.22870563221153845 0.20832754567307693 0.23580439903846154 0.21714120432692308 0.24021219230769233 0.22411747596153847 0.24388310096153848 0.20685763942307694 0.24143518509615386 0.19437210576923075 0.2380073293269231 0.19217013942307692 0.23213348798076924 0.18225405048076923
0 0.5387673605769231 0.7580671298076923 0.5348572524038462 0.7580671298076923 0.5302662043269231 0.7588310192307692 0.5280555552884615 0.7621469903846154 0.5277160504807692 0.7649508100961538 0.5277160504807692 0.769030670673077 0.5277160504807692 0.77056134375 0.5304359567307693 0.7741319447115385 0.5351967596153846 0.7748958341346154 0.5423360336538462 0.7741319447115385 0.5486265432692308 0.7743865745192308 0.5499864975961539 0.7636776610576923 0.5465875769230769 0.7552604158653846 0.544037423076923 0.7550057860576923 0.5387673605769231 0.7580671298076923
0 0.17981095673076922 0.15798900480769232 0.17733217548076924 0.16153067067307691 0.17697723798076923 0.16613715384615385 0.1791030096153846 0.16896990625000002 0.18028356490384614 0.1709172451923077 0.18311535576923077 0.17215856490384615 0.18488811778846154 0.17428240625 0.18630401201923077 0.17534432932692307 0.18689429086538462 0.17499131971153847 0.18854745432692305 0.17180266105769232 0.19197144951923079 0.16896990625000002 0.18949074038461539 0.1627719903846154 0.18677662019230767 0.1594068293269231 0.1813445216346154 0.15798900480769232 0.17981095673076922 0.15798900480769232
0 0.08031442788461537 0.29006076442307693 0.07851080288461539 0.2846498846153846 0.07687114182692308 0.28243634375000004 0.07334490625 0.2826822908653846 0.07129629567307692 0.2837876153846154 0.06645833413461538 0.28907696875 0.06473765384615385 0.29288773076923075 0.06096643509615385 0.29571759375 0.05776813221153846 0.2991608798076923 0.05678433653846154 0.3029716442307692 0.054980709134615384 0.3099826394230769 0.05530864182692308 0.3149016201923077 0.057276235576923074 0.31686921394230766 0.06104745432692308 0.3264612259615385 0.06850887259615385 0.32719907451923075 0.07293595673076923 0.32486400480769234 0.07547646634615385 0.3226475697115384 0.07916666586538461 0.3163773149038462 0.08236496875 0.30321759375 0.0820370360576923 0.29362557932692307 0.08121720673076924 0.2921498846153846 0.08031442788461537 0.29006076442307693
0 0.9919425144230769 0.33865740625 0.9898186730769231 0.3367100697115385 0.986630014423077 0.33529224519230766 0.9835609567307693 0.3319270841346154 0.9802546298076924 0.32962673557692307 0.9778935192307692 0.3312181706730769 0.9764776225961539 0.3347598389423077 0.9763599543269231 0.338125 0.9765952932692308 0.34255208413461535 0.9776581778846154 0.3471585649038461 0.9777758485576923 0.3526475697115385 0.9777758485576923 0.35990740625 0.9789564038461538 0.3607928245192307 0.9867476850961538 0.35565682932692305 0.9938310192307692 0.34733506971153844 0.9950115745192308 0.3423755793269231 0.9941859567307693 0.34131365625 0.9919425144230769 0.33865740625
0 0.4386381177884615 0.20951967548076922 0.4324266971153846 0.21128472115384614 0.4213155865384615 0.21675347115384616 0.4154706778846154 0.22271412019230769 0.41170910576923075 0.23454861057692306 0.4112249230769231 0.24395543990384613 0.4115740745192307 0.2621817139423077 0.41416280769230773 0.27700231490384614 0.4162191346153846 0.28493634375 0.42444444471153847 0.28052951442307694 0.4397202932692308 0.2765625 0.45293981490384616 0.26907118028846155 0.4552893509615385 0.24659722115384616 0.4452932091346154 0.21953125 0.4414834110576923 0.21442997596153848 0.4386381177884615 0.20951967548076922
0 0.2524691346153846 0.1828125 0.25217399759615383 0.18015625 0.2519772379807692 0.17809027884615383 0.25040316346153846 0.17631944471153846 0.24991126442307693 0.1744010408653846 0.24892746875 0.17263020913461538 0.2463695985576923 0.17248263942307693 0.2437133485576923 0.17336805528846153 0.24036651201923076 0.1739583341346154 0.23741512259615385 0.17484375 0.23672646634615385 0.17809027884615383 0.23525077163461539 0.18207465384615384 0.23525077163461539 0.18473090384615384 0.2359394278846154 0.18664930528846155 0.23820216105769232 0.1916666658653846 0.24194058653846154 0.19815972115384614 0.24450038461538462 0.20140624999999998 0.2481404326923077 0.2045052091346154 0.2516820985576923 0.20376736057692307 0.2547318677884615 0.19993055528846154 0.2550270072115385 0.19343749999999998 0.2539448293269231 0.1872395841346154 0.2530594134615385 0.18517361057692308 0.2524691346153846 0.1828125
0 0.7999633485576924 0.06571759375 0.7987731490384615 0.06342303125 0.7940142740384615 0.056536459134615386 0.7912943677884615 0.05449652884615385 0.7880632716346153 0.05322337980769231 0.78381365625 0.04812210576923077 0.78109375 0.048631365384615384 0.7799035504807693 0.04990740625 0.7756520072115385 0.05245659615384615 0.7681732259615385 0.0578125 0.7603530096153845 0.060107060096153846 0.7571219134615385 0.06189236057692308 0.7555922067307693 0.06342303125 0.7496412043269232 0.06673611057692308 0.7411419759615385 0.07260127403846153 0.7341705240384615 0.07948784615384616 0.72703125 0.08637442067307692 0.7200617283653846 0.09886863461538462 0.7183603389423077 0.10243923557692308 0.7219309423076923 0.10626446875 0.7283912043269231 0.10855902884615384 0.7385918221153845 0.11136284615384615 0.7608622692307693 0.1225839110576923 0.7853395072115384 0.12028356490384615 0.7953703701923077 0.1047453701923077 0.8033641971153845 0.0843344903846154 0.8025135024038461 0.07413194471153847 0.8013233028846154 0.06979745432692308 0.7999633485576924 0.06571759375
0 0.11330825721153846 0.03093460576923077 0.11180555528846153 0.032369790865384614 0.10927662019230769 0.03544560096153846 0.10873070913461538 0.038211805288461534 0.11112268509615385 0.04169560096153846 0.11282986057692307 0.043437500000000004 0.11590470673076923 0.04220775480769231 0.11856867307692308 0.03657118028846154 0.1148804014423077 0.030729165865384617 0.1143325625 0.030115740384615383 0.11330825721153846 0.03093460576923077
0 0.5958931322115385 0.17399305528846154 0.5973630408653846 0.16885127403846154 0.5951581778846153 0.1662818293269231 0.5914872692307692 0.1629774302884615 0.5831635793269231 0.1600376153846154 0.575819829326923 0.15526620432692306 0.5716570216346154 0.15269386538461538 0.56627121875 0.165546875 0.5584375 0.17068865625 0.5577025456730769 0.17986979086538463 0.5621103389423077 0.18684606490384617 0.5807156634615385 0.18243923557692307 0.5900173605769231 0.17839988461538464 0.5958931322115385 0.17399305528846154
0 0.09737268509615384 0.014429975961538461 0.09524691346153845 0.016131365384615383 0.09368827163461539 0.01868055528846154 0.09340470673076923 0.021443865384615384 0.09340470673076923 0.02420717548076923 0.09467978365384615 0.02696759375 0.09595486057692308 0.029305555288461536 0.09878857932692307 0.03100694471153846 0.1031809423076923 0.027392939903846152 0.10686342548076923 0.017618634615384616 0.10034722115384616 0.011669560096153846 0.09921296394230769 0.012517360576923077 0.09737268509615384 0.014429975961538461
0 0.12383873557692307 0.23605034615384615 0.12619984615384616 0.23587384375 0.12655478365384615 0.23481192067307693 0.12679012259615385 0.23091435096153848 0.12643518509615384 0.22542534615384616 0.12608217548076922 0.21692418990384615 0.12407407451923078 0.20470775480769232 0.12076967548076922 0.19691550961538462 0.11828896634615385 0.19284143509615384 0.11321373557692307 0.18965277884615384 0.10978973798076923 0.18788194471153846 0.10719135817307693 0.18806134375 0.10506751442307692 0.19230902884615386 0.10211612740384615 0.20063368028846154 0.09703896634615385 0.20984085576923078 0.09692129567307693 0.21692418990384615 0.09727430528846154 0.2277285889423077 0.1015258485576923 0.23445891105769232 0.1149845673076923 0.23445601923076922 0.11887924278846153 0.23534432932692306 0.12383873557692307 0.23605034615384615
0 0.7492033173076924 0.24321759375 0.7459490745192308 0.24490740625 0.7402777788461539 0.24215277884615385 0.7388599543269231 0.2408796298076923 0.7367206778846154 0.23896701442307694 0.7313387355769231 0.24364004567307693 0.7286612644230769 0.24682870432692308 0.7266763125 0.2527777788461539 0.7224266971153847 0.26021701442307693 0.7235609567307691 0.26552951442307693 0.7248360336538462 0.26744212980769233 0.7275270072115384 0.26914351923076923 0.73234375 0.27041666586538465 0.7407021610576923 0.27041666586538465 0.7534394278846155 0.2651041658653846 0.7558603389423078 0.25299189903846153 0.755295139423077 0.2438541658653846 0.7521778557692307 0.2438541658653846 0.7492033173076924 0.24321759375
0 0.059432870192307696 0.21514467548076924 0.06283179086538461 0.2117447908653846 0.06552469230769231 0.2081307860576923 0.06821566346153846 0.20430555528846156 0.06920717548076924 0.20005497596153846 0.0684992283653846 0.19516782451923076 0.06538194471153846 0.19176793990384616 0.06084876442307692 0.19049189903846153 0.0595736875 0.18964409615384614 0.05914930528846153 0.18964409615384614 0.05334105048076923 0.19729456009615387 0.052631173076923075 0.20664351923076923 0.053481867788461535 0.21429398076923079 0.05759066346153847 0.21514467548076924 0.059432870192307696 0.21514467548076924
0 0.08427083413461538 0.46509259375 0.08130980048076923 0.46361111057692306 0.0760570985576923 0.4640364591346154 0.0720736875 0.4638252307692308 0.06939429086538461 0.4640364591346154 0.06484567788461539 0.4638252307692308 0.06160300961538461 0.46535590384615383 0.05977044711538461 0.46768518509615387 0.05892361057692308 0.47360532451923076 0.058042052884615385 0.4793692139423077 0.05719714423076923 0.48423611057692306 0.057901235576923074 0.49359375 0.06146219230769231 0.498671875 0.06322530769230769 0.5044878461538461 0.06956982932692307 0.5092476850961538 0.07626736057692309 0.5097743052884616 0.08190779326923077 0.51188946875 0.08895833413461539 0.5113628461538462 0.09465663461538462 0.5018518509615385 0.09592978365384616 0.490625 0.09565586538461537 0.47804687500000004 0.08966435096153846 0.47064525480769226 0.08923996875 0.4678964110576923 0.08427083413461538 0.46509259375
0 0.1805555552884615 0.09223090384615386 0.1795293221153846 0.09052372596153847 0.17896026201923076 0.09026620432692309 0.17844907451923075 0.09052372596153847 0.1774228389423077 0.09163483894230769 0.17639853365384614 0.09317129567307693 0.17474730048076925 0.09573206009615384 0.17400848798076923 0.09735532451923076 0.17451967548076922 0.09855034615384616 0.17497492307692308 0.09957465384615385 0.17725308653846156 0.10051504567307692 0.17884644951923076 0.10077256971153846 0.18237654326923075 0.0983796298076923 0.18197916586538462 0.09402488461538461 0.18163773076923076 0.09351273076923078 0.1805555552884615 0.09223090384615386
0 0.9300443677884616 0.38852430528846155 0.9274459879807692 0.3913599543269231 0.9275655865384616 0.3940162043269231 0.9294540889423076 0.39737847115384617 0.9312249230769231 0.3984432860576923 0.9339313269230769 0.3986111105769231 0.9355922067307693 0.3952546298076923 0.9363020841346154 0.39047164423076924 0.9350019278846153 0.38533854086538466 0.9324054783653846 0.3860474543269231 0.9300443677884616 0.38852430528846155
0 0.8387345673076924 0.8219762740384616 0.8332272379807691 0.8256481490384615 0.8322067908653845 0.8305439807692309 0.8322067908653845 0.8342158557692307 0.8326157403846154 0.83850115625 0.8348591826923077 0.8415625 0.8391435192307692 0.8406423605769231 0.8446508485576923 0.8363599543269231 0.8409799375 0.8210590288461539 0.8399594903846155 0.8213657403846154 0.8387345673076924 0.8219762740384616
0 0.012013889423076924 0.18879340384615384 0.010597992788461538 0.19410590384615387 0.008333334134615384 0.1983506947115385 0.0063483798076923075 0.20579282451923075 0.007197144230769231 0.2081307860576923 0.008331403846153846 0.2094068293269231 0.011589507211538461 0.2115306706730769 0.01399884375 0.2117447908653846 0.016122685096153846 0.2091927091346154 0.020655865384615387 0.20536747596153845 0.023632329326923076 0.2009056706730769 0.019232252403846153 0.19134837980769231 0.014282406249999999 0.18773148076923077 0.012013889423076924 0.18879340384615384
0 0.8345081009615385 0.28775462980769234 0.8330401225961539 0.28775462980769234 0.8259394278846154 0.2943663197115385 0.8225135024038461 0.29987268509615383 0.8220235336538462 0.30501446875 0.8239814807692307 0.30685185096153844 0.8288773149038462 0.3105237259615385 0.8327951394230768 0.3130931706730769 0.8425868052884616 0.3141956009615384 0.8474826394230769 0.3094212956730769 0.848952545673077 0.3024450240384616 0.839403935096154 0.29069444471153844 0.8376909711538462 0.2899594903846154 0.8345081009615385 0.28775462980769234
0 0.7542959110576923 0.2703616899038461 0.7504205240384615 0.26944444471153844 0.7428723004807692 0.2709751153846154 0.7375675144230769 0.27495081009615385 0.7340991514423076 0.2829079855769231 0.7347125769230769 0.29147569471153845 0.7359355721153846 0.29698495432692307 0.7469521610576924 0.30677662019230767 0.7551118822115386 0.30279803125 0.7602121923076923 0.28504918990384615 0.7596006947115386 0.27342303125 0.7581732259615385 0.27280960576923075 0.7542959110576923 0.2703616899038461
0 0.8497511562500001 0.4794965288461538 0.8486901995192307 0.4761313653846154 0.8453838725961538 0.4748929399038462 0.8405439807692308 0.4725896995192308 0.8380632716346154 0.4729427091346154 0.8364120360576923 0.47418402884615385 0.8348765432692308 0.4757783557692308 0.83381365625 0.48038194471153844 0.83381365625 0.48197627403846155 0.8355844903846154 0.48746527884615387 0.8388908173076923 0.48923611057692307 0.8438483798076923 0.4899450240384615 0.8466820985576924 0.48640335576923077 0.8497511562500001 0.4794965288461538
0 0.20633487740384615 0.1296672451923077 0.20640239182692308 0.13274016105769232 0.20640239182692308 0.13519965384615384 0.20715470673076922 0.13571180528846155 0.20879436778846155 0.13684027884615385 0.21385030769230767 0.13417534615384616 0.21583140384615385 0.1334577548076923 0.2171296298076923 0.13294560096153846 0.2178125 0.13202256971153845 0.2178125 0.12925636538461538 0.2178125 0.126796875 0.2178125 0.12372395913461538 0.21808642067307693 0.12116030048076923 0.21808642067307693 0.12044270913461538 0.21624228365384615 0.12126157451923077 0.2102295528846154 0.12320891105769231 0.2055825625 0.12290219951923077 0.20455825721153845 0.1248495360576923 0.20633487740384615 0.1296672451923077
0 0.3506520072115385 0.27672743028846153 0.3493769278846154 0.2781944447115384 0.3459780096153846 0.2815943293269231 0.3451273149038461 0.2843576394230769 0.34526813221153846 0.28775752403846155 0.34625964423076927 0.29309317067307694 0.34767746875 0.29732060096153845 0.35051118750000004 0.3005092596153846 0.3563194447115385 0.3002951394230769 0.3585860336538461 0.2968952548076923 0.3609934423076923 0.28903356490384613 0.35915316346153847 0.28032118028846154 0.35660300961538466 0.2754311346153846 0.3549016201923077 0.27607060096153846 0.3506520072115385 0.27672743028846153
0 0.4145833341346154 0.1970370360576923 0.4145833341346154 0.20217303125000002 0.4144656634615385 0.20465277884615382 0.4195428245192308 0.20607060096153845 0.42391010817307695 0.20607060096153845 0.4292226081730769 0.20429976923076923 0.4331192139423077 0.20376736057692307 0.4366608798076923 0.20040219951923077 0.43760609615384616 0.19951678125 0.4363078701923077 0.1926099543269231 0.4275713725961538 0.19083912019230767 0.4198958341346154 0.19101851923076923 0.4167052475961538 0.19403935096153846 0.4145833341346154 0.1970370360576923
0 0.74006365625 0.04794270913461539 0.7387847211538462 0.04971354086538461 0.7368171298076922 0.05118923557692308 0.7359317139423076 0.054140625000000005 0.7359317139423076 0.05679976923076923 0.7369155096153845 0.06004629567307692 0.7387847211538462 0.06211226923076923 0.7422299375 0.06240740625 0.7454764663461538 0.06122685096153846 0.7456732259615385 0.05783275480769231 0.7421315576923077 0.04809027884615384 0.7409510024038461 0.04779513942307692 0.74006365625 0.04794270913461539
0 0.6819155096153846 0.5721498846153846 0.6892592596153846 0.5654166658653846 0.6957870360576923 0.5602141201923077 0.7006828701923078 0.5547077548076923 0.7023148149038462 0.5452199062499999 0.7021122692307693 0.5378761562500001 0.7002758485576923 0.5308391201923077 0.6992554014423077 0.5256365745192307 0.6964004639423076 0.5204340288461539 0.6915026995192307 0.5152314807692308 0.6882388125 0.5112528942307693 0.6841589495192307 0.5091116899038461 0.6802835649038462 0.5091116899038461 0.6723263894230769 0.5094184038461539 0.6692669759615384 0.5109461802884615 0.6680420528846154 0.5115596057692308 0.6668190576923076 0.5204340288461539 0.67048996875 0.5381828701923077 0.6751832572115385 0.5531770841346154 0.6774266971153846 0.5706192139423076 0.6819155096153846 0.5721498846153846
0 0.7317862644230769 0.21557870432692308 0.7298977620192308 0.2095572908653846 0.7273013125 0.20654803124999999 0.7255285504807693 0.20460069471153847 0.7222241514423077 0.20442418990384617 0.7139602620192308 0.20442418990384617 0.7036882716346154 0.2069010408653846 0.6999112644230769 0.20654803124999999 0.6976678245192307 0.20708043990384617 0.6963695985576923 0.21026620432692308 0.6979031634615385 0.21416377403846154 0.7007368822115385 0.21611111057692306 0.704868826923077 0.21982928125 0.7058140432692308 0.2212471057692308 0.7062866514423077 0.22620370432692308 0.7067573293269231 0.2279745360576923 0.7074672067307692 0.23027777884615386 0.7087654326923077 0.23275752403846153 0.7131327163461538 0.2332899302884615 0.7230497692307692 0.2279745360576923 0.7310783173076923 0.22319444471153846 0.7317862644230769 0.21982928125 0.7317862644230769 0.21557870432692308
0 0.05317901201923077 0.12978009375 0.051645447115384616 0.1308420144230769 0.04621527884615385 0.12995659615384614 0.04408950721153847 0.12836226923076924 0.040310572115384614 0.12730034615384617 0.03606095673076923 0.12659143509615384 0.03547067788461538 0.12676793990384616 0.03334490625 0.1294270841346154 0.03204668269230769 0.1347395841346154 0.03263695913461538 0.13987268509615383 0.033582175480769236 0.14306134375000001 0.03853973798076923 0.14748842548076924 0.0433815576923077 0.1499681706730769 0.04645061778846154 0.1520920144230769 0.049756944711538464 0.1506770841346154 0.052353394230769235 0.1467795144230769 0.05660300961538462 0.13456018509615386 0.056249999999999994 0.13155092548076924 0.05684027884615384 0.12889467548076922 0.05317901201923077 0.12978009375
0 0.7047935961538462 0.04164351923076923 0.7006616514423077 0.043709490384615385 0.696431326923077 0.046808449519230765 0.6919058653846153 0.05049768509615385 0.6897415120192308 0.05241608894230769 0.6886593365384616 0.05521990625 0.6906269278846153 0.05654803125 0.6938734567307693 0.06008969951923077 0.6965297067307692 0.06466435096153846 0.7006616514423077 0.06584490625 0.7142399687500001 0.06127025480769231 0.7160108028846154 0.053744213942307696 0.7147318677884615 0.039725115384615386 0.713256173076923 0.03810185096153846 0.7097125769230769 0.03957754567307692 0.7047935961538462 0.04164351923076923
0 0.2488869591346154 0.8851070600961539 0.23743055528846155 0.8802604158653846 0.22685378125 0.8736516201923077 0.21862847115384615 0.8732089110576923 0.20922839423076922 0.8732089110576923 0.20305941346153847 0.8780584495192307 0.20070987740384616 0.88334490625 0.1983584110576923 0.8912760408653846 0.22744212980769232 0.9357841442307693 0.26298804086538463 0.9520862259615386 0.2747395841346154 0.9494444447115384 0.2785570985576923 0.93313946875 0.2767959110576923 0.9119878461538462 0.2668074855769231 0.8974450240384615 0.2618132716346154 0.89392071875 0.2488869591346154 0.8851070600961539
0 0.8080054014423077 0.4745717596153846 0.8083969903846153 0.4676880793269231 0.8072067908653846 0.4648813653846154 0.8039756947115385 0.46360821875 0.7983661274038462 0.45850694471153847 0.7944560192307691 0.4546817139423077 0.791566358173077 0.45213252403846155 0.7868055552884615 0.45289641105769235 0.7820447524038462 0.45799768509615385 0.7794945985576922 0.4625868052884616 0.7784741514423076 0.46692418990384615 0.7793248461538462 0.47304398076923077 0.7827256947115384 0.4768692139423077 0.7856153557692308 0.47865451442307694 0.7939448293269231 0.4817129639423077 0.8017650456730769 0.4779890048076923 0.8044521610576923 0.47712384375 0.8080054014423077 0.4745717596153846
0 0.42062307211538463 0.5888281249999999 0.41715470673076926 0.5860734951923077 0.40471064903846155 0.5762818293269231 0.4012422836538461 0.5802575240384615 0.39940586538461537 0.5891319447115385 0.4026620360576923 0.6133101850961539 0.4006307860576923 0.6313628461538462 0.4006307860576923 0.6387065961538462 0.4030787043269231 0.6570688653846154 0.40593364182692304 0.6650231490384615 0.41246334855769234 0.66318865625 0.42572337980769226 0.65951678125 0.4308236875 0.6512528942307692 0.43225115625000005 0.6249363437500001 0.4273553245192308 0.5992303245192308 0.42368248557692306 0.5940306706730769 0.42062307211538463 0.5888281249999999
0 0.5426273149038462 0.5068055552884615 0.5329340288461538 0.50328125 0.5235320216346154 0.5072453701923076 0.5197145072115384 0.5125347211538461 0.5182445985576923 0.529719329326923 0.5205960649038461 0.5460243052884615 0.5235320216346154 0.5583622692307693 0.5311709110576923 0.577751735576923 0.5329340288461538 0.5795138894230769 0.5464467596153846 0.5768692139423077 0.5549672067307692 0.5781915504807692 0.5740547836538462 0.5821469903846154 0.5858121153846154 0.5896498846153846 0.5878684423076923 0.5931741899038461 0.6016763125 0.5834780096153847 0.5843441346153846 0.5486689807692308 0.5728858028846153 0.5261950240384615 0.5517341826923077 0.512092014423077 0.5426273149038462 0.5068055552884615
0 0.10641010817307692 0.1264004639423077 0.10378665144230768 0.12763020913461537 0.1004263125 0.1294733798076923 0.09763888942307693 0.13107349519230768 0.09116126442307691 0.13599247596153846 0.09001350240384615 0.13758969951923078 0.09026041586538461 0.13943576442307692 0.09165316346153846 0.1417708341346154 0.09444058653846153 0.1443547451923077 0.09747492307692308 0.14693576442307693 0.10050732932692306 0.1471817139423077 0.10591820913461537 0.14484664423076923 0.10804976923076923 0.14263310096153844 0.10944444471153845 0.1396817139423077 0.1095254639423077 0.13623842548076923 0.10944444471153845 0.13230324038461538 0.10903356490384615 0.12553819471153846 0.10878857932692307 0.12553819471153846 0.10641010817307692 0.1264004639423077
0 0.3110281634615385 0.34363136538461536 0.30595100240384615 0.347439235576923 0.2966454471153846 0.34807291586538464 0.2911458341346154 0.3372858798076923 0.2873379639423077 0.3328443293269231 0.2564564038461538 0.3080960649038461 0.2530729158653846 0.3087297451923077 0.24418981490384617 0.31951678125 0.22557677403846155 0.3322077548076923 0.20273148076923078 0.3468026610576923 0.1786188269230769 0.3582262740384615 0.14520061778846155 0.3652054399038462 0.11643518509615383 0.3823379639423077 0.10501350240384616 0.3874131947115385 0.09570601923076924 0.40835358894230767 0.08616898076923077 0.43671875000000004 0.09375 0.4559317139423077 0.10881944471153847 0.4756163197115385 0.11854938221153846 0.5041695600961538 0.13124035576923077 0.5181307860576922 0.1604301706730769 0.5206684038461539 0.21669174278846154 0.4870370360576923 0.26745563221153845 0.4692708341346154 0.3008757716346154 0.43500578605769236 0.33006365625 0.38487557932692307 0.33217978365384615 0.35251446875 0.3207561730769231 0.34490740625 0.3110281634615385 0.34363136538461536
0 0.5259722211538461 0.4262731490384616 0.5196469903846154 0.42780381971153847 0.5080189038461538 0.42566261538461536 0.4988387355769231 0.42596932932692305 0.4919020072115385 0.4274971057692308 0.4880266201923077 0.4290277788461539 0.4823148149038462 0.43239583413461535 0.47945794711538464 0.438515625 0.47945794711538464 0.44371817067307695 0.4857831778846154 0.45656828605769234 0.48884259375 0.46360821875 0.5043479927884615 0.4752372692307692 0.5255632716346154 0.4654427091346154 0.5304610336538461 0.4574884254807693 0.5314795528846153 0.4409635408653846 0.53107253125 0.4308651610576923 0.5296450625 0.42780381971153847 0.5259722211538461 0.4262731490384616
0 0.23262538461538462 0.16463252403846151 0.23173611057692306 0.16227719951923078 0.2290046298076923 0.16135416586538462 0.2244945985576923 0.16217303125000002 0.2210783173076923 0.16412037019230769 0.21943865624999997 0.16719618028846156 0.2178684423076923 0.1711921298076923 0.2186188269230769 0.17559895913461537 0.22203510817307695 0.17949363461538462 0.22763695913461537 0.18103009375 0.2329668221153846 0.1770341442307692 0.23310378124999998 0.16852719951923076 0.23289930528846153 0.16596643509615383 0.23262538461538462 0.16463252403846151
0 0.5631828701923077 0.42033854086538464 0.5668557091346154 0.4255410889423077 0.5723630408653846 0.4218692139423077 0.5782793221153846 0.4151359951923077 0.5797067908653847 0.4065682860576923 0.5817476850961538 0.39646990625 0.5817476850961538 0.38912326442307693 0.5803202163461538 0.37872106490384616 0.5754224543269231 0.3753530096153846 0.5705266201923077 0.3753530096153846 0.5601234567307692 0.37872106490384616 0.5544097211538461 0.37994502403846153 0.5497183653846154 0.38484085576923077 0.5454340288461539 0.3906539350961538 0.5421701394230769 0.3934085649038461 0.5387017740384615 0.39616319471153844 0.5336014663461538 0.40503761538461536 0.5315624999999999 0.40779224519230767 0.5274884254807692 0.4172743052884615 0.5303375769230769 0.42645833413461537 0.534214891826923 0.4390046298076923 0.5491126538461539 0.4347222211538462 0.5544097211538461 0.42462094951923074 0.5582870360576924 0.4188078701923077 0.5631828701923077 0.42033854086538464
0 0.6840354927884615 0.15282407451923077 0.6791165120192308 0.14544560096153847 0.6769521610576923 0.14264178125 0.6745910504807693 0.13836226923076922 0.6726234567307692 0.13437789423076923 0.6678028557692308 0.12803240625 0.6610146610576924 0.1261140048076923 0.6502893509615385 0.12567129567307694 0.6427141201923077 0.12744212980769232 0.6358275456730769 0.12758969951923077 0.63149884375 0.12832754567307691 0.626579860576923 0.13275462980769231 0.6213657403846155 0.13614872596153846 0.617922454326923 0.14028067067307692 0.61821759375 0.14308449038461538 0.6185127307692307 0.14633101923076922 0.6185127307692307 0.15075810096153847 0.6199884254807693 0.15916956009615385 0.6290393509615384 0.16492766105769233 0.634548610576923 0.16315393509615386 0.6495023149038462 0.16153067067307691 0.6543229158653846 0.1596122692307692 0.6676060961538461 0.1593171298076923 0.6836419759615384 0.15990740625 0.6862982259615384 0.16020254567307693 0.685806326923077 0.15739872596153845 0.6840354927884615 0.15282407451923077
0 0.7649594903846153 0.82842303125 0.7857581009615384 0.8162586802884615 0.8019733798076923 0.8030410889423076 0.8107870360576922 0.7892910889423077 0.8206577932692307 0.7766001153846154 0.8220679014423078 0.7691984951923078 0.8181905865384616 0.7549218750000001 0.8083140432692308 0.74962384375 0.799151235576923 0.7395833341346154 0.7903414350961538 0.7290104158653846 0.7765933653846153 0.7268952548076922 0.7674266971153846 0.7268952548076922 0.7540316346153847 0.7231944447115384 0.7452179783653846 0.727951389423077 0.737461420673077 0.7390567139423077 0.73146990625 0.7469878461538462 0.7268865745192308 0.7538628461538461 0.7198360336538462 0.7850607644230769 0.7297067908653846 0.8062123846153846 0.7462750769230768 0.8167881947115384 0.7540316346153847 0.8220775456730769 0.7649594903846153 0.82842303125
0 0.8838966057692308 0.6529253461538461 0.8866165120192308 0.64782696875 0.8869560192307693 0.6422164350961539 0.8842361105769231 0.6348206009615385 0.8779456009615385 0.6317592596153846 0.8731848004807692 0.6264062499999999 0.8680844903846154 0.6179890048076923 0.8657040889423077 0.6133998846153846 0.8575443677884615 0.6085532403846154 0.8436033942307692 0.6044733798076923 0.8408834879807692 0.6026880793269231 0.8371527788461539 0.6162037043269231 0.8349344134615385 0.62563946875 0.8379938269230769 0.6401765048076923 0.8453047836538462 0.6424710649038462 0.8653645841346154 0.6641464110576922 0.8752256947115384 0.6644010408653845 0.8804957572115384 0.6572627307692307 0.8838966057692308 0.6529253461538461
0 0.5856230721153847 0.6088715288461539 0.5866435192307692 0.613767360576923 0.5927642740384615 0.6149913197115384 0.5997010024038462 0.6217245360576923 0.6119405865384615 0.6250896995192308 0.6223456778846154 0.6333506947115384 0.6296894278846155 0.6357986105769231 0.6376446754807692 0.6324334495192308 0.64396990625 0.6220283557692308 0.6537615745192308 0.6061168990384616 0.6717148918269231 0.5831655096153846 0.67497878125 0.5730671298076924 0.6755902788461537 0.5663368052884615 0.6741628076923077 0.5550115745192308 0.6733468365384615 0.546140045673077 0.6690625 0.5375694447115384 0.6651871153846154 0.5332870360576923 0.6613098004807691 0.5329803245192308 0.6535590288461539 0.5378761562500001 0.6476427475961538 0.5412413197115384 0.6380536274038462 0.5470572908653846 0.6225482259615384 0.5544010408653846 0.6131655096153846 0.55868634375 0.6039834110576924 0.5654166658653846 0.5978645841346154 0.5700086802884615 0.6011284711538462 0.5834722211538461 0.5950077163461539 0.5920399302884616 0.5870524687500001 0.5954050937500001 0.5856230721153847 0.6088715288461539
0 0.7056520072115385 0.17763310096153845 0.7068923605769231 0.17210937499999998 0.7066454471153846 0.1700202548076923 0.7053337187500001 0.16854456009615384 0.7043499230769231 0.16719039423076923 0.700578704326923 0.164609375 0.6986921298076924 0.16288773076923077 0.6959047067307692 0.16300925961538462 0.6926253846153846 0.16473090384615385 0.6912326394230769 0.16620659615384614 0.6878703701923077 0.1687905096153846 0.6857388124999999 0.17014178125 0.68377121875 0.17272569471153845 0.6810667427884615 0.17641493028846153 0.6806558653846154 0.17912037019230767 0.6834432860576923 0.1820717596153846 0.6857388124999999 0.18182581009615387 0.6899209110576923 0.18121238461538464 0.6922164350961538 0.1799826394230769 0.6984471442307693 0.17850694471153844 0.7007523149038462 0.17925347115384616 0.7019714495192309 0.17912037019230767 0.7028742283653846 0.17912037019230767 0.7056520072115385 0.17763310096153845
0 0.3472202932692308 0.7121903942307692 0.34195023076923076 0.7114265048076922 0.33889081730769227 0.7129542812499999 0.33481095673076927 0.7170341442307693 0.33277006249999996 0.72162615625 0.33056134375 0.7295312500000001 0.3326003076923077 0.7325896995192308 0.3409317139423077 0.7359056706730769 0.34620177403846153 0.73998553125 0.3530015432692308 0.7348871538461539 0.35912230048076926 0.7244299759615385 0.35232060096153844 0.7149942139423077 0.3497704471153846 0.7129542812499999 0.3472202932692308 0.7121903942307692
0 0.5976195985576923 0.09694444471153846 0.5935397379807692 0.09816840384615386 0.5882349543269231 0.10214699038461537 0.5839506177884616 0.10918692067307692 0.5815026995192307 0.11438946875 0.5815026995192307 0.11897858894230769 0.5827276225961538 0.12050925961538463 0.5868074855769231 0.12418113461538462 0.5937422836538462 0.12173321875 0.6035358798076923 0.11010416586538462 0.603597608173077 0.10328125 0.6013927475961538 0.10122974519230768 0.5976195985576923 0.09694444471153846
0 0.9034780096153846 0.41299768509615387 0.9028877307692308 0.41105034615384617 0.9012345673076924 0.4069733798076923 0.8953317908653846 0.4075086802884615 0.8930902788461539 0.4067997692307692 0.88931134375 0.4053848389423077 0.8877777788461538 0.40662326442307695 0.8855343365384616 0.40945601923076924 0.8857696754807692 0.41370659615384614 0.8873051706730769 0.41778067067307695 0.892027391826923 0.4213223389423077 0.8956867283653847 0.4213223389423077 0.9000559423076923 0.4190190961538462 0.9032426706730768 0.4160098389423077 0.9034780096153846 0.41299768509615387
0 1 0.6074131947115384 0.9926060961538461 0.60337384375 0.9779166658653846 0.6055787043269231 0.9649421298076923 0.6088831009615384 0.9531905865384616 0.604108795673077 0.9431539350961539 0.5986024302884615 0.9291994591346153 0.5912557860576924 0.9191628076923077 0.5912557860576924 0.9086361875000001 0.5963975697115385 0.9032503846153846 0.6044762740384615 0.9052083341346153 0.6118200240384616 0.90814621875 0.6198987259615384 0.9191550937499999 0.6294560192307692 0.9262615745192307 0.6496440961538461 0.9713078701923077 0.69407696875 0.9987249230769231 0.6907725697115384 1 0.6195312500000001 1 0.6154918990384615 1 0.6074131947115384
0 0.38444444471153844 0.41062789423076923 0.3731635793269231 0.41274305528846156 0.36460262259615384 0.4188078701923077 0.3477816346153846 0.4444704855769231 0.3424942139423077 0.4598061346153846 0.3431983028846154 0.4783130793269231 0.34355131250000004 0.49893518509615387 0.3474286274038461 0.5195572908653846 0.36963927403846153 0.5269618052884616 0.3907908942307692 0.5486400456730769 0.4073591826923077 0.5433535889423077 0.4144097211538461 0.5010503461538461 0.39466820913461537 0.41115740625 0.39361111057692305 0.41009837980769226 0.38444444471153844 0.41062789423076923
0 0.11751736057692308 0.14178530048076923 0.11899305528846155 0.13868634375 0.11899305528846155 0.13647280048076924 0.1178125 0.13307870432692306 0.11732060096153847 0.1302748846153846 0.11653356490384616 0.12879918990384615 0.11387538461538461 0.1273234951923077 0.11200617307692308 0.12643807932692308 0.11013695913461538 0.12643807932692308 0.10925154326923077 0.12835648076923076 0.11003857932692308 0.1313078701923077 0.1096450625 0.13411168990384617 0.1096450625 0.14340856490384615 0.11033371874999999 0.14444155048076923 0.11249807211538461 0.14532696875 0.11564814903846155 0.1454745360576923 0.11751736057692308 0.14178530048076923
0 0.5867380408653846 0.6855208341346154 0.5862480721153847 0.6700983798076923 0.5850231490384615 0.6594473389423077 0.5798823293269231 0.6517361105769232 0.5754764663461539 0.6476967596153845 0.5735185192307692 0.6484317139423077 0.5632368822115384 0.6506365745192307 0.556381173076923 0.6583478004807692 0.5529533173076924 0.6697309038461537 0.5480574855769231 0.6800115745192308 0.5436516201923077 0.6869878461538461 0.5412037043269231 0.6935995360576922 0.5412037043269231 0.7013107644230769 0.5429166658653846 0.7152633100961538 0.5448746153846155 0.7303211802884615 0.5588290889423078 0.735827545673077 0.5671527788461538 0.72921875 0.5796373461538461 0.7145312500000001 0.5852681322115385 0.7005758100961538 0.5855131177884615 0.6972714110576923 0.5867380408653846 0.6855208341346154
0 0.8784760793269231 0.23953993028846154 0.8867997692307692 0.2299942139423077 0.8882677475961539 0.22301504567307692 0.8806790120192307 0.22007812499999999 0.8703973774038462 0.21787615625 0.8647665889423077 0.2193431706730769 0.8498341057692307 0.2193431706730769 0.8351446754807692 0.22411747596153847 0.8248630408653846 0.22448495432692306 0.8214351850961539 0.22668692067307694 0.8189872692307693 0.2329311346153846 0.8177642740384615 0.24137731490384617 0.8204571754807692 0.24725115625 0.8260860336538461 0.2494560192307692 0.8331867283653847 0.2520254639423077 0.846651235576923 0.2534953701923077 0.8539949855769231 0.2564322908653846 0.8738252307692308 0.2498234951923077 0.8745582572115385 0.24284432932692307 0.8765181322115385 0.24137731490384617 0.8784760793269231 0.23953993028846154
0 0.7371103389423077 0.7395862259615384 0.7381674375 0.7348263894230769 0.7282966826923077 0.7253096057692308 0.721246141826923 0.7242505793269232 0.7000945216346154 0.7099739591346155 0.6859934423076923 0.7020428245192308 0.6856404326923078 0.7126186346153845 0.7173688269230769 0.7866464110576923 0.7237133485576923 0.7559780096153846 0.7297067908653846 0.7491030096153846 0.7371103389423077 0.7395862259615384
0 0.6374151225961538 0.4645630793269231 0.6331848004807692 0.4571614591346154 0.6254301706730769 0.4513454855769231 0.6113290889423078 0.4418258100961538 0.6032214495192307 0.4386545144230769 0.5982851081730769 0.43653935096153845 0.5859471442307692 0.43177951442307694 0.5806597211538461 0.43072048557692305 0.5718460649038462 0.43177951442307694 0.5605651995192308 0.4386545144230769 0.5499903557692307 0.44711516105769233 0.5485802475961539 0.45081597115384614 0.5489332572115384 0.45663194471153845 0.5496373461538462 0.4809577548076923 0.5429398149038461 0.502109375 0.5447029326923076 0.5105671298076924 0.56796875 0.5253732644230769 0.5774864975961539 0.53859375 0.5944077932692308 0.5338339110576923 0.6042785504807692 0.5253732644230769 0.6169695216346154 0.5089814807692308 0.6321276995192308 0.481484375 0.6391782403846153 0.4740827548076923 0.6374151225961538 0.4645630793269231
0 0.1289853389423077 0.8258998846153845 0.12575424278846153 0.8251331009615386 0.12201388942307692 0.8241145841346154 0.11827353365384616 0.8241145841346154 0.11147376442307692 0.8284490745192308 0.10484375 0.8327835649038462 0.09923418269230769 0.8345688653846154 0.09600308653846154 0.8338049759615385 0.09362268509615385 0.8340596057692308 0.08920331730769232 0.8360995360576923 0.08597222115384615 0.8373726850961538 0.08223379567307693 0.8429832187499999 0.08087384375 0.8496151610576923 0.08240355048076922 0.8521643509615384 0.08631365625 0.8549710649038461 0.08852237740384615 0.8567534711538461 0.09056327163461539 0.8603240745192308 0.09294367307692308 0.8641493052884616 0.10042438221153846 0.87001446875 0.1055246923076923 0.8728211802884616 0.11266396634615385 0.8702690961538462 0.12405478365384615 0.8631307860576923 0.12949459855769233 0.8575202548076923 0.13408564903846154 0.8511458341346153 0.13561535576923076 0.8376302091346154 0.13221450721153846 0.8269184038461539 0.13102430528846154 0.8261545144230769 0.1289853389423077 0.8258998846153845
0 0.3465895072115384 0.9724421298076924 0.3445486105769231 0.9761140048076923 0.3421006947115384 0.980703125 0.3394483028846154 0.9843778942307692 0.3370003846153846 0.9908015048076924 0.3370003846153846 0.9944733798076922 0.3382253076923077 0.9981481490384615 0.34312114182692305 1 0.35230131249999996 0.99845196875 0.3578086418269231 0.9920254639423077 0.35556519951923077 0.98376446875 0.3527083341346154 0.9761140048076923 0.35026041586538464 0.9721354158653847 0.3465895072115384 0.9724421298076924
0 0.6629340288461538 0.07759259375000001 0.6649421298076923 0.07546585576923076 0.6652951394230769 0.07245659615384616 0.6650598004807692 0.06891493028846153 0.6643518509615384 0.06608217548076924 0.6605729158653847 0.06484085576923077 0.6596276995192307 0.06413194471153846 0.6557330240384616 0.06466435096153846 0.6547878076923077 0.06484085576923077 0.6538445216346154 0.07032986057692307 0.6537249230769231 0.07564236057692307 0.6547878076923077 0.07794560096153846 0.6595100312500001 0.07812210576923076 0.6629340288461538 0.07759259375000001
0 0.04149884375 0.2730902788461539 0.06070987740384615 0.2687557860576923 0.07091049278846154 0.2618692139423077 0.08247106490384616 0.25728009375 0.08638117307692307 0.25116030048076926 0.08638117307692307 0.24146990625 0.08366126442307692 0.23381944471153845 0.07567129567307693 0.22744502403846154 0.061900076923076926 0.21902777884615385 0.048128858173076924 0.21086805528846153 0.03912037019230769 0.2075520841346154 0.02976851923076923 0.2072974543269231 0.024839891826923075 0.20602430528846155 0.020927855769230768 0.20551215384615384 0.017528935096153844 0.2075520841346154 0.010729165865384617 0.21469328605769228 0.007667824519230769 0.22234375 0.004099151442307692 0.22616898076923078 0.003248456730769231 0.23228877403846154 0.0025675144230769232 0.23432870432692307 0.005798610576923076 0.24784432932692307 0.019058641826923076 0.2506510408653846 0.025518903846153847 0.2552401610576923 0.03784722115384615 0.26053240624999996 0.04149884375 0.2730902788461539
0 1 0.7307291658653846 0.9981905865384615 0.7299652788461538 0.9913908173076924 0.7294531249999999 0.9811901995192307 0.7345543990384615 0.9754089495192309 0.7376157403846153 0.9725192908653846 0.7399103004807692 0.9674189807692308 0.7501099543269232 0.967930170673077 0.7646469903846154 0.967588735576923 0.7781597211538462 0.9670794759615385 0.79703125 0.9641898149038461 0.8079976850961538 0.962660108173077 0.8148813653846154 0.970138889423077 0.8187065961538462 0.9781307860576922 0.8230439807692308 0.9847608028846154 0.8294184038461538 0.9985300937499999 0.8365567139423077 1 0.8350289350961538 1 0.7307291658653846
0 0.6521778557692308 0.5094328701923077 0.6486072524038462 0.5096875 0.6458873461538462 0.5101967596153846 0.6402777788461538 0.5137673605769231 0.6350077163461538 0.5186140048076923 0.631267360576923 0.5244791658653847 0.6300771610576923 0.5305989591346154 0.6302469134615385 0.5356973389423076 0.6333063269230769 0.5382494206730769 0.6368769278846155 0.5410532403846153 0.6397665889423076 0.5410532403846153 0.6494579471153846 0.5379947908653846 0.6572781634615384 0.5298321754807692 0.6574479158653846 0.518359375 0.6559182091346153 0.5117274302884616 0.6554070216346154 0.5117274302884616 0.6521778557692308 0.5094328701923077
0 0.8625810192307692 0.3386226850961539 0.8643518509615385 0.33493344951923076 0.8644502307692308 0.33242476923076925 0.8634664350961538 0.32828993028846154 0.8619907403846153 0.3259288197115385 0.8603182860576923 0.323125 0.8579571754807692 0.32046874999999997 0.85421875 0.3206163197115384 0.8530381947115384 0.3225347211538461 0.8520543990384616 0.32873263942307696 0.8486111105769231 0.33271990625000003 0.8478240745192308 0.33375289423076926 0.84693865625 0.3361140048076923 0.8461516201923077 0.3399508100961538 0.8462500000000001 0.3424594903846154 0.8471354158653847 0.34423032451923075 0.8519560192307692 0.34304976923076924 0.8555960649038461 0.3403935192307692 0.8590393509615384 0.33965567067307695 0.8607118052884615 0.34024594951923076 0.8625810192307692 0.3386226850961539
0 0.5806944447115385 0.07770833413461539 0.5765625 0.07977430528846154 0.5715470673076923 0.08182870432692307 0.5699710649038462 0.08523726923076923 0.5713483798076923 0.09114004567307693 0.5749884254807692 0.09364872596153846 0.5854166658653847 0.08656539423076923 0.586203704326923 0.07844618028846154 0.58453125 0.07726562499999999 0.5806944447115385 0.07770833413461539
0 0.12653742307692306 0.006727430288461539 0.12171682211538461 0.008203125 0.11876543269230769 0.009678819711538462 0.11650269951923077 0.011744790865384614 0.11571566346153846 0.01484375 0.11473186778846153 0.019418403846153846 0.11542052403846154 0.024878471153846154 0.11817515384615383 0.025616319711538462 0.12358603365384616 0.025173610576923078 0.12634066346153847 0.021927084134615384 0.12820987740384615 0.014105903846153846 0.12889853365384615 0.007465278846153846 0.12791473798076922 0.006579860576923077 0.12653742307692306 0.006727430288461539
0 0.5551331009615385 0.10921585576923078 0.548277391826923 0.10407696875 0.54068865625 0.09452835576923077 0.5343248461538461 0.09489583413461539 0.5237982259615385 0.10187210576923077 0.5154745360576923 0.10370949038461538 0.5044579471153846 0.11509259375 0.5005401225961539 0.13602430528846154 0.49490933653846153 0.15842303125 0.4998051706730769 0.1624623846153846 0.51033371875 0.1624623846153846 0.5286940576923077 0.15768807932692308 0.5556230721153846 0.14189814903846154 0.5588040120192308 0.11692708413461537 0.5578260024038462 0.11142071875000001 0.5551331009615385 0.10921585576923078
0 0.21644675961538462 0.11583043990384614 0.21583140384615385 0.11562789423076923 0.21501157451923078 0.11460069471153847 0.2137133485576923 0.11296296394230769 0.2114583341346154 0.1122453701923077 0.21043402884615384 0.1113223389423077 0.20838541586538462 0.1106047451923077 0.2072916658653846 0.11203993028846154 0.20571952163461538 0.1143952548076923 0.2039429014423077 0.11808738461538462 0.20223572596153844 0.12320891105769231 0.20339699038461537 0.12403067067307692 0.20961419711538462 0.12290219951923077 0.21419174278846154 0.1213657403846154 0.21665123557692306 0.1192129639423077 0.21699267067307693 0.11706018509615385 0.21644675961538462 0.11583043990384614
0 0 0.6097280096153846 0.004131944711538461 0.60921875 0.010761959134615386 0.607688079326923 0.012802855769230768 0.6020775456730769 0.012463348557692306 0.5969762740384615 0.010082947115384615 0.5872858798076923 0.008722992788461538 0.5872858798076923 0.0058314038461538455 0.5875405096153846 0.0031114975961538463 0.5885619206730769 0.0003915889423076923 0.5921325240384616 0 0.5951909711538461 0 0.6023321754807692 0 0.6097280096153846
0 0.57107253125 0.07239583413461538 0.5713676706730769 0.06914930528846154 0.5712692908653846 0.06767361057692307 0.5706790120192308 0.06413194471153846 0.5700887355769231 0.062213540865384616 0.5688098004807692 0.061180555288461544 0.5669405865384616 0.060442709134615386 0.5635956778846154 0.061770834134615385 0.561431326923077 0.06368923557692308 0.5610378076923077 0.06634548557692307 0.5611361875 0.07032986057692307 0.5610378076923077 0.07446180528846154 0.5601523918269231 0.07829861057692307 0.5600540120192308 0.08140046394230768 0.5656616514423077 0.08065972115384615 0.5682195216346154 0.07947916586538462 0.5696952163461538 0.07416666586538462 0.5701871153846154 0.07342881971153846 0.57107253125 0.07239583413461538
0 0.5106134254807693 0.6243663197115384 0.5065335649038462 0.6248755793269231 0.5039834110576923 0.627170139423077 0.5002430552884616 0.6309953701923077 0.4966724543269231 0.6383912043269231 0.4968441346153846 0.6440017355769231 0.49905285576923075 0.6465509254807693 0.5017727620192308 0.6508854158653846 0.50381365625 0.6595572908653846 0.5056828701923076 0.664655670673077 0.5114641201923077 0.6659317139423078 0.5192843365384616 0.6636371538461538 0.5206442908653846 0.6587905096153845 0.520138889423077 0.6496238437499999 0.5163946754807692 0.6350752307692308 0.5152044759615385 0.6292100697115385 0.5126543221153846 0.6258940961538462 0.5106134254807693 0.6243663197115384
0 0.8027584879807693 0.02016782451923077 0.8008950625 0.016614584134615383 0.7986323293269231 0.0175 0.7963695985576924 0.021041665865384616 0.7925327932692308 0.023697915865384615 0.7887943677884616 0.027239584134615382 0.7864332572115385 0.03019097115384615 0.7863348774038462 0.03328993028846154 0.7869251538461538 0.03668402884615384 0.7891878846153847 0.04155381971153846 0.8006983028846153 0.03948784615384615 0.80326003125 0.03755787019230769 0.8050270072115384 0.031961805288461535 0.8045351081730769 0.027092014423076922 0.8027584879807693 0.02016782451923077
0 0.24520447596153844 0.9449768509615384 0.24307870432692308 0.944797454326923 0.24213348798076922 0.9453298605769231 0.2409529326923077 0.9478096057692308 0.23965470673076925 0.95170428125 0.23965470673076925 0.9552459495192308 0.24071759375000001 0.9591435192307693 0.2428433653846154 0.9637471057692307 0.24791859615384615 0.9683506947115385 0.25240547836538463 0.9720717596153846 0.25677276201923077 0.9701215288461539 0.25665509375 0.964279514423077 0.25453125 0.9561313653846154 0.24921875 0.9488715288461538 0.24791859615384615 0.9474537043269231 0.24520447596153844 0.9449768509615384
0 0.8928915889423077 0.7362760408653847 0.8928915889423077 0.7299016201923076 0.8911207572115385 0.727421875 0.8887596442307693 0.7244097211538462 0.8849807091346154 0.72157696875 0.8820293221153845 0.7205150456730769 0.8745910504807692 0.7190972211538462 0.8706963725961538 0.719453125 0.8677449855769231 0.7217534711538461 0.8623128846153846 0.7235243052884616 0.8585358798076924 0.7240567139423076 0.8553472211538462 0.727951389423077 0.8544039350961538 0.7371614591346154 0.8553472211538462 0.7410561346153847 0.8580632716346154 0.744953704326923 0.8618402788461539 0.7555787043269231 0.8712866514423077 0.7626620360576923 0.888753858173077 0.7722222211538461 0.8930169759615385 0.7594618052884615 0.8939525456730769 0.7474334495192309 0.8938348774038462 0.7458391201923077 0.8928915889423077 0.7362760408653847
0 0.14098572596153847 0.6322164350961538 0.13716628125 0.628689235576923 0.12717785576923077 0.628249420673077 0.11190200721153845 0.6238425937500001 0.10925732932692307 0.6212008100961538 0.10573302403846153 0.6212008100961538 0.09427662019230769 0.6234027788461538 0.08898726923076923 0.6264872692307691 0.07165509375 0.6361805552884616 0.06548611057692308 0.6489612259615385 0.05549768509615384 0.6648234951923077 0.04668595673076924 0.672314814903846 0.03963541586538462 0.6789265048076923 0.03934027884615385 0.6947887740384615 0.039047067307692314 0.7049247692307692 0.039047067307692314 0.726076389423077 0.04081018509615385 0.7335677091346154 0.04786072596153846 0.7445833341346154 0.06137345673076923 0.7639728004807692 0.0601986875 0.7736660889423077 0.06783757692307692 0.78071759375 0.08252507692307692 0.7974623846153845 0.08340663461538461 0.8080381947115385 0.09545138942307692 0.8194936346153846 0.11395833413461538 0.8239004639423076 0.13276041586538462 0.8239004639423076 0.1515605721153846 0.8164091442307692 0.17036265384615384 0.8102401610576924 0.19151427403846155 0.7868865745192307 0.19944637259615383 0.7388541658653847 0.19797646634615385 0.7159403942307693 0.1962133485576923 0.66350115625 0.18652006250000003 0.6577748846153846 0.14862268509615384 0.6379456009615385 0.14098572596153847 0.6322164350961538
0 0.2216396610576923 0.004823495192307693 0.2211612644230769 0.00359375 0.21938464423076923 0.003799189903846154 0.2182233798076923 0.005130209134615385 0.21678819471153846 0.006666665865384615 0.21672067788461538 0.009537036057692308 0.21603009375 0.011371528846153845 0.2171296298076923 0.014149305288461537 0.21890625 0.01373842548076923 0.22020447596153847 0.01209780048076923 0.22198109615384617 0.007178819711538461 0.22170717548076924 0.005949074519230769 0.2216396610576923 0.004823495192307693
0 0.5405343365384615 0.6054947908653846 0.5480150456730769 0.6088107644230769 0.5509047067307692 0.6088107644230769 0.5548148149038462 0.6085532403846154 0.55787615625 0.6100839110576923 0.5611053245192308 0.6100839110576923 0.5658661274038461 0.6100839110576923 0.5687557860576923 0.6095746538461538 0.5728356490384615 0.6103385408653846 0.5747067908653846 0.6103385408653846 0.5767457572115384 0.6100839110576923 0.5786168990384616 0.6080439807692307 0.5799768509615385 0.6044733798076923 0.5803163581730769 0.5996296298076923 0.5809953701923077 0.59376446875 0.5815065576923076 0.5901938653846154 0.5801466057692308 0.5863686346153846 0.5767457572115384 0.5843287043269231 0.5730054014423077 0.58024884375 0.5707966826923078 0.5792274302884615 0.5665451394230769 0.5784635408653845 0.5604263125 0.5782089110576923 0.5554957572115384 0.5774450240384615 0.5495447524038461 0.5769328701923077 0.5458043990384616 0.5771875000000001 0.5383256177884616 0.57795428125 0.5347550144230769 0.5769328701923077 0.532035108173077 0.57795428125 0.528973764423077 0.5792274302884615 0.5296547067307692 0.5827980312500001 0.5313541658653846 0.5891753461538461 0.5333950625 0.5965682860576923 0.5369637355769231 0.6034548605769231 0.5405343365384615 0.6054947908653846
0 0.6025347211538462 0.12735243028846155 0.60100115625 0.1268229158653846 0.5976948293269231 0.12823784615384615 0.5956867283653846 0.12894675961538463 0.5950964495192308 0.13284432932692308 0.5952160504807693 0.13709490625 0.5958063269230769 0.1399276610576923 0.5967496153846154 0.141875 0.5999382716346153 0.14364583413461537 0.6024170528846153 0.14559317067307692 0.6061940576923077 0.14594907451923078 0.6089101081730769 0.14576967548076925 0.6118614975961538 0.14134259375 0.6124517740384615 0.13443865625 0.6067843365384615 0.1319589110576923 0.6043055552884615 0.12965567067307693 0.6025347211538462 0.12735243028846155
0 0.7526041658653846 0.5757899302884616 0.7523996923076923 0.571814235576923 0.748931326923077 0.5629398149038461 0.748319829326923 0.5577372692307693 0.7452584879807692 0.5503935192307693 0.7436265432692307 0.5445775456730769 0.7415875769230769 0.5360098389423077 0.7393422067307692 0.53142071875 0.7360783173076922 0.5292766201923077 0.7309780096153846 0.5249942139423077 0.7272376538461539 0.5288194447115384 0.7157793221153846 0.5284722211538462 0.7102430552884615 0.527951389423077 0.7069444447115385 0.5302951394230769 0.7032330240384616 0.5326446754807692 0.7030304783653847 0.5494733798076923 0.7022145072115384 0.5715075240384615 0.7007851081730769 0.5852777788461538 0.7007851081730769 0.5956828701923077 0.7007851081730769 0.6024131947115385 0.7040489975961539 0.6039438653846154 0.7250617283653846 0.5956828701923077 0.7366917427884616 0.6014959495192308 0.7466878846153846 0.5993547451923077 0.7542438269230769 0.5944444447115385 0.753420139423077 0.58436053125 0.7526041658653846 0.5812991899038461 0.7526041658653846 0.5757899302884616
0 0.16908950721153845 0.16410011538461539 0.16525269951923077 0.16173900480769232 0.16141589423076924 0.15893518509615384 0.15875771634615385 0.1595254639423077 0.1577739206730769 0.16498553125 0.1565933653846154 0.16764178124999998 0.15364197596153845 0.17206886538461538 0.15196952163461538 0.1787094903846154 0.15108410576923076 0.18594039423076922 0.15049382692307692 0.19051504567307692 0.15127314903846154 0.19568865625 0.1528549375 0.1989265048076923 0.15964313221153845 0.19848379567307692 0.16505594230769233 0.18726851923076923 0.17213927403846155 0.1781192139423077 0.1711554783653846 0.16852719951923076 0.1698765432692308 0.16528067067307692 0.16908950721153845 0.16410011538461539
0 0.4379880408653846 0.9456973389423078 0.4338734567307692 0.9492245360576923 0.4288811730769231 0.9580353004807692 0.43034915144230773 0.96376446875 0.4329938269230769 0.9730179399038461 0.4341685961538462 0.9827141201923077 0.4338734567307692 0.9937297451923077 0.43739969230769227 1 0.445625 0.9994589110576922 0.45385030769230766 0.994609375 0.45796296394230773 0.9615625 0.4497376538461539 0.9465798605769231 0.4453317908653846 0.9452575240384615 0.4379880408653846 0.9456973389423078
0 0.12931519951923076 0.16969618028846153 0.12508101923076922 0.16774884375 0.12323495432692308 0.1683651610576923 0.12118055528846153 0.17421874999999998 0.12002507692307693 0.18035300961538464 0.12043402884615384 0.1833275456730769 0.12323495432692308 0.1856828701923077 0.12719907451923076 0.1873234951923077 0.1305459110576923 0.18793692067307693 0.13157021634615385 0.1859895841346154 0.13402970673076922 0.1780989591346154 0.13170717548076924 0.17195023076923077 0.13157021634615385 0.17031249999999998 0.12931519951923076 0.16969618028846153
0 0.803568673076923 0.66100115625 0.8011921298076923 0.6605092596153846 0.7993055552884616 0.6606307860576923 0.7958622692307693 0.6639525456730768 0.7934857259615384 0.66579571875 0.79201003125 0.6678877307692308 0.7901234567307692 0.6716984951923077 0.7890586418269231 0.6788310192307693 0.78946759375 0.6862123846153847 0.7891396610576924 0.68953125 0.7919270841346153 0.6897771995192308 0.796026235576923 0.6880555552884615 0.79881365625 0.6873177091346154 0.8024209110576923 0.6867042812499999 0.8048804014423077 0.6832609951923078 0.8058641971153846 0.6777256947115385 0.8077507716346154 0.6720688653846154 0.8056192139423076 0.6635821754807693 0.8047164350961539 0.6617390048076923 0.803568673076923 0.66100115625
0 0.2647665889423077 0.20671875 0.26880015384615386 0.20465277884615382 0.27086612740384614 0.20273437500000002 0.27165316346153845 0.19934027884615385 0.27135802403846154 0.19668402884615382 0.2699807091346154 0.1929947908653846 0.2681114975961539 0.18886284615384616 0.26545524759615385 0.18709201442307694 0.26437307211538463 0.18709201442307694 0.26240547836538464 0.18812500000000001 0.2597492283653846 0.19107638942307695 0.25768325721153845 0.1925520841346154 0.2556172836538461 0.19535590384615384 0.25492862740384614 0.1971267355769231 0.25414158894230765 0.19845486057692308 0.2550270072115385 0.20140624999999998 0.25748649759615383 0.2049479158653846 0.2596508485576923 0.2078993052884615 0.26092978365384617 0.20848958413461538 0.2647665889423077 0.20671875
0 0.7737654326923077 0.4005700240384616 0.7708757716346154 0.3969994206730769 0.7654320985576923 0.39904513942307696 0.7616898149038461 0.4026041658653846 0.7603356490384615 0.40618055528846153 0.76084490625 0.4087297451923077 0.7628858028846154 0.41561631971153845 0.7642457572115385 0.41918402884615386 0.7698553245192308 0.4242853004807693 0.7749556322115385 0.43015046394230766 0.7798861875 0.43040509375 0.7834567908653847 0.4276012740384615 0.7871971442307693 0.4225 0.7877064038461538 0.41612557932692307 0.7775057860576923 0.4051591442307692 0.7741049375 0.40184317067307695 0.7737654326923077 0.4005700240384616
0 0.4793151995192308 0.4401475697115385 0.4786361875 0.4360677091346154 0.47693480048076925 0.43504629567307695 0.47251543269230767 0.43071180528846154 0.46605517067307695 0.4235706009615384 0.46299575721153846 0.4235706009615384 0.46027584855769227 0.42535590384615385 0.4527951394230769 0.4296903942307692 0.4500752307692307 0.43402777884615384 0.44327353365384614 0.4429513894230769 0.44038387259615386 0.44907118028846155 0.44123456730769234 0.45544849519230773 0.4427642740384616 0.46105613461538464 0.4536439038461539 0.47482928124999996 0.4667361105769231 0.47967303125 0.4713252307692307 0.482734375 0.4801658942307692 0.4837528942307693 0.4852662043269231 0.47839699038461536 0.4891763125 0.4648813653846154 0.48135609615384617 0.44703125 0.4801658942307692 0.4444820600961539 0.4793151995192308 0.4401475697115385
0 0.20936342548076922 0.15394965384615386 0.20324267067307694 0.15522569471153844 0.1984760793269231 0.16362847115384616 0.19185185096153848 0.16797453605769233 0.1879417427884615 0.17256655048076922 0.18590277884615383 0.17792245432692308 0.18624228365384615 0.18149016105769228 0.1879417427884615 0.184296875 0.1908333341346154 0.18761284615384616 0.19440200721153847 0.18812210576923077 0.20018325721153846 0.18735532451923076 0.20426311778846154 0.18735532451923076 0.21854359615384616 0.18965277884615384 0.22007330288461538 0.17715567067307691 0.21650269951923076 0.16670138942307694 0.21157407451923077 0.15471643509615385 0.20936342548076922 0.15394965384615386
0 0.84865740625 0.4891724543269231 0.8413136562500001 0.48843749999999997 0.833724923076923 0.4913744206730769 0.8254012355769231 0.50092303125 0.8219733798076923 0.5145081009615384 0.82466628125 0.5277285889423077 0.8278491514423076 0.5402141201923076 0.8305420528846154 0.5515972211538461 0.8515952932692308 0.5670196754807693 0.8743634254807693 0.5754658557692308 0.8861130408653846 0.589421295673077 0.8932137355769231 0.586484375 0.8963966057692307 0.5688570600961539 0.8892959110576922 0.5398466442307692 0.8689776225961539 0.5123061346153845 0.8616338725961538 0.5049623846153847 0.84865740625 0.4891724543269231
0 0.7179803245192308 0.6631047451923078 0.7135725312500001 0.6560561346153846 0.7126909711538462 0.6547337956730769 0.7100482259615385 0.6503269687500001 0.7079918990384615 0.6498871538461538 0.7047588725961538 0.6468026610576924 0.7027006177884616 0.6466724543269231 0.6941165120192309 0.6399594903846153 0.6897781634615385 0.6282928245192309 0.6844888124999999 0.6234461802884615 0.6753819447115385 0.6185995360576922 0.6695081009615385 0.6212442139423077 0.6606944447115384 0.6247685192307693 0.6589313269230769 0.6304976850961539 0.6554070216346154 0.6366666658653847 0.6489429014423076 0.6472424759615384 0.6424807091346154 0.6542939807692308 0.6368981490384615 0.6648697908653846 0.6395428245192308 0.6767650456730769 0.64071759375 0.6846990745192307 0.6430671298076922 0.68998553125 0.6515875769230769 0.7045283557692308 0.6639255408653846 0.7067303245192308 0.6806712956730769 0.7054079855769231 0.6941840288461538 0.7080526610576924 0.7144540889423077 0.7106973389423078 0.7329610336538461 0.6970370360576923 0.7256172836538461 0.6763252307692308 0.7217978389423076 0.6705960649038462 0.7179803245192308 0.6631047451923078
0 0.4904108798076923 0.39016493028846155 0.49083719230769235 0.38039062500000004 0.49211226923076923 0.3710387740384615 0.48956211538461536 0.3663657403846154 0.4863020841346154 0.36168981490384616 0.48176890384615384 0.35467592548076926 0.4787943677884616 0.3502141201923077 0.47581982932692307 0.3427748846153846 0.4728433653846154 0.3376765048076923 0.4697280096153846 0.3332118052884615 0.46165123557692306 0.32981192067307696 0.45513503125 0.32960069471153847 0.4518769278846154 0.33193865624999996 0.44946759375 0.3332118052884615 0.4336014663461538 0.33151331009615387 0.42283371875000003 0.3300260408653846 0.4164583341346154 0.33214988461538464 0.4140509254807692 0.33470196875 0.4123495360576923 0.33873842548076927 0.4116415889423077 0.3466001153846153 0.41475887259615385 0.3672135408653846 0.4151832572115385 0.3831510408653846 0.4140509254807692 0.3946267355769231 0.4100829471153846 0.40164062500000003 0.4059760793269231 0.4211921298076923 0.41107445913461543 0.43011574038461536 0.4183005408653846 0.4337297451923077 0.4275096442307692 0.43712962980769227 0.4389853389423077 0.4343663197115385 0.45782600240384613 0.4271412043269231 0.4690181322115385 0.4222540504807692 0.48205246875 0.42182870432692304 0.4855941346153846 0.41247974519230773 0.4884278557692308 0.3993026610576923 0.49097800961538457 0.3942013894230769 0.4904108798076923 0.39016493028846155
0 0.7111535504807692 0.8644560192307692 0.7118325624999999 0.8568055552884615 0.7077526995192307 0.850685764423077 0.7028221442307692 0.8448206009615385 0.6972125769230769 0.8430353004807691 0.6890528557692307 0.8417592596153847 0.6836111105769231 0.8455844903846154 0.6797010024038461 0.850685764423077 0.6781712956730769 0.8552748846153846 0.6773206009615385 0.8588454855769231 0.6785108028846154 0.8616521995192308 0.6810609567307692 0.8644560192307692 0.6832716057692308 0.8662413197115384 0.6856520072115385 0.86521990625 0.6922820216346154 0.8608854158653846 0.7004417427884615 0.86267071875 0.7070717596153846 0.8662413197115384 0.7111535504807692 0.8644560192307692
0 0.7531828701923077 0.65171875 0.7531828701923077 0.6440682860576923 0.7510590288461538 0.6368431706730769 0.747233795673077 0.6270688653846155 0.7392997692307692 0.6022048605769231 0.7358989206730769 0.5962557860576922 0.7322164350961539 0.5922164350961538 0.7279668221153847 0.5932783557692308 0.7254166658653846 0.5945543990384615 0.7224401995192308 0.5996556706730769 0.71861496875 0.6043287043269231 0.7136574062500001 0.6096440961538462 0.7118151995192308 0.612404514423077 0.7092650456730769 0.6158043990384615 0.7069984567307692 0.6196296298076922 0.7065740745192308 0.6223929399038461 0.7034567908653847 0.62515625 0.6996315576923077 0.6272800937499999 0.6955227620192308 0.6279195600961539 0.691840278846154 0.6304687499999999 0.6912731490384616 0.63259259375 0.69240740625 0.6379050937499999 0.6953819447115385 0.6393923605769231 0.7001986874999999 0.6440682860576923 0.7038811730769231 0.64640625 0.7061496923076922 0.6478935192307692 0.7279668221153847 0.6759461802884614 0.7337750769230769 0.6755208341346154 0.7463831009615384 0.6578819447115385 0.7514834110576923 0.6542679399038461 0.7531828701923077 0.65171875
0 0.7221257716346153 0.29401620432692305 0.7123321754807692 0.29248553125 0.7047839495192308 0.28881365625 0.6933603389423078 0.28361111057692306 0.6798958341346153 0.28055266105769233 0.6721431322115384 0.2759606490384615 0.6623514663461538 0.27381944471153846 0.6468460649038461 0.2765740745192308 0.63868634375 0.2826938653846154 0.6321585649038461 0.28728298557692306 0.6299131947115384 0.30013599519230766 0.6293016971153846 0.31328124999999996 0.6248070985576923 0.3282986105769231 0.6219521610576924 0.34328703605769234 0.6225694447115384 0.3518518509615385 0.6217534711538462 0.36041956009615383 0.6211419759615384 0.3683767355769231 0.6233854158653845 0.36990740625 0.6360339495192308 0.36225694471153846 0.6580671298076923 0.36623553125 0.6652064038461538 0.3705179399038461 0.69703125 0.36960069471153845 0.7082523149038462 0.3509346057692308 0.71865740625 0.3212528942307692 0.7213078701923077 0.3068692139423077 0.7221257716346153 0.29401620432692305
0 0.06135030769230769 0.1584317139423077 0.05886959855769231 0.15772569471153847 0.05556519951923077 0.15701678125 0.05497492307692308 0.1616203701923077 0.05674575721153847 0.16533854086538463 0.05898919711538461 0.1710069447115385 0.06005015384615385 0.17578703605769233 0.06111304086538461 0.18057002403846154 0.06312114182692308 0.17968460576923076 0.07079475240384615 0.17631944471153846 0.07705246874999999 0.17083043990384614 0.07409915144230769 0.16374710576923077 0.07043981490384615 0.15772569471153847 0.06607253125 0.15825520913461538 0.06135030769230769 0.1584317139423077
0 0.8903047836538461 0.7252719903846153 0.8925154326923077 0.7380237259615385 0.8942148918269232 0.7466927091346154 0.8969348004807693 0.7517939807692307 0.9047550144230769 0.7528125 0.9130864206730769 0.7500086802884615 0.9195466826923078 0.7451620360576924 0.92515625 0.74006365625 0.9294058653846153 0.72578125 0.9287268509615385 0.716857639423077 0.926516204326923 0.7097164350961538 0.907986110576923 0.6798813653846154 0.8955748461538462 0.6589699062500001 0.8903047836538461 0.6546354158653845 0.8874151225961538 0.6556539350961538 0.8792554014423076 0.66126446875 0.872964891826923 0.6640711802884615 0.8654841826923078 0.6689149302884616 0.856473764423077 0.680390625 0.8520543990384616 0.6862557860576923 0.8462731490384615 0.7013020841346154 0.8483140432692308 0.7092071754807693 0.8624228389423076 0.7206828701923077 0.8765335649038462 0.71787615625 0.8829938269230768 0.7186429399038462 0.8903047836538461 0.7252719903846153
0 0.9032754639423076 0.09341145913461538 0.9012364975961538 0.09137152884615385 0.89868634375 0.08907696875 0.8937557860576923 0.08678240625 0.8906963725961539 0.08499710576923077 0.8852565576923077 0.08499710576923077 0.8787962956730768 0.08499710576923077 0.8679147379807692 0.08729166586538462 0.8629841826923077 0.08703703605769232 0.8592457572115385 0.08958622596153847 0.85584490625 0.09341145913461538 0.8522743052884615 0.09953125 0.8529552475961538 0.1038657403846154 0.8638348774038461 0.11636284615384616 0.8714853389423076 0.12222800961538462 0.8776060961538461 0.12171875 0.8896759254807692 0.11916666586538462 0.8993653557692307 0.10667245432692307 0.9048070985576923 0.09825520913461538 0.9046354158653845 0.09519675961538462 0.9032754639423076 0.09341145913461538
0 0.04825617307692308 0.5577314807692308 0.04960262259615385 0.5584635408653846 0.05114583413461538 0.5584635408653846 0.052199074519230775 0.5557841442307693 0.05349537019230769 0.5515248846153846 0.05232060096153846 0.5435561346153845 0.052100694711538456 0.5393315961538462 0.05139081730769231 0.5320630793269231 0.05055748557692308 0.5285358798076923 0.05019097115384615 0.5255266201923077 0.04972607932692308 0.52357928125 0.049137730769230774 0.5230295144230769 0.042625384615384614 0.522109375 0.03552662019230769 0.5445109951923077 0.0333236875 0.5522222211538461 0.03528163461538462 0.5555266201923077 0.04825617307692308 0.5577314807692308
0 0.6264660504807692 0.8640914350961538 0.6201041658653845 0.8578530096153846 0.6166782403846154 0.8541811346153847 0.6066396610576923 0.8534461802884615 0.6019888125 0.8512442139423076 0.5966030096153846 0.8512442139423076 0.5931751538461538 0.8512442139423076 0.5912172067307693 0.8563831009615386 0.5912172067307693 0.8633622692307692 0.594400076923077 0.8696035889423077 0.5997858798076924 0.8784172451923078 0.6059066346153846 0.8853935192307693 0.6159432860576923 0.8905353004807692 0.6252507716346154 0.8894386562500001 0.6394444447115385 0.8736429399038462 0.6374864975961538 0.8670341442307692 0.6338155865384615 0.8666666658653847 0.6264660504807692 0.8640914350961538
0 0.8312615745192308 0.4564670144230769 0.8331481490384616 0.45651909615384617 0.8356983028846153 0.45376446875 0.8359702932692308 0.44779803125 0.8348495360576924 0.44121817067307695 0.833420139423077 0.4324971057692307 0.8322993822115384 0.42293402884615383 0.8291705240384615 0.41571759375000006 0.8263483798076923 0.4099797451923077 0.8239351850961539 0.4080671298076923 0.8199729927884616 0.4091377307692308 0.8174228389423077 0.41061631971153845 0.8158584110576924 0.41359953605769234 0.8161477620192308 0.4178327548076923 0.817766204326923 0.42789351923076924 0.8178317908653846 0.4424421298076923 0.8219116514423077 0.4518778942307692 0.826672454326923 0.45442708413461536 0.8312615745192308 0.4564670144230769
0 0.07384452163461538 0.05094039423076923 0.07030285576923077 0.046365740384615384 0.06617091105769231 0.04739872596153846 0.06459683653846154 0.04857928125 0.061448687499999995 0.05138310096153846 0.05957947596153846 0.05389178125 0.05780864182692307 0.057138310096153846 0.057021605769230765 0.061417824519230765 0.05869405769230769 0.06643518509615384 0.06292438221153845 0.06687789423076923 0.06902392067307693 0.06554976923076923 0.07482831730769231 0.057876156250000005 0.07679591105769232 0.05330150480769231 0.07571373557692308 0.05256365625 0.07384452163461538 0.05094039423076923
0 0.36902970673076924 0.8591001153846154 0.3775578701923077 0.8627546298076924 0.39887924278846154 0.8636689807692307 0.4183719134615385 0.86001446875 0.4317746923076923 0.86001446875 0.4433487644230769 0.8453935192307692 0.4463946754807692 0.8344299759615385 0.44943865624999996 0.8216377307692307 0.44883101923076923 0.8125 0.4433487644230769 0.8006221057692307 0.4244637355769231 0.7905700240384615 0.4153260024038462 0.7878298605769231 0.4104533173076923 0.7878298605769231 0.39112654326923074 0.7899016201923076 0.3745119591346154 0.8143287043269231 0.3678125 0.835344329326923 0.3672029326923077 0.8490509254807692 0.36902970673076924 0.8591001153846154
0 0.13848572596153846 0.5829716442307692 0.13451774759615384 0.5797858798076923 0.1321103389423077 0.5804224543269231 0.12771797836538462 0.5819097211538462 0.12233410576923077 0.5850983798076923 0.12006751442307693 0.5872222211538461 0.11893518509615385 0.5912615745192308 0.11893518509615385 0.5946614591346153 0.1186516201923077 0.6010358798076922 0.1186516201923077 0.60868634375 0.11850887259615385 0.6173987259615384 0.1195003846153846 0.6227112259615384 0.12460069471153846 0.6241984951923077 0.13111882692307691 0.6237731490384615 0.13805941346153847 0.6095370360576923 0.1416010793269231 0.5931741899038461 0.1413175144230769 0.5859490745192308 0.14032600240384616 0.5842476850961538 0.13848572596153846 0.5829716442307692
0 0.3573495360576923 0.10251736057692308 0.3606095673076923 0.10098379567307693 0.36652006249999997 0.05997974519230769 0.36590856490384616 0.052635995192307695 0.3565239206730769 0.04406828605769231 0.3495871923076923 0.03549768509615385 0.3334702932692308 0.02999131971153846 0.32959490625 0.02999131971153846 0.32102623557692306 0.035193865384615386 0.3153144278846154 0.04192418990384616 0.31286651201923077 0.047126735576923075 0.31184606490384614 0.06028645913461539 0.3116415889423077 0.0688541658653846 0.3198032403846154 0.08446180528846153 0.3291859567307692 0.0957754639423077 0.34591628125 0.10282118028846154 0.35305555528846155 0.10618634375 0.3573495360576923 0.10251736057692308
0 0.908994985576923 0.23256944471153848 0.9051195985576924 0.22706018509615383 0.9000192908653847 0.22186053125 0.8971624230769231 0.22216435096153847 0.8928780865384615 0.22644965384615384 0.8922665889423077 0.23103877403846151 0.88431134375 0.23471064903846153 0.8804340288461538 0.23868923557692306 0.8732947524038461 0.2481770841346154 0.8706423605769231 0.25460358894230767 0.8620736875 0.2699016201923077 0.8608487644230769 0.2766348389423077 0.8661535504807693 0.2842853004807692 0.8749266971153846 0.29285300961538463 0.885329860576923 0.3035648149038461 0.8934915120192308 0.31611111057692304 0.8998148149038462 0.3164178245192308 0.9085879639423078 0.30907118028846153 0.9204205240384616 0.2974450240384615 0.9269483028846154 0.2900983798076923 0.9304166658653846 0.2784722211538461 0.9265393509615384 0.26837384375 0.9218479927884615 0.2570515048076923 0.9120563269230769 0.23838252403846155 0.9112384254807692 0.23746527884615384 0.908994985576923 0.23256944471153848
0 0.56399884375 0.4344155096153846 0.5652237644230769 0.43349537019230766 0.5662422836538462 0.43043692067307693 0.5656307860576922 0.4230931706730769 0.56399884375 0.4215625 0.5584915120192308 0.42094907451923075 0.554818673076923 0.4249276610576923 0.5513503076923076 0.4301302091346154 0.5491068677884615 0.4374739591346154 0.5468614975961539 0.4475723389423077 0.550329860576923 0.44818576442307695 0.5544097211538461 0.4417592596153846 0.5558391201923076 0.4365567139423077 0.5588985336538461 0.4359432860576923 0.56399884375 0.4344155096153846
0 1 0.4595225697115385 0.9883950625 0.45467592548076924 0.9737056322115384 0.44982928125000005 0.9660686730769231 0.44410011538461536 0.9563734567307692 0.4379311346153846 0.94638503125 0.4308796298076923 0.9352218365384615 0.4207465288461538 0.9228838725961539 0.4189814807692308 0.9090760024038461 0.41986400480769226 0.8938001538461537 0.42338831009615385 0.8879263125 0.4361689807692307 0.8779320985576924 0.4798032403846154 0.8747106490384616 0.49962384374999996 0.9055555552884615 0.54412615625 0.9372781634615385 0.5793807860576923 0.9645987644230769 0.60053240625 0.9983834879807693 0.5939236105769231 1 0.46304687499999997 1 0.4595225697115385
0 0.8672010024038461 0.02163194471153846 0.8662557860576924 0.02092303125 0.8656655096153846 0.021276040865384614 0.8649575625 0.02180844951923077 0.8585821754807692 0.023046875 0.8564583341346155 0.023046875 0.8538599543269231 0.023226274038461538 0.8511458341346153 0.024288194711538463 0.8485474543269231 0.029777199519230767 0.8471315576923076 0.03491319471153846 0.8478395072115384 0.037037036057692305 0.8536246153846154 0.04234953605769231 0.8588194447115385 0.04359085576923077 0.8648398918269231 0.042705439903846155 0.8684992283653846 0.04482928125 0.8719232259615384 0.045185185096153845 0.8755825625 0.04128761538461538 0.8760551706730768 0.03473668990384615 0.8702353389423076 0.026359954326923077 0.8690895072115384 0.02375578605769231 0.8672010024038461 0.02163194471153846
0 0.7409722211538461 0.4279311346153846 0.7372318677884616 0.4266579855769231 0.7331520072115385 0.4271672451923077 0.7280516971153846 0.4271672451923077 0.7239718365384615 0.42640046394230774 0.7226118822115384 0.4302256947115385 0.7239718365384615 0.43532696875000004 0.7251620360576924 0.4411921298076923 0.7266917427884615 0.4447627307692308 0.7336612644230769 0.45062789423076927 0.7379108798076923 0.4536892355769231 0.7472627307692308 0.44884259374999996 0.7516820985576923 0.4419560192307692 0.7463445216346154 0.4318084495192308 0.744371141826923 0.4302256947115385 0.7409722211538461 0.4279311346153846
0 0.037926312499999996 0.5060040504807692 0.03410107932692308 0.5036660889423077 0.03055941346153846 0.5019646995192308 0.02786844230769231 0.5023900456730769 0.024184028846153845 0.5028153942307692 0.022484567307692306 0.50345196875 0.02106674278846154 0.5055787043269231 0.02092592548076923 0.5094039350961539 0.02078510817307692 0.5162037043269231 0.02092592548076923 0.5230034711538462 0.021776620192307694 0.5244907403846154 0.026593365384615382 0.5272540504807692 0.035518903846153846 0.5289525456730769 0.04387731490384616 0.5251273149038462 0.04671103365384615 0.5166290504807692 0.04543595673076923 0.5115277788461539 0.04231867307692308 0.5104658557692308 0.037926312499999996 0.5060040504807692
0 0.3684220673076923 0.3948495360576923 0.37679398076923076 0.4081423605769231 0.38278742307692304 0.4081423605769231 0.40076581730769234 0.4070862259615385 0.4078163581730769 0.40338252403846153 0.41169560096153845 0.39333622596153844 0.41169560096153845 0.3642534711538462 0.4081693677884616 0.35314814903846153 0.40223765384615384 0.35500578605769234 0.3931134254807693 0.35234374999999996 0.3710841057692308 0.33081597115384614 0.3588155865384615 0.3234085649038461 0.34753472115384615 0.31771990625 0.34436342548076926 0.3187789350961538 0.33942708413461536 0.3267100697115385 0.3320235336538462 0.34045717548076926 0.3337866514423077 0.36266782451923074 0.33272955288461536 0.37905960576923076 0.3390740745192308 0.4060271995192308 0.3395447524038462 0.4147858798076923 0.34436342548076926 0.41131655048076926 0.35109953605769234 0.4051504639423077 0.3684220673076923 0.3948495360576923
0 0.23289158894230771 0.9642650456730769 0.22949267067307694 0.96579571875 0.2264313269230769 0.9680902788461538 0.22133101923076925 0.9721730312500001 0.21725115625 0.9767621538461538 0.21334105048076923 0.980842014423077 0.21351080288461538 0.9839033557692307 0.21470100240384615 0.9859432860576922 0.21759066346153844 0.9877285889423076 0.22235146634615385 0.9872164350961538 0.23136188221153847 0.9859432860576922 0.23850308653846156 0.9849218750000001 0.24530285576923075 0.9800781249999999 0.24972222115384615 0.9731915504807692 0.24275269951923079 0.9629918990384615 0.2405420528846154 0.9627372692307692 0.23289158894230771 0.9642650456730769
0 0.31990162019230767 0.16052951442307692 0.32126157451923076 0.15798032451923077 0.32296103365384615 0.1554282403846154 0.3250019278846154 0.15262442067307694 0.32653163461538465 0.14573784615384616 0.3263618822115385 0.14369791586538463 0.32483217548076926 0.1403848389423077 0.32279128125 0.1373234951923077 0.3171817139423077 0.13018229086538463 0.31327160576923074 0.1286545144230769 0.30936149759615383 0.1286545144230769 0.30103009375 0.12916377403846152 0.2935493822115384 0.12610243028846152 0.28691936778846155 0.12584780048076924 0.2857291658653846 0.12661458413461538 0.2823302475961538 0.12814236057692308 0.2806288581730769 0.1329890048076923 0.27808063221153845 0.137578125 0.2717901225961538 0.14701388942307692 0.26498842548076923 0.1513483798076923 0.2620987644230769 0.1523697908653846 0.26192901201923074 0.15772569471153847 0.2627797067307692 0.16231481490384617 0.26685956730769234 0.17328125 0.2722993822115385 0.17991030048076923 0.28981095673076923 0.18449942067307695 0.30000964423076926 0.18322627403846156 0.30834105048076926 0.18041956009615384 0.3214313269230769 0.17608506971153848 0.3231307860576923 0.16868923557692309 0.31990162019230767 0.16537615625 0.31990162019230767 0.16282407451923075 0.31990162019230767 0.16052951442307692
0 0.3532214495192308 0.1556857644230769 0.35628279326923074 0.15798032451923077 0.3612133485576923 0.15976562500000002 0.36512345673076924 0.15772569471153847 0.3669926706730769 0.15415509375 0.36988232932692305 0.14369791586538463 0.3734529326923077 0.13502893509615385 0.3731134254807692 0.13145833413461538 0.36427276201923076 0.1255931706730769 0.36087191346153846 0.12457465384615385 0.3557716057692308 0.1250839110576923 0.3477816346153846 0.12533854086538462 0.3430227620192308 0.1286545144230769 0.33605131250000003 0.1322251153846154 0.33163194471153845 0.1373234951923077 0.32738232932692307 0.14701388942307692 0.32279128125 0.15440972115384616 0.31956018509615386 0.16333622596153846 0.32075038461538463 0.16664930528846153 0.3255111875 0.17021990625 0.33248070913461536 0.17557581009615383 0.3455729158653846 0.1587442139423077 0.3462519278846154 0.15798032451923077 0.3532214495192308 0.1556857644230769
0 0.40361689903846154 0.6956249999999999 0.3936284711538462 0.6947453701923076 0.3921585649038462 0.6947453701923076 0.3824652788461539 0.6934230312499999 0.3748263894230769 0.6956249999999999 0.37159529326923074 0.7026765048076923 0.36748263942307696 0.7132523149038461 0.3654263125 0.7211834495192307 0.36395640384615385 0.7286747692307693 0.3654320985576923 0.7418981490384616 0.3604320985576923 0.7537934038461539 0.35984374999999996 0.7604021995192307 0.3654263125 0.7683333341346154 0.3830516971153846 0.7749450240384615 0.3886342596153846 0.7833159711538461 0.39333333413461535 0.7877228004807691 0.40273533894230773 0.7877228004807691 0.42153549278846153 0.7956539350961538 0.44004436778846157 0.8057899302884616 0.4497376538461539 0.8106365745192308 0.4567881947115385 0.806672454326923 0.4697145072115385 0.7723003461538462 0.4647202932692308 0.7573177091346154 0.44415702163461535 0.7339641201923077 0.4053780865384615 0.6965075240384616 0.40508487740384613 0.6965075240384616 0.40361689903846154 0.6956249999999999
0 0.3137191346153846 0.19618923557692308 0.31796875 0.199375 0.32646990624999994 0.20107638942307693 0.33057677403846153 0.20086226923076925 0.3321354158653846 0.19873842548076923 0.3327025456730769 0.19491319471153845 0.33156828605769234 0.18960069471153848 0.32944444471153844 0.1855642355769231 0.33057677403846153 0.18088831009615386 0.33156828605769234 0.17855034615384616 0.3243441346153846 0.17323784615384616 0.3141435192307692 0.1764265048076923 0.31201774759615386 0.18216435096153846 0.31159336538461535 0.19023726923076925 0.3137191346153846 0.19618923557692308
0 0.9712596442307693 0.7389496538461539 0.9711400456730769 0.7385966442307693 0.9686612644230769 0.7276157403846154 0.9665354927884615 0.7233651610576923 0.9641743822115385 0.7180526610576923 0.9624035504807692 0.7127401610576923 0.9611053245192308 0.7116782403846155 0.9601658942307693 0.7083043990384615 0.9563831009615384 0.7030005793269231 0.9514255408653847 0.7030005793269231 0.9481192139423077 0.703532985576923 0.9451678245192308 0.7038859951923077 0.94127121875 0.7076041658653847 0.9369039350961538 0.7116782403846155 0.9366666658653846 0.7191145841346154 0.93595871875 0.7263773149038462 0.9370216057692308 0.7361168990384616 0.9395003846153845 0.7405439807692308 0.9456404326923077 0.7474508100961538 0.9528414350961539 0.7499305552884615 0.9647646610576923 0.7515219903846154 0.9684259254807692 0.7428472211538462 0.9691338725961539 0.7414293990384616 0.9712596442307693 0.7389496538461539
0 0.28170138942307693 0.7159403942307693 0.28023341105769234 0.7097714110576923 0.2781770841346154 0.7062471057692308 0.27611882692307693 0.70271990625 0.27112654326923075 0.6969907403846154 0.2620196754807692 0.6947887740384615 0.2567303245192308 0.6939062500000001 0.24938657451923077 0.6939062500000001 0.24204282451923076 0.6974334495192308 0.23734182211538463 0.7036024302884616 0.23411072596153845 0.7106510408653846 0.22999807211538462 0.7194646995192309 0.2311728389423077 0.7353298605769231 0.23939814903846154 0.74193865625 0.2464486875 0.7467853004807693 0.25790509375 0.7414988437500001 0.2673070985576923 0.7318055552884615 0.27611882692307693 0.7251938653846154 0.2793518509615385 0.7207870360576922 0.28170138942307693 0.7159403942307693
0 0.5034047067307692 0.7677575240384615 0.49983603365384616 0.7720920144230768 0.49966628125 0.776171875 0.5028954471153846 0.7889236105769231 0.5054456009615385 0.79274884375 0.5105459110576923 0.7965740745192308 0.5144560192307692 0.7970833341346153 0.5164949855769231 0.7937673605769231 0.5142862644230769 0.782546295673077 0.5100366514423077 0.7675028942307692 0.5074864975961538 0.7649508100961538 0.5034047067307692 0.7677575240384615
0 0.9204108798076922 0.16727430528846154 0.9140470673076924 0.15735821874999997 0.9113541658653846 0.151484375 0.9047434423076923 0.14780960576923077 0.90009259375 0.1415682860576923 0.892503858173077 0.13605902884615384 0.880507329326923 0.1312876153846154 0.8677777788461539 0.13312210576923078 0.86459490625 0.1371614591346154 0.8560262355769231 0.14046585576923076 0.8535783173076923 0.1445052091346154 0.8503954471153846 0.15074942067307692 0.8506404326923077 0.16213252403846154 0.8540682860576924 0.16727430528846154 0.8621469903846154 0.18196180528846154 0.8714506177884616 0.1926099543269231 0.8819772379807692 0.19554976923076922 0.8912789350961539 0.19004050961538463 0.9054783942307693 0.188203125 0.9211458341346154 0.188203125 0.9265316346153847 0.18012442067307693 0.9272665889423077 0.17461805528846153 0.924328704326923 0.17057870432692307 0.9204108798076922 0.16727430528846154
0 0.4132137355769231 0.2820601850961538 0.41215277884615387 0.27904803125 0.41108989182692307 0.2747974543269231 0.40471450721153845 0.2703703701923077 0.4015258485576923 0.2701938653846154 0.39680362740384617 0.27072627403846156 0.39361689903846153 0.2723206009615385 0.3927893509615385 0.27550636538461537 0.39078317788461536 0.2820601850961538 0.3930266201923077 0.2873726850961539 0.3978665120192308 0.29126736057692304 0.40802083413461543 0.29038194471153844 0.41215277884615387 0.28914351923076925 0.4134510024038462 0.28666377403846155 0.4132137355769231 0.2820601850961538
0 0.8035050144230769 0.690905670673077 0.8008140432692308 0.6879311346153846 0.798263889423077 0.6860185192307693 0.7951466057692307 0.6875057860576923 0.7923128846153846 0.6913310192307692 0.790472608173077 0.6981307860576924 0.7880632716346153 0.7053559038461539 0.7880632716346153 0.7147077548076923 0.7897627307692308 0.71959490625 0.7914641201923077 0.7257581009615385 0.7978395072115384 0.7368084495192307 0.8022299374999999 0.74360821875 0.8084645072115385 0.747219329326923 0.8205054014423077 0.7510445600961538 0.8217804783653846 0.7450954855769231 0.8180979927884615 0.7357436346153846 0.81611496875 0.7164062499999999 0.8091724543269231 0.6962181706730769 0.8076138125000001 0.6934548605769231 0.8035050144230769 0.690905670673077
0 0.23108410576923077 0.07061342548076922 0.2282619591346154 0.06884259375 0.22588927403846154 0.06990451442307692 0.22400077163461538 0.07256365625 0.22175732932692307 0.07610532451923077 0.21880594230769232 0.08 0.21797839423076923 0.08371817067307694 0.21750771634615385 0.08956307932692308 0.21644482932692308 0.09399016105769231 0.21880594230769232 0.0952285889423077 0.2244733798076923 0.0952285889423077 0.2376948293269231 0.0899160889423077 0.23580632692307693 0.08017650480769231 0.23108410576923077 0.07132233894230769 0.23108410576923077 0.07061342548076922
0 0.5723514663461539 0.07224826442307693 0.5708757716346153 0.07342881971153846 0.5690065576923077 0.07549479086538462 0.5680227620192307 0.07933159615384616 0.5679243822115384 0.08125289423076923 0.5688098004807692 0.0840567139423077 0.5699903557692307 0.08390914423076924 0.5722530865384615 0.08243344951923078 0.574712576923077 0.08021701442307692 0.5769753076923076 0.07519965384615385 0.5752044759615385 0.07224826442307693 0.5739255408653846 0.07224826442307693 0.5723514663461539 0.07224826442307693
0 0.22558063221153846 0.005969329326923077 0.22503472115384618 0.006791088942307692 0.22441936778846155 0.008226274038461538 0.22353202163461539 0.010173610576923077 0.22271219230769232 0.012939814903846155 0.22209683653846155 0.015092593750000001 0.22277970673076922 0.016834490384615385 0.22462384375 0.01826967548076923 0.2275617283653846 0.01775462980769231 0.2304320985576923 0.016423610576923077 0.23063657451923078 0.010888310096153847 0.22845100240384617 0.007508680288461538 0.22783564903846154 0.006686920673076923 0.22558063221153846 0.005969329326923077
0 0.9563715288461538 0.3789612259615385 0.9549556322115385 0.3761284711538462 0.9525945216346153 0.37400462980769233 0.9489332572115384 0.3718778942307692 0.9477526995192308 0.37205729086538464 0.9449189807692308 0.37878472115384615 0.9418499230769231 0.3823263894230769 0.9412596442307692 0.3848061346153846 0.9450385793269231 0.39472222115384614 0.9478703701923077 0.3984432860576923 0.9541280865384615 0.3982638894230769 0.9563715288461538 0.395078125 0.9558989206730769 0.3925983798076923 0.9538927475961538 0.38763888942307695 0.9547183653846154 0.3848061346153846 0.9563715288461538 0.3789612259615385
0 0.06198495432692308 0.78657696875 0.05535493749999999 0.7853009254807692 0.05059413461538462 0.7853009254807692 0.04549382692307692 0.7860677091346153 0.04175540144230769 0.7886168990384615 0.03852430528846154 0.7962673605769232 0.03750385817307692 0.8031510408653847 0.03852430528846154 0.8095283557692308 0.042434413461538464 0.81615740625 0.048894675480769235 0.8204918990384615 0.05467592548076923 0.8253385408653846 0.05994598798076923 0.8281423605769231 0.06266589423076924 0.8258478004807692 0.07031635817307692 0.8268663197115385 0.07762538461538462 0.8255931706730769 0.07966628125 0.8232986105769231 0.08289544711538463 0.816921295673077 0.08561535576923077 0.8092708341346154 0.08391589423076923 0.80264178125 0.07830632692307692 0.7955005793269231 0.06878472115384615 0.7878501153846155 0.06657600240384615 0.7868315961538461 0.06198495432692308 0.78657696875
0 0.22588541586538463 0.7908506947115386 0.24292438221153848 0.787326389423077 0.24879822596153847 0.78115740625 0.2514429014423077 0.7736660889423077 0.24762345673076924 0.7608883100961539 0.2449807091346154 0.7538368052884615 0.23704861057692309 0.7507523149038462 0.22030285576923078 0.75295428125 0.20679012259615387 0.7533969903846154 0.19533371875 0.75912615625 0.1891628076923077 0.7842418990384614 0.19650848798076923 0.8001041658653846 0.20620177403846154 0.8075954855769231 0.22588541586538463 0.7908506947115386
0 0.25140625 0.014681713942307691 0.24990355048076923 0.014988425480769231 0.2474440576923077 0.01662905048076923 0.24573688221153847 0.01837094951923077 0.24443865625 0.02164930528846154 0.2456674375 0.023596644230769234 0.24901620432692306 0.02236689903846154 0.2525 0.01939525480769231 0.2533198293269231 0.01662905048076923 0.2528414350961538 0.014782985576923076 0.25140625 0.014681713942307691
0 0.8001504639423077 0.5541608798076922 0.7960706009615385 0.5480410889423077 0.7933506947115384 0.5419212956730769 0.7887596442307692 0.5375868052884616 0.7848495360576924 0.5327401610576923 0.7797492283653846 0.5317216442307692 0.7756693677884615 0.5289149302884616 0.7727797067307692 0.5291695600961538 0.7707388125 0.5312094903846154 0.7688695985576923 0.5383506947115385 0.7666589495192307 0.5465104158653846 0.7651292427884615 0.5592621538461539 0.7635995360576923 0.568952545673077 0.7649594903846153 0.5771122692307692 0.7670003846153846 0.5868026610576923 0.7698900456730768 0.5906278942307692 0.7727816346153846 0.5967592596153847 0.7919907403846154 0.5972569447115385 0.8015104158653846 0.601594329326923 0.8091608798076924 0.6003182860576923 0.81154128125 0.5906278942307692 0.8106905865384615 0.5732870360576923 0.8059317139423077 0.5628327548076923 0.8055902788461539 0.5607928245192307 0.8001504639423077 0.5541608798076922
0 0.051510415865384615 0.06171296394230769 0.048854165865384616 0.060237269230769226 0.04590277884615384 0.05920428125 0.04324652884615385 0.059351850961538465 0.04226273076923077 0.059351850961538465 0.04039351923076923 0.06186053125 0.039901620192307696 0.06333622596153846 0.04059027884615385 0.06717303125 0.04157407451923077 0.07396122596153845 0.042459490384615384 0.0736660889423077 0.044131944711538466 0.07337094951923076 0.04993634375 0.07337094951923076 0.05593942788461538 0.07012442067307692 0.05436535576923077 0.06377893509615384 0.053281249999999995 0.0630410889423077 0.051510415865384615 0.06171296394230769
0 0.49033179086538464 0.28758969951923075 0.5037962956730769 0.28116319471153844 0.5035918221153847 0.27718460576923076 0.5019598774038462 0.2695370360576923 0.4991049375 0.26157986057692306 0.4966570216346154 0.25453993028846156 0.4946161274038462 0.25148148076923077 0.4891087956730769 0.24842013942307692 0.4833950625 0.24964409615384617 0.4770717596153846 0.25239872596153845 0.47299189903846156 0.25239872596153845 0.4717669759615385 0.25209201442307694 0.4691145841346154 0.25239872596153845 0.4654436730769231 0.25546006971153845 0.4646276995192308 0.26372106490384617 0.46340277884615383 0.26800636538461536 0.4593229158653846 0.27443287019230767 0.46054783894230766 0.28483506971153844 0.4689120360576923 0.29921875 0.4778877307692308 0.31115451442307696 0.4829880408653846 0.3019733798076923 0.49033179086538464 0.28758969951923075
0 0.6707021610576922 0.07111979086538461 0.6685706009615384 0.07296585576923077 0.6676697524038461 0.07567129567307693 0.6683256177884616 0.07665509375 0.6708661274038461 0.07886863461538461 0.6726697524038462 0.08095775480769231 0.6744733798076923 0.08157407451923077 0.6761959879807692 0.08083622596153847 0.6769348004807691 0.07751446875 0.6769328701923077 0.07271990625 0.6735725312499999 0.07001446875 0.6719328701923076 0.07013599519230769 0.6707021610576922 0.07111979086538461
0 0.04882523076923077 0.37458622596153845 0.05285879567307693 0.37561921394230774 0.05384259375 0.37473379567307696 0.054924769230769235 0.36794560096153844 0.05708912019230769 0.3644039350961539 0.05659722115384615 0.36086226923076925 0.055121528846153844 0.35761574038461535 0.050399305288461545 0.35539930528846153 0.04528356490384615 0.3515625 0.04331597115384615 0.34979166586538457 0.04006944471153846 0.3490538197115385 0.036527778846153845 0.3499392355769231 0.0359375 0.35185763942307696 0.03760995432692307 0.3602719903846153 0.04006944471153846 0.3655844903846154 0.04174189903846153 0.3680931706730769 0.047054399038461536 0.37296296394230766 0.04882523076923077 0.37458622596153845
0 0.743732639423077 0.8688686346153845 0.7508333341346154 0.8703385408653846 0.7564641201923077 0.8674016201923076 0.7630729158653846 0.8629947908653846 0.7669907403846155 0.8593229158653847 0.7679687500000001 0.85234375 0.7669907403846155 0.8468373846153846 0.7652758485576924 0.841328125 0.7642978389423077 0.8394936346153846 0.760625 0.838391204326923 0.7557291658653846 0.83912615625 0.7447125769230769 0.8380237259615384 0.743732639423077 0.8380237259615384 0.7344309423076923 0.8394936346153846 0.7292901225961538 0.841328125 0.7253723004807693 0.841328125 0.7214564038461538 0.8420630793269231 0.7182735336538462 0.8464699062500001 0.7199864975961539 0.8582204855769231 0.7224344134615385 0.8622598389423076 0.7314930552884615 0.8662991899038462 0.743732639423077 0.8688686346153845
0 0.50024884375 0.6039004639423077 0.49602623557692305 0.5864583341346153 0.4901620360576923 0.5791666658653847 0.48443287019230774 0.570920139423077 0.4768325625 0.5624131947115385 0.4658564807692308 0.5440682860576923 0.45250771634615383 0.5244791658653847 0.4409182091346154 0.4926967596153846 0.4335860336538462 0.49195601923076926 0.4272048605769231 0.49856481490384613 0.4216010793269231 0.5048061346153846 0.4162075625 0.5198755793269231 0.41377507692307697 0.5279137740384615 0.4093672836538461 0.5367447908653846 0.4056674375 0.550703125 0.40640624999999997 0.5613310192307692 0.41155285576923073 0.5745515048076923 0.43256365625000004 0.6076012740384615 0.44243441346153844 0.6472598389423077 0.4657021610576923 0.6456741899038462 0.49073109615384614 0.6255787043269231 0.50024884375 0.6039004639423077
0 0.8298244591346153 0.7929918990384616 0.8224209110576923 0.7993373846153846 0.8164274687499999 0.804626735576923 0.8083198293269231 0.8162586802884615 0.8065567139423078 0.8352951394230769 0.8058526225961539 0.8437557860576923 0.8125501538461539 0.842170139423077 0.8245351081730768 0.8363541658653847 0.8312345673076924 0.8305381947115384 0.8382851081730769 0.8210185192307692 0.842162423076923 0.7993373846153846 0.8439236105769231 0.7898206009615384 0.8403993052884615 0.7898206009615384 0.8298244591346153 0.7929918990384616
0 0.19073495432692308 0.1301591442307692 0.1872048605769231 0.12921875 0.1858391201923077 0.13109664423076922 0.18515625000000002 0.1347714110576923 0.18612268509615384 0.13810185096153846 0.18788773076923077 0.14134548557692309 0.19227237740384615 0.14109085576923078 0.19722607932692307 0.1369907403846154 0.19608603365384614 0.13314814903846153 0.19380980048076923 0.13229456009615384 0.19073495432692308 0.1301591442307692
0 0.8238773149038461 0.6231857644230769 0.8203510793269231 0.6229398149038462 0.8157600312500001 0.6228153942307693 0.8121527788461538 0.6240451394230769 0.8094483028846154 0.6241695600961539 0.8051851850961539 0.6250289350961539 0.8039544759615385 0.6309317139423077 0.80502121875 0.6327777788461538 0.8070698293269231 0.6384346057692307 0.8090374230769231 0.6432291658653846 0.8123996923076924 0.6487644687499999 0.8164158942307692 0.6526996538461538 0.8223186730769231 0.6578645841346155 0.828796295673077 0.6587268509615385 0.8301909711538461 0.65626446875 0.8306828701923077 0.65146990625 0.8299440576923077 0.6464265048076924 0.8295331778846153 0.6402777788461538 0.8306828701923077 0.6292100697115385 0.8273206009615385 0.6241695600961539 0.8257619591346154 0.623923610576923 0.8238773149038461 0.6231857644230769
0 0.10348186778846154 0.5265364591346153 0.09890046394230768 0.5196643509615385 0.09467013942307692 0.5186053245192308 0.08809799278846153 0.51446759375 0.08070987740384615 0.5245081009615384 0.07422260817307692 0.5334114591346154 0.06964120432692308 0.5397569447115385 0.06259066346153846 0.5508622692307692 0.06082754567307692 0.5582638894230769 0.06259066346153846 0.5704282403846154 0.07316550961538461 0.5810040504807692 0.0788059423076923 0.6032118052884615 0.08233217548076924 0.6159027788461539 0.08479938221153846 0.6238339110576923 0.0922029326923077 0.6233043990384615 0.10136767067307692 0.6190740745192307 0.11264853365384615 0.6090277788461539 0.11511574038461539 0.5963368052884616 0.1232233798076923 0.5693692139423077 0.11335262259615385 0.5402864591346154 0.11053240625 0.5349971057692308 0.10348186778846154 0.5265364591346153
0 0.3756442908653846 0.17913194471153845 0.37342978365384616 0.18073206009615386 0.3704783942307692 0.18355902884615385 0.36875771634615384 0.18675636538461537 0.36990547836538457 0.1897077548076923 0.37236496875 0.19044560096153845 0.37720100240384613 0.1909375 0.3821199855769231 0.19057002403846154 0.38376157451923076 0.18700231490384617 0.38343171394230774 0.18380497596153844 0.3811361875 0.17974826442307693 0.37851273076923075 0.17876446875 0.3756442908653846 0.17913194471153845
0 0.21049382692307692 0.9169965288461538 0.20872299278846154 0.91982928125 0.20588927403846155 0.9231944447115384 0.2043557091346154 0.9274450240384616 0.20400077163461539 0.9334635408653846 0.20411844230769233 0.9389554399038461 0.20659915144230767 0.9442679399038462 0.20990355048076925 0.9494039350961538 0.21332754567307693 0.9488715288461538 0.2150983798076923 0.9458622692307692 0.21698688221153845 0.9362991899038462 0.21662808653846152 0.9331018509615384 0.21498070913461537 0.9221296298076923 0.21356481490384616 0.9154021995192309 0.2126195985576923 0.9154021995192309 0.21049382692307692 0.9169965288461538
0 0.1907060192307692 0.8728356490384616 0.1872395841346154 0.8682465288461538 0.1823418221153846 0.8642679399038461 0.17663001442307694 0.8612065961538462 0.16418595673076922 0.8740596057692307 0.15786265384615383 0.8801793990384615 0.1548013125 0.8862991899038462 0.15194637259615384 0.8939496538461539 0.14847800961538463 0.8979282403846154 0.14908950721153846 0.9046614591346154 0.15031442788461538 0.9101678245192308 0.15276234615384615 0.9144531250000001 0.15908564903846154 0.9196556706730769 0.16622685096153844 0.9254687500000001 0.1786709110576923 0.9245515048076923 0.19601080288461536 0.9224103004807692 0.2033545528846154 0.9193489591346153 0.20355902884615384 0.91139178125 0.19927469230769232 0.8991521995192309 0.19682677403846152 0.8853819447115385 0.19437885817307693 0.8789554399038462 0.1907060192307692 0.8728356490384616
0 0.5766763125 0.3016984951923077 0.5720929783653846 0.29429398076923075 0.5668055552884615 0.29006365625 0.5618692139423077 0.2837181706730769 0.55834490625 0.2816030096153846 0.5463580240384616 0.2742013894230769 0.5375462956730769 0.2715567139423077 0.5311998461538462 0.273671875 0.5135744591346154 0.27948784615384614 0.49876736057692306 0.28107638942307694 0.48572530769230765 0.2974681706730769 0.4814949855769231 0.3138599543269231 0.4793788581730769 0.3281365745192308 0.4793788581730769 0.3524623846153846 0.4966531634615385 0.3699103004807692 0.5467110336538462 0.3857754639423077 0.5791435192307692 0.36832465384615387 0.6009992283653847 0.3217910889423077 0.581963735576923 0.3064583341346154 0.5794965288461539 0.3043431706730769 0.5766763125 0.3016984951923077
0 0.8733159711538462 0.4964091442307692 0.8715451394230769 0.4900318293269231 0.8702469134615385 0.4848987259615385 0.8678858028846155 0.4811776610576923 0.8623379639423077 0.47639756971153846 0.8578510793269231 0.4732089110576923 0.8559625769230769 0.4707291658653846 0.8531288581730769 0.4710850697115384 0.8527739206730769 0.4755121538461538 0.8540721442307693 0.4827719903846154 0.8548996923076922 0.4925115745192308 0.8560802475961539 0.49977430528846156 0.8570235336538462 0.5006597211538462 0.8583236875 0.5006597211538462 0.8703645841346154 0.5137615745192308 0.8746161274038461 0.51021990625 0.8752064038461539 0.5056163197115384 0.8747337956730769 0.5020746538461538 0.8733159711538462 0.4964091442307692
0 0.1709741514423077 0.10095486057692307 0.1675308653846154 0.0996035889423077 0.16375964423076922 0.09984953605769231 0.15982445913461538 0.10070891105769232 0.15810185096153845 0.10280092548076923 0.15646219230769232 0.10575231490384616 0.15490547836538462 0.10919560096153846 0.15482253124999998 0.11165509374999999 0.15613425961538463 0.11239293990384615 0.15982445913461538 0.11423611057692308 0.16375964423076922 0.11620370432692308 0.166875 0.1171875 0.17040123557692308 0.1159577548076923 0.17499228365384617 0.11030092548076922 0.17359760817307693 0.103046875 0.17253279326923077 0.10193865625 0.1709741514423077 0.10095486057692307
0 0.6713040120192308 0.24376446875 0.6672222211538461 0.24248842548076924 0.6646739975961539 0.24300057932692307 0.6619521610576923 0.24708043990384615 0.6561728389423076 0.2547309038461539 0.6543036274038462 0.26135995432692305 0.65634259375 0.2662065961538462 0.6600829471153846 0.26773437499999997 0.6692631177884615 0.2692650456730769 0.6772530865384615 0.2679890048076923 0.6816743822115385 0.2641666658653846 0.6792939807692308 0.2547309038461539 0.6786130408653845 0.2483535889423077 0.6750443677884616 0.24682581009615384 0.6713040120192308 0.24376446875
0 0.6106963725961538 0.5173379639423077 0.6083159711538462 0.5224392355769231 0.6074652788461539 0.5272829855769231 0.6067862644230769 0.53671875 0.6083159711538462 0.5385040504807692 0.6105266201923076 0.5385040504807692 0.6163059423076922 0.537482639423077 0.6237866514423077 0.5341695600961539 0.6239564038461538 0.5275376153846154 0.6157966826923077 0.51529803125 0.6135860336538461 0.51529803125 0.6106963725961538 0.5173379639423077
0 0.8504050937500001 0.5767100697115385 0.8451003076923077 0.5797685192307692 0.8416319447115386 0.5819126153846154 0.8408159711538462 0.5840538197115385 0.8402044759615385 0.5883362259615385 0.8428568677884616 0.5969068293269231 0.84591628125 0.5984346057692307 0.8510165889423077 0.5999652788461538 0.8565239206730768 0.5987413197115384 0.8601967596153847 0.5910908557692308 0.8614216826923078 0.5819126153846154 0.8601967596153847 0.5791579855769231 0.8591763125 0.5748726850961539 0.8504050937500001 0.5767100697115385
0 0.9079340288461538 0.6259780096153846 0.9091589495192308 0.62107928125 0.9079340288461538 0.6164901610576923 0.9014062500000001 0.6128182860576923 0.895898920673077 0.608532985576923 0.8869212956730769 0.6054745360576923 0.8799845673076923 0.60271990625 0.8752893509615384 0.6030381947115384 0.8714120360576924 0.606076389423077 0.8663175144230769 0.6091464110576923 0.8671334879807693 0.6146556706730769 0.8695814038461538 0.618327545673077 0.8757021610576923 0.6265885408653846 0.8885532403846154 0.633625579326923 0.89997878125 0.6342390048076924 0.9042631177884615 0.6305671298076923 0.9079340288461538 0.6259780096153846
0 0.37045717548076923 0.9488802091346155 0.36678626442307694 0.9510214110576923 0.36454089423076924 0.9568344903846153 0.3627044759615385 0.9635677091346154 0.3622974543269231 0.9663223389423077 0.3647453701923077 0.9693807860576923 0.37229359615384616 0.9751967596153845 0.3786168990384615 0.9663223389423077 0.3780054014423077 0.95928240625 0.37678240625 0.9525520841346153 0.37045717548076923 0.9488802091346155
0 0.7790335649038462 0.2635214110576923 0.7748032403846155 0.26603009375000003 0.7722453701923077 0.26883391105769233 0.77234375 0.27134259374999997 0.7738194447115384 0.27399884375 0.7771643509615385 0.27695023076923075 0.7808043990384615 0.27665509375 0.7850308653846153 0.27578125 0.7874961418269231 0.26322627403846155 0.7842476850961538 0.2613078701923077 0.7821817139423076 0.2621932860576923 0.7790335649038462 0.2635214110576923
0 0.06100308653846154 0.6530758100961538 0.05994598798076923 0.6462008100961539 0.057478781250000006 0.6425 0.055362653846153846 0.6403848389423078 0.05113232932692308 0.636154514423077 0.04549189903846154 0.62928240625 0.04478780769230769 0.6250520841346153 0.034917052884615385 0.61923321875 0.025046295673076924 0.618706596153846 0.024693286057692308 0.618706596153846 0.015175540865384614 0.6419704855769232 0.01658564903846154 0.6541348389423077 0.023283177884615387 0.662595485576923 0.04548611057692308 0.671875 0.05818287019230769 0.6678819447115385 0.06065200721153847 0.6615364591346153 0.06135609615384615 0.6573061346153846 0.06100308653846154 0.6530758100961538
0 0.9392978389423077 0.06511284615384615 0.9356134254807693 0.06022569471153846 0.9330632716346153 0.05300057932692308 0.9317881947115385 0.04790219951923077 0.9293807860576924 0.03961226923076923 0.9255555552884616 0.0328125 0.9231462187499999 0.02707465384615385 0.9207388125 0.02367476923076923 0.9140798605769231 0.024100115384615386 0.9060050144230769 0.02707465384615385 0.8967959110576923 0.030263310096153847 0.8891454471153846 0.03451388942307692 0.8861709110576924 0.031325230769230765 0.8831963725961539 0.029623843749999997 0.8782368822115385 0.028776040865384617 0.8778125 0.03918692067307693 0.8782368822115385 0.04683738461538462 0.8820621153846153 0.053214699519230774 0.8887210649038462 0.06553819471153846 0.8892881947115385 0.07637731490384615 0.8958043990384615 0.08594039423076924 0.9004803245192308 0.09040219951923077 0.9051543221153846 0.10124131971153846 0.9120968365384615 0.11080439903846154 0.9191801706730769 0.11399016105769232 0.9242804783653846 0.11144097115384616 0.92881365625 0.09953993028846155 0.9422723774038461 0.07552662019230769 0.9434066346153845 0.0736140048076923 0.9409973004807692 0.07000289423076923 0.9392978389423077 0.06511284615384615
0 0.7273726850961538 0.8400347211538463 0.729733795673077 0.837673610576923 0.7313078701923076 0.8345746538461539 0.7312094903846155 0.830295139423077 0.7298321754807693 0.826015625 0.7288483798076922 0.8184895841346154 0.7263888894230769 0.8159809038461538 0.7246180552884615 0.8159809038461538 0.7239293990384615 0.8170138894230768 0.7203877307692307 0.8190798605769231 0.7159606490384616 0.8215885408653846 0.7100578701923077 0.8286718750000001 0.7069097211538462 0.8317708341346154 0.7076967596153847 0.8322135408653846 0.7092708341346154 0.838263889423077 0.7177314807692308 0.8422482644230769 0.7240277788461539 0.841953125 0.7254050937500001 0.8415104158653846 0.7273726850961538 0.8400347211538463
0 0.7953047836538462 0.48426215384615384 0.7895254639423077 0.4893634254807692 0.7874845673076922 0.49395254567307695 0.7881655096153846 0.4985445600961539 0.7939448293269231 0.5016030096153846 0.7971759254807692 0.5044097211538461 0.8032966826923077 0.5072135408653846 0.8080555552884616 0.4914033557692308 0.8102662043269231 0.48069444471153844 0.8058468365384616 0.47584780048076925 0.8014255408653846 0.4768692139423077 0.7953047836538462 0.48426215384615384
0 0.3671682091346154 0.86501446875 0.3625173605769231 0.8646469903846155 0.36153742307692305 0.8672164350961539 0.36031442788461543 0.8705208341346153 0.35982445913461536 0.8763975697115385 0.3620273918269231 0.88337384375 0.3705960649038461 0.88337384375 0.3789197524038462 0.8877806706730769 0.38479552403846157 0.8811718749999999 0.38430555528846155 0.86868634375 0.3754918990384616 0.8679513894230768 0.3725540120192308 0.8679513894230768 0.3671682091346154 0.86501446875
0 0.4909432860576923 0.6902690961538462 0.4952276225961538 0.6881278942307693 0.4980844903846154 0.6869039350961538 0.5025733028846153 0.6862905096153846 0.5058371923076923 0.685986689903846 0.5082851081730769 0.6844560192307692 0.5080806322115385 0.6810879639423076 0.5070601850961538 0.67282696875 0.5054282403846154 0.6642592596153847 0.5033892740384616 0.6535474543269231 0.4997164350961538 0.647734375 0.49339120432692307 0.6449797451923077 0.4895158173076923 0.6357986105769231 0.48727237740384616 0.6345746538461537 0.4803356490384615 0.6354947908653846 0.47299189903846156 0.6385532403846154 0.46850308653846157 0.641921295673077 0.45646605048076927 0.6431452548076924 0.45238618750000004 0.6443692139423077 0.45075424278846155 0.6474276610576923 0.44993827163461536 0.6526302091346154 0.44993827163461536 0.6630353004807692 0.4529996153846154 0.679253471153846 0.45340663461538466 0.6884346057692308 0.4572916658653846 0.7092303245192307 0.462382329326923 0.7199537043269231 0.46646412019230765 0.716281829326923 0.4744193677884615 0.7083246538461538 0.48054012259615386 0.7015914350961538 0.4838040120192308 0.6976128461538462 0.4909432860576923 0.6902690961538462
0 0.12781635817307693 0.1685619206730769 0.13093364182692308 0.16962384375 0.1344753076923077 0.16239872596153845 0.1398591826923077 0.1547482644230769 0.14 0.15177372596153846 0.13815972115384614 0.1477372692307692 0.13532600240384615 0.1449739591346154 0.13121720673076923 0.14412326442307694 0.12484182211538462 0.14476273076923077 0.12144290144230768 0.14561053125 0.11846643509615386 0.14837384375 0.11676697596153847 0.15028645913461539 0.11690779326923077 0.15623842548076924 0.11917438221153846 0.16537615625 0.12059220673076923 0.17004918990384615 0.12342592548076924 0.16813657451923078 0.12781635817307693 0.1685619206730769
0 0.11673225240384616 0.15538483894230767 0.11648726923076923 0.15243344951923077 0.11755208413461539 0.1487442139423077 0.11812692788461539 0.14284143509615385 0.11796296394230768 0.14296585576923077 0.1155844903846154 0.14480902884615385 0.11337191346153846 0.14653067067307693 0.11206018509615386 0.14640914423076923 0.10927276201923078 0.14493344951923076 0.1064853389423077 0.14493344951923076 0.10246720673076924 0.14628472115384616 0.09828510817307692 0.14862268509615384 0.09312114182692308 0.15194155048076924 0.08893904326923076 0.1545254639423077 0.08451195913461539 0.15833622596153846 0.08024884374999999 0.16251736057692306 0.07754436778846154 0.16645254567307693 0.07696952163461537 0.17026620432692308 0.07705246874999999 0.1755526610576923 0.08180748557692308 0.18145833413461537 0.08853009375 0.18379340384615384 0.10156442788461538 0.17949074038461538 0.10853394951923077 0.1753067139423077 0.11361689903846153 0.1687905096153846 0.1151755408653846 0.1612876153846154 0.1159953701923077 0.15833622596153846 0.11673225240384616 0.15538483894230767
0 0.6890817908653847 0.8048321754807692 0.682233795673077 0.7825520841346154 0.6699556322115385 0.7531076394230769 0.6541184423076923 0.7375723389423077 0.6334066346153846 0.7311776610576923 0.6120949062500001 0.7302662043269231 0.5944251538461539 0.7521990745192307 0.59076003125 0.7658854158653846 0.5852816346153846 0.7933159711538462 0.5749266971153847 0.8207233798076923 0.5791917427884615 0.8362586802884615 0.5871103389423077 0.8444820600961538 0.6108680552884616 0.8536197908653846 0.6360725312500001 0.8611689807692307 0.6521412043269231 0.8465567139423077 0.6795138894230769 0.8427662043269231 0.6890817908653847 0.8048321754807692
0 0.7050771610576922 0.7919010408653846 0.7070370360576923 0.7794155096153846 0.7055671298076922 0.7672974543269231 0.6989583341346154 0.751875 0.6938175144230769 0.7353501153846154 0.6898996923076923 0.7206626153846154 0.6867168221153845 0.7096469903846153 0.6803530096153847 0.7056076394230769 0.6749672067307693 0.7092795144230769 0.6725192908653846 0.7118489591346153 0.6661535504807692 0.7177256947115385 0.6612577163461538 0.7225 0.6573398918269231 0.7302112259615385 0.6551369591346153 0.7382899302884615 0.6551369591346153 0.7404918990384615 0.6671334879807692 0.7515075240384615 0.6781481490384615 0.7713368052884615 0.6906346442307693 0.7863946754807691 0.7011612644230769 0.7937384254807692 0.7050771610576922 0.7919010408653846
0 0.05050540144230769 0.10217303125 0.04894675961538461 0.10229456009615386 0.04845486057692308 0.10340277884615384 0.04845486057692308 0.10610821875 0.04927469230769231 0.11016493028846154 0.051570216346153844 0.11373263942307693 0.05501350240384616 0.11607060096153846 0.05755594230769231 0.11619212980769231 0.057883872596153844 0.11360821874999999 0.05690007692307693 0.10795138942307693 0.0521450625 0.10254050961538462 0.05140625 0.10241898076923077 0.05050540144230769 0.10217303125
0 0.15469907451923076 0.9711255793269231 0.15245563221153846 0.9662297451923076 0.1512307091346154 0.9699016201923077 0.14735532451923078 0.9775520841346155 0.14449845673076925 0.9833680552884616 0.1436824855769231 0.988874420673077 0.1447029326923077 0.9925462956730768 0.14878279326923077 0.9989728004807692 0.15694444471153846 0.9943836802884616 0.16122878125 0.9907118052884616 0.1610243052884615 0.9894878461538461 0.16020833413461538 0.9842853004807692 0.15898341105769231 0.9738802091346154 0.15694444471153846 0.9723495360576924 0.15469907451923076 0.9711255793269231
0 0.7740104158653847 0.45759259375 0.7707503846153846 0.4548321754807692 0.7667843365384616 0.4531307860576923 0.7625347211538462 0.45121817067307696 0.7598418221153846 0.4499421298076923 0.7546006947115385 0.44739293990384615 0.7506346442307692 0.44739293990384615 0.7486496923076923 0.44909432932692306 0.7438329471153846 0.45291956009615386 0.736892360576923 0.45228009375 0.7339158942307692 0.45228009375 0.7329243822115384 0.45844328605769236 0.7334915120192308 0.4656684038461538 0.7358989206730769 0.46949363461538457 0.7391589495192308 0.47502025480769233 0.7448244591346154 0.48160590384615387 0.7428414350961539 0.4892563653846154 0.7412827932692309 0.49860821875 0.7427006177884615 0.5034953701923077 0.7468094134615384 0.5043460649038461 0.752901235576923 0.5028587956730769 0.7585667427884615 0.5088078701923077 0.7642341826923077 0.5051967596153847 0.7699016201923077 0.49796875 0.7792515432692307 0.4665190961538462 0.7779764663461539 0.4592939807692308 0.7767013894230769 0.45886863461538463 0.7740104158653847 0.45759259375
0 0.1634760793269231 0.21159432932692307 0.1602179783653846 0.20649594951923078 0.1583757716346154 0.20139467548076923 0.1545505408653846 0.2003327548076923 0.1507253076923077 0.20373263942307693 0.14859953605769233 0.20925636538461537 0.14760802403846154 0.21605902884615386 0.14888310096153845 0.2198842596153846 0.15355902884615386 0.2288078701923077 0.15653356490384615 0.23305844951923077 0.16106674278846153 0.23220775480769232 0.16829282451923078 0.23284722115384618 0.1784934423076923 0.22838252403846154 0.1784934423076923 0.22413194471153847 0.17551697596153845 0.22115740625 0.16985146634615383 0.21712094951923078 0.16829282451923078 0.21584490625000002 0.1634760793269231 0.21159432932692307
0 0.46052855048076924 0.08163483894230769 0.45905285576923077 0.07927372596153846 0.45659336538461537 0.07809317067307692 0.45364197596153844 0.07779803125000001 0.4522646610576923 0.08237268509615385 0.4516743822115385 0.08606192067307691 0.45196952163461535 0.09314525480769231 0.4551176706730769 0.0962442139423077 0.45738040144230774 0.10199942067307692 0.46249614182692306 0.09668692067307692 0.46387345673076924 0.08606192067307691 0.46298804086538464 0.08429108894230769 0.46052855048076924 0.08163483894230769
0 0.6492380408653846 0.8931047451923076 0.6560918221153845 0.8975115745192308 0.6666184423076923 0.8986140048076923 0.6729841826923076 0.8967766201923077 0.6815528557692307 0.8868634254807692 0.6830208341346153 0.8809866899038461 0.6835108028846153 0.8736429399038462 0.6825308653846154 0.86850115625 0.6793479927884616 0.8607899302884616 0.6742071754807692 0.8468373846153846 0.6742071754807692 0.845734954326923 0.6669367283653845 0.8464120360576923 0.6585455240384616 0.8460937500000001 0.6516859567307692 0.845734954326923 0.6448302475961539 0.8541811346153847 0.6389544759615385 0.8747453701923077 0.6367515432692308 0.8875983798076923 0.6401793990384615 0.8905353004807692 0.6492380408653846 0.8931047451923076
0 0.40295717548076926 0.3242245360576923 0.39969907451923076 0.3242245360576923 0.3896412043269231 0.3301736105769231 0.38680748557692307 0.33123553125 0.38354938221153845 0.3337876153846154 0.3819907403846154 0.3373987259615384 0.3828395072115385 0.34249999999999997 0.3845408942307692 0.34526331009615385 0.38737268509615386 0.3486631947115385 0.38978202163461534 0.35057581009615385 0.39360725240384614 0.35100115625 0.39559027884615383 0.35163773076923077 0.3992746923076923 0.3518489591346154 0.4073495360576923 0.3507870360576923 0.41145833413461536 0.33612557932692305 0.41075038461538466 0.32932291586538465 0.40763310096153843 0.3265625 0.40295717548076926 0.3242245360576923
0 0.39934220673076926 0.19663194471153847 0.4011130408653846 0.19078703605769232 0.40087769951923075 0.18653645913461536 0.39875192788461533 0.1822858798076923 0.39580054086538463 0.1814004639423077 0.3917862644230769 0.1819328701923077 0.3885995360576923 0.1822858798076923 0.38553047836538457 0.1831712956730769 0.3861188269230769 0.18742187500000002 0.3883622692307692 0.1918489591346154 0.39296682211538464 0.19539062499999998 0.3965084879807692 0.19663194471153847 0.39934220673076926 0.19663194471153847
0 0.8567496153846155 0.84 0.8549131947115385 0.8476504639423077 0.8559336418269231 0.8556076394230769 0.8596045528846153 0.86142071875 0.8645023149038462 0.8629513894230769 0.8693981490384615 0.8611140048076924 0.8740895072115384 0.8577488437499999 0.8712326394230769 0.8387760408653846 0.8642978389423077 0.8332696754807691 0.8620524687500001 0.8335734951923077 0.8567496153846155 0.84
0 0.13766396634615385 0.06864872596153847 0.1367611875 0.06631076442307691 0.13487654326923076 0.06483506971153846 0.1316782403846154 0.06262152884615385 0.12831790144230767 0.06139178125 0.12413580288461537 0.060532406250000004 0.11880787019230768 0.05881076442307693 0.11658564903846155 0.05868634375 0.11429012259615384 0.05819444471153846 0.11306712980769232 0.05856481490384616 0.1118383485576923 0.060407985576923076 0.1118383485576923 0.06299189903846154 0.11273919711538462 0.06618923557692308 0.11347800961538461 0.06901620432692307 0.11543788461538461 0.07516782451923078 0.11683834855769232 0.08070023076923076 0.11733024759615383 0.08303819471153846 0.1201195985576923 0.08512731490384615 0.12306134375000001 0.08512731490384615 0.12953896634615386 0.08402199038461539 0.13487654326923076 0.08303819471153846 0.13971257692307693 0.07897858894230768 0.13930362740384614 0.07258391105769231 0.13831211538461538 0.06987847115384616 0.13766396634615385 0.06864872596153847
0 0.9696971442307691 0.4092390048076923 0.9682214495192307 0.4067795144230769 0.9656790120192308 0.40554976923076924 0.963547454326923 0.4062876153846154 0.9610879639423077 0.40800925961538465 0.9563329471153845 0.41169849519230767 0.9555960649038462 0.4136660889423077 0.9552681322115385 0.41760127403846153 0.9565798605769231 0.4189525456730769 0.9580555552884615 0.4191984951923077 0.9696971442307691 0.4239959495192308 0.9725675144230769 0.4228877307692308 0.9723206009615384 0.4182146995192308 0.9710088725961538 0.41317418990384613 0.9696971442307691 0.4092390048076923
0 0 0.15933159615384615 0.004471449519230769 0.16399884374999998 0.008858024038461539 0.16527199038461537 0.018207947115384617 0.1646354158653846 0.020912423076923075 0.15933159615384615 0.022033177884615382 0.15423032451923074 0.018786651442307692 0.13997685096153847 0.01565779326923077 0.12727719951923078 0.00787230048076923 0.11363425961538462 0.007447915865384615 0.11363425961538462 0.0036226850961538462 0.11001157451923077 0.0019212956730769231 0.11024305528846154 0 0.12403935096153845 0 0.13765625 0 0.15933159615384615
0 0.19929976923076922 0.6843807860576923 0.21375192788461536 0.6928414350961538 0.23137924278846153 0.6949565961538462 0.24477430528846153 0.6949565961538462 0.25570216105769233 0.6949565961538462 0.2712133485576923 0.6912557860576923 0.2909548605769231 0.6875520841346153 0.3068190576923077 0.6833217596153845 0.3071720673076923 0.6679890048076923 0.31915702163461535 0.6367910889423077 0.3216242283653846 0.6114004639423076 0.3180941346153846 0.5881365745192307 0.31352237740384614 0.5331597211538461 0.3128125 0.49771990625 0.3124594903846154 0.4786834495192308 0.3103433653846154 0.47022280048076925 0.2846103389423077 0.4770978004807693 0.2620486105769231 0.4770978004807693 0.24336419711538462 0.4807986105769231 0.20529128125 0.49401620432692306 0.18554976923076924 0.50829571875 0.17920524759615386 0.5215133100961539 0.17638503125 0.5336776610576923 0.16898148076923075 0.5590596057692307 0.14500964423076923 0.5802083341346154 0.1446566346153846 0.5976591442307693 0.15100308653846153 0.6383767355769231 0.18026234615384615 0.6589988437500001 0.1834355721153846 0.6626996538461539 0.19929976923076922 0.6843807860576923
0 0.021869213942307692 0.34890625000000003 0.015572915865384616 0.34979166586538457 0.013898533653846154 0.35067708413461535 0.011340663461538463 0.35171006971153845 0.008192514423076922 0.3539236105769231 0.0052411274038461535 0.3565798605769231 0.0052411274038461535 0.36041956009615383 0.0059297836538461535 0.36263310096153845 0.00986496875 0.36661747596153843 0.011537423076923077 0.36912615625 0.014292052884615384 0.3713396995192308 0.01931134375 0.3732581009615385 0.026394675480769233 0.3694212956730769 0.03151041586538462 0.3613049759615385 0.027181713942307693 0.35067708413461535 0.026394675480769233 0.35067708413461535 0.021869213942307692 0.34890625000000003
0 0.8448553245192307 0.8296267355769231 0.8438348774038461 0.83482928125 0.8387345673076924 0.8418663197115385 0.8428163581730769 0.84890625 0.8466917427884616 0.8479861105769231 0.8562789350961538 0.8415625 0.8603607259615385 0.825954860576923 0.8532195216346155 0.8210590288461539 0.8483236875 0.8244241899038461 0.8448553245192307 0.8296267355769231
0 0.18533757692307692 0.11221643509615385 0.18471064903846154 0.11042245432692308 0.18283179086538462 0.10931134375000001 0.18112461538461538 0.10922743028846155 0.1795871923076923 0.10991030048076923 0.17827739182692307 0.11067708413461538 0.17782214423076922 0.11221643509615385 0.17765046394230768 0.11383680528846153 0.17765046394230768 0.11477719951923077 0.17770833413461537 0.11486400480769231 0.17907407451923077 0.11674189903846154 0.17992862740384613 0.1176822908653846 0.18260416586538464 0.1199016201923077 0.18545138942307693 0.11853587980769231 0.18602044711538462 0.11725405048076923 0.18596450721153845 0.11563078605769231 0.18533757692307692 0.11221643509615385
0 0.5071508485576923 0.11362268509615385 0.5078838725961539 0.1051765048076923 0.5056809423076923 0.10076967548076922 0.4953993052884615 0.09269097115384616 0.4782638894230769 0.09342592548076922 0.4699401995192308 0.0956307860576923 0.46234953605769236 0.10664641105769232 0.4447241514423077 0.15291377403846154 0.44056327163461534 0.1661342596153846 0.4395833341346154 0.18192418990384615 0.4434992283653846 0.1848640048076923 0.4474170528846154 0.1859635408653846 0.45525077163461536 0.18890335576923079 0.46234953605769236 0.18743344951923074 0.47679398076923074 0.17972222115384615 0.49515432211538457 0.16576678125 0.500785108173077 0.12978009375 0.502255014423077 0.12280381971153845 0.5071508485576923 0.11362268509615385
0 0.19339506250000002 0.06414930528846154 0.18929591105769233 0.06691550961538462 0.18676697596153843 0.06804398076923077 0.18669945913461536 0.07040219951923077 0.1872453701923077 0.07409143509615385 0.1899112644230769 0.07614004567307692 0.1928491514423077 0.07634548557692308 0.19483024759615386 0.07562789423076922 0.19612847115384616 0.07234953605769232 0.19612847115384616 0.06701967548076923 0.19489776201923076 0.06333043990384615 0.1940779326923077 0.06333043990384615 0.19339506250000002 0.06414930528846154
0 1 0.4328038197115385 0.99904128125 0.426171875 0.9934297836538462 0.4200520841346154 0.9832291658653846 0.4162268509615385 0.9779591057692307 0.421328125 0.9732002307692308 0.43229166586538464 0.9740489975961538 0.4394328701923077 0.9777893509615385 0.4478472211538461 0.98 0.4529484951923077 0.98271990625 0.45575231490384616 0.9878202163461538 0.45906828605769234 0.9944502307692308 0.45906828605769234 0.99904128125 0.4577922451923077 1 0.45626446875 1 0.45192708413461535 1 0.4396875 1 0.4328038197115385
0 0.27724730048076923 0.9440740745192309 0.27418595673076923 0.9468287043269231 0.2729629639423077 0.9511140048076924 0.2699016201923077 0.9584577548076924 0.2670466826923077 0.9654947908653846 0.26521026201923076 0.9713107644230768 0.2658217596153846 0.9740624999999999 0.2676581778846154 0.9758998846153847 0.2699016201923077 0.9798784711538461 0.27112654326923075 0.9823263894230769 0.2754108798076923 0.9878356490384615 0.27949074038461535 0.9930353004807693 0.28601851923076926 0.9982378461538463 0.28948688221153845 0.9964033557692308 0.29315972115384614 0.99181134375 0.29560763942307694 0.9807957187499999 0.29438271634615387 0.9691666658653847 0.2921392740384615 0.9605989591346155 0.2849980721153846 0.9529484951923077 0.27969521634615385 0.9437702548076923 0.2782658173076923 0.9437702548076923 0.27724730048076923 0.9440740745192309
0 0.84678240625 0.7362384254807692 0.8430439807692308 0.7362384254807692 0.837773920673077 0.737766204326923 0.8321624230769231 0.7431221057692308 0.8251929014423076 0.7510271995192308 0.8287635024038462 0.7566377307692308 0.8308024687500001 0.7556192139423078 0.8328433653846155 0.7551070600961538 0.8374324855769231 0.7586776610576924 0.8445736875 0.7602083341346154 0.8491628076923077 0.7594444447115385 0.8588541658653847 0.7533217596153846 0.8552835649038462 0.743888889423077 0.8518827163461539 0.7410821754807693 0.84678240625 0.7362384254807692
0 0.4891936730769231 0.19485243028846153 0.48205246875 0.18567418990384615 0.4788233028846154 0.1818489591346154 0.47440200721153847 0.17980902884615385 0.46794174278846157 0.18006365625 0.4636921298076923 0.18337962980769232 0.4596122692307692 0.18771412019230768 0.4562114206730769 0.1928125 0.45009259375 0.19638310096153846 0.4453317908653846 0.201484375 0.4434606490384615 0.20581886538461538 0.44227044711538466 0.20888020913461539 0.44227044711538466 0.215 0.4449922836538462 0.21984375 0.44652199038461543 0.2211197908653846 0.4511111105769231 0.22162905048076925 0.4546817139423077 0.22188368028846156 0.45944251442307693 0.21907986057692305 0.4657330240384615 0.2193344903846154 0.4701523918269231 0.22061053125000002 0.47780285576923076 0.2315740745192308 0.49089313221153846 0.2211197908653846 0.49293402884615384 0.2147453701923077 0.4920833341346154 0.20581886538461538 0.4891936730769231 0.19485243028846153
0 0.24013310096153845 0.013553240384615386 0.23924575721153846 0.013862846153846153 0.23904128125000002 0.01601273076923077 0.23897183653846155 0.020625 0.2404745360576923 0.022572338942307694 0.24327739182692307 0.022265624999999997 0.24484760817307694 0.02093171394230769 0.2459413581730769 0.017447915865384616 0.24252507692307693 0.013758680288461538 0.24184220673076923 0.01345196875 0.24013310096153845 0.013553240384615386
0 0.4646682091346154 0.21944155048076922 0.4593634254807692 0.2179108798076923 0.45632330288461537 0.21760706009615383 0.45122299278846156 0.22280671394230772 0.4518151995192307 0.23045717548076924 0.45446759374999995 0.23749710576923075 0.4573244591346154 0.24942997596153849 0.4620158173076923 0.2555497692307692 0.4699922836538461 0.24973668990384615 0.4809895841346154 0.24331018509615385 0.4704012355769231 0.22066550961538461 0.4689525456730769 0.22035879567307692 0.4646682091346154 0.21944155048076922
0 0.25681134375 0.041875 0.2547723774038462 0.041875 0.24950231490384617 0.041875 0.24508101923076925 0.04467881971153846 0.2411709110576923 0.05207465384615385 0.23845100240384615 0.059470485576923075 0.2399807091346154 0.06278356490384615 0.24644097115384614 0.06176504567307692 0.25239197596153845 0.057175925480769225 0.26072144951923076 0.04850405048076923 0.2605516971153846 0.044424189903846154 0.25936149759615384 0.043402778846153844 0.25681134375 0.041875
0 0.5115740745192308 0.8106712956730769 0.4993904326923077 0.8051909711538462 0.4853800144230769 0.8061024302884616 0.4835532403846154 0.8097598389423077 0.4817245360576923 0.8170688653846153 0.48474151201923077 0.8269675937500001 0.4805073293269231 0.83899884375 0.4805073293269231 0.8554456009615384 0.4805073293269231 0.8673234951923077 0.48763503125 0.8999710649038462 0.4982253076923077 0.8953125 0.5073090288461539 0.8993055552884616 0.5274131947115385 0.8919965288461539 0.5389872692307692 0.8782899302884615 0.5456867283653846 0.8527054399038462 0.5298495360576922 0.8243778942307693 0.5207118052884615 0.8198090288461538 0.5115740745192308 0.8106712956730769
0 0.3912461418269231 0.5642245360576923 0.3883892740384616 0.5648350697115384 0.3859413581730769 0.5675896995192308 0.38349344230769233 0.5706510408653845 0.38022955288461535 0.5749334495192308 0.3741087956730769 0.5813599543269231 0.3743132716346154 0.5856452548076923 0.37451774759615386 0.58962384375 0.37533371875 0.5914583341346155 0.38104552403846154 0.5929890048076923 0.3853298605769231 0.5911516201923077 0.3932870360576923 0.5837962956730769 0.39491705288461537 0.571875 0.39553047836538463 0.5685069447115384 0.39410107932692306 0.5657552091346154 0.3912461418269231 0.5642245360576923
0 0.7026639663461538 0.6050086802884616 0.6961477620192308 0.6007609951923076 0.6913290889423076 0.5988483798076923 0.6850964495192307 0.5977835649038462 0.6774459879807692 0.5945978004807693 0.6713541658653847 0.5922598389423077 0.6678125 0.5933217596153846 0.6637037043269232 0.5992737259615384 0.6594540889423077 0.6067100697115385 0.6564795528846153 0.6132986105769231 0.6563368052884615 0.6183969903846154 0.658462576923077 0.6222222211538462 0.6634201394230769 0.6230729158653846 0.6703703701923077 0.6201099543269231 0.6791454471153846 0.6203096057692308 0.6819791658653845 0.6188223389423076 0.6961477620192308 0.6186111105769231 0.7053549375 0.6169097211538461 0.7067727620192308 0.6105353004807692 0.7026639663461538 0.6050086802884616
0 0.10187885817307693 0.12631655048076923 0.10133101923076923 0.12313946875000001 0.09873456730769231 0.12180555528846154 0.0975057860576923 0.12180555528846154 0.09203896634615384 0.12395833413461539 0.08725694471153847 0.12703414423076922 0.08493441346153846 0.13133680528846153 0.08459297836538462 0.1350260408653846 0.08616512259615385 0.1373842596153846 0.0899228389423077 0.13728009375 0.09299575721153847 0.1346151610576923 0.09846257692307692 0.1306192139423077 0.10037422836538462 0.12938946875000001 0.10187885817307693 0.12631655048076923
0 0.07397183653846154 0.14106481490384615 0.0710204471153846 0.14180266105769232 0.07043017067307691 0.1435734951923077 0.06983989182692307 0.14637731490384615 0.07190586538461538 0.14962384374999999 0.07485725240384615 0.15080439903846155 0.07839892067307692 0.1528703701923077 0.08243248557692308 0.15478877403846153 0.08341628124999999 0.1537557860576923 0.08430169711538461 0.14800057932692307 0.07751350240384616 0.14062210576923076 0.07672646634615385 0.14062210576923076 0.07397183653846154 0.14106481490384615
0 0.8470042427884615 0.06127893509615385 0.8405439807692308 0.0587297451923077 0.8357831778846154 0.05592592548076923 0.8306828701923077 0.05260995432692307 0.8291531634615384 0.05082465384615385 0.8243942908653845 0.047508680288461544 0.8225231490384615 0.04776620432692307 0.8201427475961538 0.04980613461538462 0.8191242283653846 0.05490451442307693 0.8179340288461538 0.06153645913461539 0.8167438269230769 0.06612557932692308 0.8138541658653846 0.07199074038461538 0.8150424375 0.07760127403846154 0.8216743822115385 0.08295717548076922 0.8293229158653846 0.09009548557692308 0.8351041658653846 0.09060763942307691 0.8378240745192307 0.08856481490384614 0.8434336418269232 0.08346643509615384 0.8509143509615384 0.07505208413461538 0.8549942139423077 0.06765625 0.8510841057692308 0.06510416586538462 0.8470042427884615 0.06127893509615385
0 0.03871142067307692 0.2619994206730769 0.036055170673076925 0.25963831009615385 0.0337924375 0.25771990625 0.03231674278846154 0.2578674759615385 0.028775076923076924 0.2611140048076923 0.02788966105769231 0.2648032403846154 0.0258236875 0.2683478004807692 0.02454475240384615 0.2720370360576923 0.022577161057692308 0.27749710576923076 0.021691742788461536 0.28162905048076925 0.0231674375 0.2842853004807692 0.028775076923076924 0.2867939807692308 0.0337924375 0.2869415504807692 0.039006557692307695 0.28162905048076925 0.04126929086538462 0.27159143509615385 0.04048225240384616 0.2680526610576923 0.03949845673076923 0.26524884375 0.03871142067307692 0.2619994206730769
0 0.7912229927884616 0.2737268509615384 0.7848977620192308 0.27342303125 0.7769405865384615 0.2761747692307692 0.765109954326923 0.27801215384615385 0.761232639423077 0.2819907403846154 0.7591936730769231 0.2847453701923077 0.75939621875 0.2966782403846154 0.7610281634615385 0.3107552091346154 0.7616415889423076 0.3214670144230769 0.7663329471153847 0.3285040504807692 0.7757716057692308 0.33449074038461535 0.7881616514423077 0.32360821874999995 0.8052989975961539 0.2920891201923077 0.7983622692307691 0.2795428245192308 0.7963213725961539 0.2767881947115385 0.7912229927884616 0.2737268509615384
0 0.5771701394230769 0.008651620192307693 0.5770293221153846 0.011200810096153847 0.5802854927884615 0.014814814903846155 0.5851041658653846 0.016513310096153845 0.5887885793269231 0.014175346153846155 0.5855304783653846 0.0060995360576923075 0.5807137355769231 0.0046122692307692306 0.5784452163461539 0.006524884615384615 0.5771701394230769 0.008651620192307693
0 0.34746527884615386 0.7396585649038462 0.34154899759615387 0.7362934038461538 0.3393055552884615 0.7347627307692307 0.3317573293269231 0.7341521995192307 0.32869791586538466 0.7369068293269231 0.32543402884615386 0.7411892355769231 0.3217611875 0.7500636562499999 0.32380015384615385 0.7540422451923077 0.32828896634615384 0.7607754639423077 0.33889853365384615 0.7675057860576923 0.34358989182692307 0.77087384375 0.3537905096153846 0.771484375 0.35664544711538465 0.7644473389423077 0.3572588725961538 0.75373553125 0.3562384254807692 0.7439438653846153 0.3531790120192308 0.7414959495192307 0.34746527884615386 0.7396585649038462
0 0.058454860576923076 0.16830729086538462 0.056329088942307697 0.16575810096153848 0.05321373557692308 0.16171875000000002 0.05207947596153846 0.15789351923076925 0.04924575721153846 0.15619502403846156 0.04712191346153846 0.15683159615384618 0.045563271634615383 0.16235821875 0.04357831730769231 0.16788194471153844 0.04060378125 0.17404513942307692 0.03791280769230769 0.17978298557692307 0.0377700625 0.18381944471153847 0.03932870432692308 0.1853067139423077 0.042162423076923077 0.18870949038461537 0.04584683653846154 0.19232060096153847 0.05165509375 0.19593460576923077 0.05859567788461539 0.18721932932692306 0.06014660576923077 0.1802083341346154 0.06029706730769231 0.17192129567307693 0.059305555288461535 0.1693692139423077 0.058454860576923076 0.16830729086538462
0 0.13890239182692307 0.12583333413461537 0.1360320216346154 0.12411168990384615 0.13455632692307692 0.12435763942307693 0.13381944471153845 0.12607928125 0.13299961538461538 0.12866319471153845 0.13242476923076923 0.13259837980769232 0.1339004639423077 0.1372714110576923 0.13677083413461538 0.13948495432692307 0.14029513942307692 0.13936053125 0.14472222115384617 0.133828125 0.14168981490384616 0.128046875 0.14005015384615385 0.12657118028846154 0.13890239182692307 0.12583333413461537
0 0.15194637259615384 0.05363425961538461 0.15005980048076922 0.05265046394230769 0.14710841105769232 0.056585649038461534 0.1438290889423077 0.06064236057692308 0.14120563221153845 0.06359374999999999 0.1404668221153846 0.06654513942307692 0.14054976923076923 0.07035879567307693 0.14177855048076923 0.07343171394230769 0.14284529326923076 0.07576967548076924 0.14497685096153845 0.07613715384615384 0.14915894951923075 0.07404803125000001 0.15178240625 0.07208043990384615 0.15522569471153844 0.06383969951923077 0.15604552403846156 0.05683159615384615 0.15506172836538462 0.05584780048076923 0.15194637259615384 0.05363425961538461
0 0.9158005408653846 0.7774971057692308 0.9160455240384615 0.7754079855769231 0.9158815576923077 0.7749160889423077 0.9152256947115384 0.7741782403846155 0.9144888125 0.772702545673077 0.9133410504807693 0.7711024302884616 0.9115354927884615 0.7685214110576923 0.9098148149038461 0.7681510408653847 0.9082561730769231 0.7704890048076922 0.9059606490384616 0.7741782403846155 0.9044849543269231 0.7766377307692308 0.9065354927884616 0.7826620360576922 0.9114544759615384 0.7858622692307692 0.9162905096153846 0.7843865745192308 0.9160455240384615 0.7789728004807692 0.9156365745192308 0.7782349543269231 0.9158005408653846 0.7774971057692308
0 0.4487037043269231 0.19633101923076923 0.45354359615384615 0.19243344951923075 0.4534259254807692 0.19013310096153846 0.4523630408653846 0.18729745432692307 0.4510648149038462 0.18446469951923075 0.44799575721153845 0.18482060096153846 0.44091049278846156 0.1855266201923077 0.43854938221153844 0.18729745432692307 0.4380787043269231 0.19048611057692308 0.4378414350961538 0.19562210576923075 0.4359529326923077 0.20058159615384616 0.4432716057692308 0.20199652884615385 0.44492476923076923 0.20040219951923077 0.4487037043269231 0.19633101923076923
0 0.8757214495192307 0.8152141201923077 0.8747010024038461 0.8069502307692308 0.8706211418269232 0.7931799759615384 0.8677662043269231 0.7836950240384616 0.8657253076923077 0.7772685192307692 0.861849923076923 0.7665567139423076 0.8577700625 0.7610503461538461 0.8528723004807692 0.759826389423077 0.8467534711538461 0.7610503461538461 0.8434895841346154 0.7607436346153846 0.8385918221153846 0.7592129639423076 0.8351234567307693 0.7561545144230769 0.8345119591346154 0.7561545144230769 0.8322685192307693 0.7589091442307693 0.8324729927884615 0.7631915504807693 0.8330844903846154 0.7748206009615385 0.8345119591346154 0.7907320600961539 0.8398167427884615 0.79287615625 0.8443055552884615 0.7965480312500001 0.844712576923077 0.7996064807692308 0.8459375 0.8045023149038462 0.8526697524038462 0.8124594903846154 0.8681732259615385 0.8253125 0.87388503125 0.827453704326923 0.8789853389423077 0.8240885408653846 0.8757214495192307 0.8152141201923077
0 0.6971238437499999 0.13383969951923078 0.6947164350961538 0.13320023076923077 0.6896161274038461 0.13532696875 0.6877739206730769 0.1402141201923077 0.6873495360576923 0.14510127403846154 0.6874903557692308 0.14850115625 0.69216628125 0.1523263894230769 0.6982581009615385 0.1580642355769231 0.7022241514423077 0.14935185096153847 0.6995331778846154 0.13681423557692307 0.698682485576923 0.13447627403846155 0.6971238437499999 0.13383969951923078
0 0.14351851923076925 0.21130787019230768 0.13830439903846153 0.2086516201923077 0.13161458413461538 0.2064380793269231 0.12925347115384617 0.20629050961538462 0.12787615624999998 0.20938946875 0.1287615745192308 0.2182436346153846 0.1297453701923077 0.22296585576923075 0.13368055528846154 0.2331510408653846 0.13987847115384616 0.23565972115384615 0.1448958341346154 0.23300347115384618 0.14951967548076922 0.22606770913461538 0.14676504567307694 0.21322627403846153 0.14597800961538462 0.21278356490384615 0.14351851923076925 0.21130787019230768
0 0.07264853365384615 0.11306712980769232 0.06978009375 0.11355902884615385 0.06690972115384616 0.11319155048076923 0.06584490625 0.11417534615384616 0.0639583341346154 0.11909432932692308 0.06477816346153846 0.12155381971153846 0.06518904326923078 0.12512152884615385 0.06682870432692307 0.12844039423076922 0.06854938221153846 0.1301620360576923 0.07117283894230769 0.12967013942307692 0.07478009375 0.1293026610576923 0.07896219230769232 0.12733506971153846 0.07912615625 0.12253761538461538 0.07847029326923077 0.11774305528846153 0.07650269951923078 0.11269965384615385 0.07264853365384615 0.11306712980769232
0 1 0.7084895841346154 0.9982947524038461 0.7056568293269231 0.9965239206730769 0.7044184038461538 0.9922743052884615 0.7026475697115384 0.9877874230769231 0.6992824062499999 0.9838908173076923 0.6980410889423077 0.9816473774038462 0.6980410889423077 0.9799961418269232 0.6978645841346154 0.9771624230769231 0.6975115745192307 0.9751543221153847 0.6962702548076922 0.9706693677884615 0.695564235576923 0.9679533173076924 0.6959172451923077 0.9665354927884615 0.6969791658653846 0.9655922067307692 0.7015827548076923 0.9633487644230769 0.7065422451923078 0.9614602620192307 0.7111458341346153 0.96287615625 0.7173437500000001 0.9665354927884615 0.7240740745192308 0.9765721442307692 0.73381365625 0.9816473774038462 0.7346990745192308 0.9857793221153847 0.7332841442307692 0.9894405865384616 0.7311574062499999 0.9945158173076922 0.7299189807692308 0.9992380408653846 0.7308043990384616 1 0.72850115625 1 0.7201793990384615 1 0.7084895841346154
0 0.115625 0.09770254567307692 0.11425732932692309 0.09842013942307691 0.11200424278846154 0.09975115625 0.11043209855769232 0.10077546394230769 0.10899691346153847 0.10262152884615384 0.10797260817307691 0.10508101923076923 0.1070158173076923 0.10846354086538461 0.1070158173076923 0.10989872596153846 0.10804012259615384 0.11143518509615384 0.10981674278846154 0.11297164423076923 0.11234567788461539 0.11297164423076923 0.1161709110576923 0.11225405048076922 0.12020254567307692 0.11184606490384616 0.12054398076923077 0.10805266105769232 0.11801504567307693 0.10077546394230769 0.11712769951923077 0.09964988461538461 0.115625 0.09770254567307692
0 0.6651871153846154 0.49503472115384617 0.6635551706730769 0.4895254639423077 0.6613098004807691 0.4834056706730769 0.65865740625 0.4797337956730769 0.6511091826923077 0.47361400480769233 0.6466223004807692 0.4742274302884616 0.639890045673077 0.4797337956730769 0.6331577932692307 0.48554976923076926 0.6268325625 0.48860821875 0.6237731490384615 0.4928935192307692 0.6233641971153846 0.49625868028846154 0.620713735576923 0.5054398149038462 0.620713735576923 0.5140075240384616 0.6243846442307692 0.5241059038461539 0.6278530096153846 0.52318865625 0.6327488437500001 0.5216579855769231 0.6423379639423078 0.5149247692307692 0.6511091826923077 0.5081944447115384 0.6598823293269231 0.510642360576923 0.665798610576923 0.5081944447115384 0.6662056322115385 0.5051331009615384 0.6651871153846154 0.49503472115384617
0 0.7227276225961539 0.42278935096153847 0.7220216057692308 0.41432870432692304 0.7202584879807692 0.4021672451923077 0.7125038581730769 0.39159143509615385 0.6952295528846153 0.3841898149038461 0.6857118052884614 0.3778443293269231 0.6783082572115385 0.37202546394230773 0.6673804014423077 0.3688541658653846 0.6557465288461538 0.3699103004807692 0.6419984567307692 0.3693836802884615 0.6356539350961538 0.37096932932692306 0.6247241514423076 0.37731481490384616 0.6183796298076923 0.3826012740384615 0.6095659711538461 0.39000578605769226 0.6028684423076923 0.3984664350961538 0.60181134375 0.4026967596153846 0.6004012355769232 0.4085127307692308 0.5993441346153846 0.424375 0.5972280096153846 0.43019386538461535 0.6014583341346154 0.43706597115384616 0.6155594134615385 0.4418258100961538 0.6293074855769232 0.4428848389423077 0.6363580240384615 0.44764178125000004 0.6419984567307692 0.47038194471153844 0.6578626538461538 0.4746122692307692 0.6712577163461538 0.4804282403846154 0.7103877307692308 0.45451678125 0.7227276225961539 0.4444704855769231 0.7230787043269231 0.43125 0.7227276225961539 0.42278935096153847
0 0.13378086538461537 0.03398148076923077 0.13179783894230768 0.032705439903846154 0.1254224543269231 0.027607060096153845 0.1244309423076923 0.03015625 0.1231558653846154 0.03291956009615385 0.1206057091346154 0.03695601923076923 0.1206057091346154 0.041843170673076927 0.12159722115384615 0.04694444471153846 0.1240065576923077 0.05183159615384615 0.1258487644230769 0.05905671394230769 0.13038194471153847 0.06309606490384614 0.1359066346153846 0.06224537019230769 0.13916473798076923 0.046519096153846154 0.13774884375000002 0.03738136538461539 0.13675732932692308 0.03546875 0.13378086538461537 0.03398148076923077