0 0 0.1852832019230769 0.017951389423076922 0.18315918028846154 0.05657021634615385 0.17607421875 0.08231481490384616 0.17253418028846154 0.11253472115384616 0.16474121153846152 0.12204861057692308 0.13428222596153847 0.09966435096153846 0.10949218749999999 0.07783564903846153 0.09603515625 0.07224151201923076 0.08895019471153846 0.06496527884615386 0.08398925721153847 0.05992669711538461 0.07832519471153845 0.047615740384615385 0.07265625 0.03697916586538462 0.06557617307692308 0.029706790865384615 0.05778320432692308 0.015713735576923078 0.04786621153846154 0.007878086538461539 0.044326173076923076 0 0.04361816346153846 0 0.04999023557692307 0 0.07690918028846154 0 0.13499023317307693 0 0.1852832019230769
0 0.34213734615384617 0.4715917956730769 0.33948688221153844 0.46935546875 0.3375 0.4671191394230769 0.33330246875 0.4646044927884615 0.32932870432692307 0.46432617307692303 0.32667824038461535 0.4651660144230769 0.32446759375 0.4679589855769231 0.3222608028846154 0.47047363221153843 0.31983024759615386 0.47382812500000004 0.3174035504807692 0.47718261778846155 0.31475308653846157 0.4788623052884615 0.3125424375 0.48025878846153847 0.31077546394230765 0.48473144471153845 0.3116589495192308 0.49004394471153845 0.3138695985576923 0.49507324278846154 0.3151929014423077 0.49703125 0.31762345673076925 0.4989892572115385 0.3218171298076923 0.5001074230769231 0.3264583341346154 0.5006640625000001 0.33087577163461535 0.5006640625000001 0.33308256249999996 0.5006640625000001 0.3361766971153846 0.49926757692307694 0.3419174375 0.49787109375 0.34500771634615385 0.4964697259615385 0.34721836538461537 0.4945166009615385 0.3483217596153846 0.49228027403846153 0.34854166586538465 0.4866894543269231 0.3476581778846154 0.4833349615384615 0.34645061778846153 0.48095703125 0.3456712956730769 0.47746581971153845 0.34390432211538463 0.47466796875 0.34213734615384617 0.4715917956730769
0 0.1381442908653846 0.5322802740384616 0.13749614182692307 0.5363818365384615 0.13619984615384614 0.544990235576923 0.13619984615384614 0.5515478509615385 0.13944058653846153 0.5576953125 0.14915509375 0.556875 0.17125771634615386 0.54951171875 0.17978394951923077 0.55087890625 0.18244598798076922 0.5441894519230769 0.16678240625 0.5212890625 0.15757716105769232 0.5089160144230769 0.14656635817307692 0.523671875 0.14170524759615383 0.5265429687500001 0.1381442908653846 0.5322802740384616
0 0.9009567908653846 0.7344921875 0.8983796298076924 0.732861329326923 0.8974614206730769 0.7323925793269231 0.8967245360576922 0.7319287115384616 0.8937770072115385 0.729833985576923 0.8912037043269231 0.7295996105769231 0.8888078701923077 0.7291308605769231 0.8860493822115385 0.7282031250000001 0.8840239206730769 0.7279687499999999 0.8823688269230769 0.7279687499999999 0.8823688269230769 0.7291308605769231 0.8825501538461539 0.73146484375 0.8831018509615384 0.7335595697115385 0.883838735576923 0.7361230480769231 0.8845756177884615 0.7368212884615384 0.8858641971153846 0.73705078125 0.887152778846154 0.73728515625 0.888441358173077 0.738681639423077 0.8893634254807693 0.7400830072115384 0.8904668221153845 0.7419433605769231 0.89138503125 0.74380859375 0.8926736105769231 0.7459033197115384 0.8942901225961539 0.748046875 0.89544753125 0.7490234375 0.8966049375 0.74951171875 0.8980131177884616 0.7480029302884615 0.8993016971153847 0.7470703125 0.9015084879807692 0.7461376947115385 0.9022453701923077 0.7428759759615384 0.903163579326923 0.7393847668269231 0.903163579326923 0.7377539062499999 0.9026118822115384 0.7361230480769231 0.9009567908653846 0.7344921875
0 0.8041473774038461 0.39773437500000003 0.8010763894230769 0.39385253846153845 0.7995447524038461 0.3909423822115385 0.7969367283653847 0.3911376947115385 0.7938695985576923 0.3930761730769231 0.790493826923077 0.39540527403846154 0.7883487644230769 0.3969580072115385 0.7861998461538462 0.39851074278846155 0.7822145072115384 0.40064941346153843 0.7794521610576923 0.40181152403846154 0.7768441346153847 0.4039501947115385 0.7745447524038462 0.40646972596153846 0.7728549375 0.4089941394230769 0.7728549375 0.4119042980769231 0.7737770072115384 0.4126806634615384 0.7769984567307693 0.41559570192307693 0.7796064807692308 0.4167578125 0.7814467596153847 0.4165673822115385 0.7840547836538462 0.416953125 0.7855864206730769 0.4183105480769231 0.7874266971153846 0.42025390625000003 0.7906481490384615 0.42277831971153845 0.7937152788461539 0.42413574278846156 0.7978587956730769 0.4247167956730769 0.8004629639423076 0.42413574278846156 0.8053742283653846 0.4239404302884615 0.8084413581730769 0.42297363221153844 0.8096682091346155 0.42141601442307697 0.8121219134615385 0.4196728509615385 0.8159567908653845 0.4165673822115385 0.816875 0.41326660096153844 0.8162615745192308 0.40996581971153845 0.8151890432692308 0.40724609375000004 0.8136574062499999 0.4052734375 0.8104320985576923 0.4035595697115385 0.8082870360576924 0.40064941346153843 0.8056790120192308 0.3989013677884615 0.8041473774038461 0.39773437500000003
0 0.4346604927884616 0.3891943365384615 0.4351195985576923 0.3924951177884616 0.43573302403846154 0.39521484375000004 0.4369637355769231 0.39987304807692303 0.43987654326923076 0.40336425721153846 0.44309799278846157 0.4058886706730769 0.4463194447115385 0.4087988293269231 0.4495370360576923 0.4107421875 0.4522993822115385 0.4119042980769231 0.4550617283653846 0.41326660096153844 0.4575154326923077 0.41326660096153844 0.4607368822115384 0.41287597596153847 0.4634953701923077 0.41112793028846156 0.46518132692307695 0.40977050721153846 0.4674845673076923 0.40744140624999997 0.47039737740384613 0.4043359375 0.47131944471153847 0.40258788942307694 0.47116512259615384 0.3996777355769231 0.47009259374999995 0.39715331971153844 0.4684027788461539 0.39482421874999996 0.46625771634615387 0.39055175721153845 0.4644174375 0.3878369134615385 0.4625771610576923 0.3843408197115385 0.4619637355769231 0.38240234375 0.4615007716346154 0.38104003846153844 0.4607368822115384 0.37890625 0.4598148149038461 0.3765771490384615 0.4578202163461539 0.3738574206730769 0.4567476850961538 0.37114257932692307 0.4547530865384615 0.36939453125 0.45275848798076923 0.36919921875 0.4506134254807692 0.3688134759615384 0.4495370360576923 0.3703662115384615 0.4478510793269231 0.37327636778846157 0.44570601923076925 0.37580078125 0.4447839495192308 0.3765771490384615 0.44340277884615387 0.3781298822115385 0.4420216057692308 0.37948730528846153 0.4391087956730769 0.38259277403846154 0.43849537019230767 0.3839550793269231 0.43711419711538463 0.3847314447115385 0.4360416658653846 0.3864794927884615 0.4346604927884616 0.3891943365384615
0 0.8354552475961537 0.8376660168269231 0.83678240625 0.8403466802884616 0.8391666658653846 0.8460498052884616 0.8381057091346154 0.8490673822115385 0.8357214495192308 0.8527587884615385 0.8322762355769231 0.85611328125 0.828564814903846 0.8608105480769231 0.8261805552884615 0.8634912115384614 0.8240586418269231 0.86751953125 0.8219405865384615 0.8708740240384615 0.8211458341346154 0.8738916009615385 0.8219405865384615 0.8779150384615384 0.8237962956730769 0.8863037115384615 0.8237962956730769 0.8916699206730769 0.8235300937500001 0.9010595697115384 0.8222029326923077 0.903408204326923 0.8190239206730769 0.9084423822115385 0.8179629639423076 0.91212890625 0.81584490625 0.9175 0.8145177475961538 0.9208544927884615 0.8137229927884615 0.9248779302884615 0.811338735576923 0.9312499999999999 0.8084220673076923 0.94466796875 0.8063040120192307 0.9547314447115384 0.8041820985576924 0.9624462884615385 0.8052430552884615 0.9654638677884615 0.8073611105769231 0.9698242187499999 0.810806326923077 0.974521483173077 0.8150501538461538 0.97921875 0.81955246875 0.9845849615384614 0.8222029326923077 0.9865966802884615 0.8256520072115384 0.9906250000000001 0.8267091057692307 0.9916308605769231 0.8306867283653846 0.9892822259615385 0.8357214495192308 0.9896142572115385 0.8418171298076923 0.9939794927884615 0.8460570985576923 0.9963232427884615 0.8481790120192307 0.9996777331730768 0.8998611105769231 1 0.9027739206730769 0.9976660168269231 0.9054243822115384 0.9949853509615385 0.9112577163461538 0.9892822259615385 0.9139081778846154 0.9839160144230769 0.916558641826923 0.9785449206730769 0.9210609567307693 0.9715039062499999 0.9253047836538462 0.9668066394230769 0.9284837956730769 0.96177734375 0.9314004639423078 0.95640625 0.9337847211538463 0.9520458990384615 0.9359027788461538 0.9460107427884614 0.9398804014423077 0.9379589855769231 0.9435918221153846 0.9315869134615385 0.9467708341346154 0.9248779302884615 0.9488927475961538 0.9181689447115384 0.9504822524038462 0.9124658197115385 0.9512770072115385 0.9027392572115385 0.9502160504807692 0.8970361322115384 0.9475655865384615 0.8916699206730769 0.94544753125 0.8883154302884615 0.9398804014423077 0.8816064447115385 0.9367013894230769 0.8779150384615384 0.9340509254807692 0.8742285144230769 0.9316628076923077 0.8712060552884615 0.929544752403846 0.8665136706730769 0.9258333341346153 0.8614794927884616 0.9229166658653847 0.85611328125 0.9197376538461538 0.8504101562499999 0.9168209879807693 0.84470703125 0.9136419759615385 0.8403466802884616 0.9088695985576922 0.8343115240384615 0.9041010793269231 0.8302832019230769 0.9009182091346154 0.826259766826923 0.8982677475961538 0.8225683581730769 0.8950887355769231 0.8192138677884616 0.8921720673076923 0.814853514423077 0.8892592596153845 0.8108300793269231 0.8866087956730768 0.8061328125 0.8847530865384615 0.8034521490384615 0.8828973774038461 0.7994238293269231 0.8807754639423078 0.7950634759615384 0.87865740625 0.79271484375 0.8757407403846155 0.7903662115384615 0.8733564807692308 0.7880224615384616 0.8709722211538462 0.7866796875000001 0.8691165120192307 0.78466796875 0.8667322524038461 0.7803076177884616 0.8646103389423078 0.7772851562499999 0.861693673076923 0.7739306634615384 0.8590432091346153 0.7709130865384615 0.8548032403846153 0.7678955072115384 0.8518904326923077 0.7682275384615385 0.8487075625 0.7702441394230769 0.8463233028846153 0.7732617187499999 0.8455285504807691 0.7796337884615384 0.8468518509615385 0.7836621105769231 0.8468518509615385 0.7890283197115384 0.8468518509615385 0.7954003918269231 0.8468518509615385 0.7987548822115385 0.8481790120192307 0.8011035168269232 0.8497685192307693 0.8024462884615384 0.8500347211538462 0.8024462884615384 0.8502970673076924 0.80580078125 0.8471180552884616 0.8074755865384616 0.8431442908653846 0.80982421875 0.8373109567307692 0.8155273437499999 0.8330709879807692 0.8225683581730769 0.8296257716346154 0.827265625 0.8298919759615385 0.8302832019230769 0.8325424375 0.8339746105769231 0.8354552475961537 0.8376660168269231
0 0.4409182091346154 0.23511230528846155 0.4420216057692308 0.23720703124999998 0.4427584879807692 0.23930664182692307 0.4434953701923077 0.2420996081730769 0.4438618822115385 0.24559570192307692 0.44368055528846156 0.24838867067307693 0.44331018509615383 0.25048828125 0.4425771610576923 0.25234863221153847 0.4412885793269231 0.2551464831730769 0.4403665120192307 0.25700683653846157 0.4394483028846154 0.2588720697115385 0.4377893509615385 0.26026855528846154 0.43594907451923076 0.2618994134615385 0.43429398076923076 0.26376464903846153 0.4352121923076923 0.2672558605769231 0.4374228389423077 0.2709863269230769 0.4412885793269231 0.27331543028846156 0.4440586418269231 0.2763671875 0.4471450625 0.27880859375 0.45030478365384613 0.28169921875 0.45233024759615387 0.28333007932692306 0.45453703605769236 0.28449706971153843 0.4560185192307692 0.287109375 0.4580362644230769 0.2889208990384616 0.46282021634615383 0.28915527403846153 0.4687114206730769 0.2905517572115385 0.47496913461538465 0.2907861322115385 0.4775462956730769 0.28915527403846153 0.4782831778846154 0.28286621153846153 0.47916666586538464 0.27587890625 0.4799382716346154 0.26953125 0.48109567788461544 0.2646484375 0.4799382716346154 0.259765625 0.4775462956730769 0.25747558653846153 0.47646605048076923 0.25439453125 0.47646605048076923 0.25146484375 0.4783950625 0.24609375 0.47800925961538465 0.24169921875 0.47646605048076923 0.23828125 0.4745370360576923 0.23486328125 0.47146990625 0.23091796875 0.46668595673076924 0.22812500000000002 0.4606481490384615 0.22607421875 0.4571759254807692 0.2255859375 0.4537037043269231 0.2255859375 0.4506172836538462 0.22607421875 0.44791666586538464 0.2265625 0.4440470673076923 0.22858886778846152 0.4409182091346154 0.22998535096153847 0.4394483028846154 0.22998535096153847 0.43711419711538463 0.22998046875 0.43711419711538463 0.2314453125 0.4388927475961539 0.23254882932692308 0.4409182091346154 0.23511230528846155
0 0.9855748461538462 0.90953125 0.9816010793269231 0.911767576923077 0.9785108028846154 0.9140039062499999 0.9763001538461539 0.91568359375 0.9732098774038461 0.9162402331730769 0.9694521610576923 0.917080079326923 0.9648919759615384 0.91845703125 0.9602623461538461 0.9208984375 0.9564043221153846 0.92529296875 0.9535532403846154 0.9290966802884615 0.9515625000000001 0.9313330072115384 0.9511226850961538 0.9363671875 0.9515625000000001 0.94083984375 0.9531095673076924 0.94810546875 0.956203704326923 0.9528564447115385 0.9581905865384616 0.9562109375 0.9606172836538461 0.9612451177884616 0.9615007716346154 0.9662744134615384 0.9619444447115384 0.9715869134615385 0.9632677475961539 0.9796923822115384 0.964375 0.98388671875 0.9659182091346155 0.9877978509615384 0.9687924375 0.9959082019230769 0.9698958341346154 0.9992626947115385 1 0.9998193365384616 0.9997106490384616 0.90421875 0.9955169759615384 0.90505859375 0.993306326923077 0.9061767572115385 0.9893325625 0.9075732427884616 0.9855748461538462 0.90953125
0 0.3853472211538461 0.07132812499999999 0.3819714495192308 0.07446288942307693 0.38152392067307694 0.07901367067307692 0.3833217596153846 0.08157714903846153 0.3848958341346154 0.08897949278846154 0.3862461418269231 0.0941015625 0.3880439807692308 0.10264160096153846 0.3905208341346154 0.10264160096153846 0.3972685192307692 0.10178711057692308 0.4010802475961538 0.09409179567307692 0.40243055528846156 0.08383788942307692 0.4004166658653846 0.07560058653846154 0.3941165120192308 0.07047851682692308 0.3911921298076923 0.07047851682692308 0.3853472211538461 0.07132812499999999
0 0.5914930552884615 0.48473144471153845 0.5945833341346154 0.48724609375 0.5950270072115385 0.4858496105769231 0.5970138894230769 0.48724609375 0.597233795673077 0.49199706971153845 0.5987808653846154 0.49563476442307697 0.6023148149038462 0.4984277331730769 0.6051851850961538 0.49703125 0.6084992283653846 0.4973095697115385 0.6135763894230769 0.4964697259615385 0.6153433653846154 0.4939550769230769 0.614683641826923 0.49060058653846156 0.6135763894230769 0.4886425793269231 0.6122530865384616 0.4864111322115384 0.6113695985576924 0.4833349615384615 0.6107060192307693 0.47998046875 0.60982253125 0.4766259759615385 0.6076157403846154 0.47438964903846154 0.6060686730769231 0.4735498052884616 0.6043016971153846 0.47270996153846156 0.6020949062500001 0.47270996153846156 0.6009876538461538 0.47270996153846156 0.5965702163461539 0.47187500000000004 0.5934799374999999 0.4741113269230769 0.5914930552884615 0.4808203125 0.5914930552884615 0.48473144471153845
0 0.17902392067307693 0.1876953125 0.17695987740384614 0.184375 0.16815200721153845 0.17725586057692308 0.16252700721153845 0.17037597596153847 0.15615355048076923 0.16516113221153847 0.14959490625 0.15994140625 0.14509644951923079 0.15662109375 0.1417245360576923 0.15282226682692307 0.1310378076923077 0.15068847596153845 0.12560570913461538 0.15163574278846154 0.1152970673076923 0.15211425721153846 0.11435956730769231 0.1549609375 0.11773148076923076 0.16302246153846156 0.12279320913461539 0.16682128846153846 0.12878857932692306 0.17014160096153846 0.13722607932692307 0.17583496153846154 0.13872299278846154 0.1786816418269231 0.14022376442307694 0.18034179807692308 0.14209876442307692 0.184609375 0.14322144951923077 0.1879296875 0.14322144951923077 0.19410156250000002 0.14603394951923077 0.20524902403846154 0.1576543221153846 0.21331543028846156 0.16665123557692307 0.217109375 0.17208719230769232 0.217109375 0.17770833413461537 0.21022949278846154 0.1782716057692308 0.19908203124999999 0.17789737740384615 0.19552246153846153 0.17864583413461538 0.19386230528846154 0.17902392067307693 0.1876953125
0 0.4559683653846154 0.42792480528846155 0.4532716057692308 0.42991699278846157 0.44854938221153845 0.4327636706730769 0.44270061778846154 0.4347558605769231 0.43910107932692305 0.43646484375 0.43392746875 0.44244140625 0.4307793221153846 0.4475683581730769 0.43032793269230774 0.45354492307692307 0.4319058653846154 0.45895507932692303 0.43482638942307694 0.46436035096153844 0.4377507716346154 0.4703417956730769 0.4393248461538462 0.4740380865384616 0.4433757716346154 0.4743261706730769 0.4503472211538462 0.4751806634615384 0.45439429086538463 0.4740380865384616 0.45687114182692307 0.4709082019230769 0.4631674375 0.45952148557692307 0.4642939807692308 0.4518359375 0.4624922836538462 0.4393115240384615 0.46046682211538464 0.4310546875 0.45844521634615387 0.4282080072115385 0.4559683653846154 0.42792480528846155
0 0.9322415120192308 0.43587890625000003 0.929911264423077 0.43833984375 0.9283564807692308 0.44521484375 0.9225270072115385 0.4486669927884615 0.9248572524038461 0.4594873052884615 0.9291319447115385 0.46293456971153846 0.929911264423077 0.46342285096153846 0.9314660504807691 0.47080078125 0.9337962956730769 0.48211425721153844 0.9376929014423077 0.48413086057692306 0.9418981490384616 0.4835449206730769 0.9516589495192308 0.4811035144230769 0.9627700625 0.48701171875000004 0.9676080240384616 0.4899853509615385 0.9718865745192308 0.46342285096153846 0.9699421298076923 0.44375 0.9660532403846154 0.44325683653846154 0.9567283942307692 0.43587890625000003 0.9466203701923077 0.4230908197115385 0.939236110576923 0.4289941418269231 0.9376813269230768 0.43046874999999996 0.9322415120192308 0.43587890625000003
0 0.6208680552884616 0.5216308581730769 0.6162268509615385 0.5258203125 0.6133564807692308 0.5305761706730769 0.6129166658653846 0.5372851562500001 0.6140200625 0.5386816418269231 0.6188773149038462 0.539521485576923 0.6213078701923076 0.541474610576923 0.6230748461538462 0.5465087884615385 0.6252854927884616 0.5532177740384616 0.6279359567307693 0.555732423076923 0.6312461418269231 0.5560107427884615 0.6323495360576923 0.5548925793269232 0.6354436730769231 0.5537744134615384 0.6365470673076923 0.5551708990384616 0.6403009254807692 0.5554541009615385 0.6422916658653846 0.5540527355769231 0.6451620360576923 0.55181640625 0.6462654326923077 0.54986328125 0.6486959879807692 0.5434326177884615 0.6502430552884615 0.5403564447115385 0.6546566346153846 0.5356054687499999 0.6555401225961539 0.5339306634615385 0.6548804014423077 0.53029296875 0.6535532403846154 0.5291748052884615 0.651566358173077 0.52666015625 0.6489158942307692 0.5235839831730769 0.6467091057692307 0.5221875 0.6411844134615384 0.5202294927884615 0.6376504639423076 0.519111329326923 0.6332330240384615 0.517158204326923 0.6308063269230769 0.5160400384615385 0.6283757716346153 0.5165966802884616 0.6255054014423076 0.5179931634615385 0.6239583341346153 0.51939453125 0.6208680552884616 0.5216308581730769
0 0.29952546394230767 0.7042626947115385 0.2986111105769231 0.70556640625 0.2970679014423077 0.70751953125 0.2949459879807692 0.708896483173077 0.29311342548076924 0.7123779302884615 0.29036651201923075 0.7164355480769231 0.2885339495192308 0.7193310552884615 0.2853279326923077 0.7245458990384616 0.28304012259615385 0.728603516826923 0.2821219134615385 0.7309228509615384 0.2821219134615385 0.7344042956730769 0.2821219134615385 0.7361425769230769 0.28074845673076926 0.7430957043269231 0.27891589423076923 0.7454150384615384 0.2775424375 0.7488916009615385 0.2775424375 0.7512109375 0.2770871923076923 0.7541113269230769 0.2747955240384615 0.7610644543269232 0.2729629639423077 0.7691796875 0.2747955240384615 0.7732373052884616 0.2770871923076923 0.7796142572115384 0.2834953701923077 0.7830908197115385 0.29357253125 0.7842480456730769 0.30319058653846154 0.7813525384615385 0.3132638894230769 0.7790332019230769 0.3242554014423077 0.7749755865384615 0.33158564903846155 0.76744140625 0.3393711418269231 0.7633837884615384 0.34669753124999997 0.7541113269230769 0.3531095673076923 0.7436767572115385 0.35998070913461533 0.7402001947115384 0.3627276225961538 0.7332421875 0.35814814903846154 0.7222314447115384 0.34853009375 0.7210693365384616 0.3407445985576923 0.7216503918269231 0.3398302475961538 0.71701171875 0.33753857932692305 0.708896483173077 0.33524691346153845 0.7031005865384615 0.3361651225961539 0.6984667956730769 0.3379976850961538 0.6891894519230769 0.33524691346153845 0.687451173076923 0.3297530865384615 0.6897705072115384 0.32517361057692307 0.6915087884615385 0.31967592548076923 0.6903515625 0.31464120432692305 0.69208984375 0.3050231490384615 0.6978857427884615 0.30227237740384616 0.7019433605769231 0.30044367307692305 0.7036816394230769 0.29952546394230767 0.7042626947115385
0 0.04839120432692308 0.6825927740384615 0.046736110576923076 0.6846875 0.04544753125 0.68771484375 0.044710649038461545 0.6888818365384615 0.042499999999999996 0.6935400384615384 0.04176697596153846 0.6965673822115386 0.042499999999999996 0.6998291009615384 0.04268518509615385 0.7014599615384616 0.04342206730769231 0.7047216802884615 0.04434413461538462 0.7079833990384615 0.04526234615384615 0.7110107427884615 0.04618441346153846 0.7170654302884615 0.0469174375 0.7203271490384615 0.05115355048076923 0.7249853509615385 0.054648920673076924 0.7268505865384616 0.058329475961538466 0.7305761730769231 0.06090663461538462 0.7333740240384615 0.06532407451923077 0.735234375 0.06881944471153846 0.73546875 0.0737924375 0.7377978509615384 0.07802469230769231 0.7401269519230769 0.08262345673076923 0.7412939447115385 0.08612268509615384 0.7412939447115385 0.0903549375 0.7417578125000001 0.09422067788461538 0.7417578125000001 0.09532407451923076 0.7396630865384615 0.09532407451923076 0.7370996105769231 0.09513888942307692 0.7350048822115384 0.09348379567307694 0.7331396490384615 0.09219521634615384 0.7315087884615384 0.09109182211538462 0.7287158197115384 0.08925154326923077 0.7263867187499999 0.08759259375 0.724521483173077 0.08630787019230769 0.7219580072115386 0.08520061778846154 0.71986328125 0.08428240625 0.7172998052884616 0.08354552403846155 0.7159033197115385 0.08317901201923077 0.7138037115384616 0.08280864182692307 0.7112451177884616 0.08280864182692307 0.7093798822115385 0.0824421298076923 0.7075146490384616 0.0818904326923077 0.7044873052884615 0.0815200625 0.7021582019230769 0.08060185096153846 0.70052734375 0.07986496875 0.6998291009615384 0.07894290144230769 0.6986621105769231 0.07820601923076922 0.6975 0.07710262259615384 0.6961035144230769 0.07471064903846154 0.6949365240384615 0.07194830288461539 0.69400390625 0.06992669711538461 0.6923730480769231 0.06845293269230769 0.6900439447115385 0.06734953605769231 0.6874853509615384 0.06385030769230769 0.6858544927884616 0.062195216346153846 0.6842236322115384 0.059432870192307696 0.6832910168269231 0.05685956730769231 0.6825927740384615 0.05299382692307693 0.6807275384615384 0.05096836538461538 0.680263673076923 0.04949459855769231 0.68142578125 0.04839120432692308 0.6825927740384615
0 0.4104591057692308 0.9501953125 0.4113773149038461 0.9478662115384615 0.41266589423076927 0.9448339831730769 0.41174768509615384 0.942041014423077 0.41008873557692305 0.9394775384615385 0.40880015384615387 0.9364501947115385 0.4067785504807692 0.9327246105769231 0.4056712956730769 0.9296972644230769 0.4045679014423077 0.9285302740384616 0.4040162043269231 0.9268994134615384 0.40272762259615386 0.9234033197115384 0.4021759254807692 0.92154296875 0.4003356490384615 0.9201464831730769 0.39646990625 0.9175830072115385 0.39462962980769234 0.9159521490384616 0.39242283894230773 0.91525390625 0.3900270072115385 0.9143212884615385 0.3874537043269231 0.913623045673077 0.3843248461538461 0.9133886706730769 0.3795370360576923 0.913623045673077 0.37659336538461535 0.9140869134615385 0.37346450721153845 0.91478515625 0.37033564903846156 0.91478515625 0.3668364206730769 0.9161865240384616 0.36426311778846154 0.9187451177884616 0.3624189807692308 0.9203759759615384 0.3607638894230769 0.9241064447115386 0.35984567788461536 0.9301611322115384 0.3609490745192308 0.9355175793269231 0.36186728365384613 0.9383154302884615 0.3631558653846154 0.94041015625 0.36536651201923076 0.9429736322115385 0.3683101850961539 0.9453027355769231 0.37088734615384616 0.9473974615384615 0.3758564807692307 0.9506591802884615 0.37788194471153846 0.95275390625 0.3808256177884616 0.9564843749999999 0.3856095673076923 0.9623046875000001 0.3878202163461539 0.9646337884615386 0.3905825625 0.9678955072115384 0.3933410504807692 0.9697607427884616 0.3955516971153846 0.9718554687500001 0.3972067908653846 0.973486329326923 0.3986805552884615 0.9746533197115385 0.4003356490384615 0.9758154302884615 0.3995987644230769 0.9732568365384615 0.39941357932692306 0.97232421875 0.39941357932692306 0.9713916009615384 0.4023611105769231 0.9683642572115385 0.40254243749999996 0.9667333990384616 0.4032793221153846 0.9648681634615385 0.4040162043269231 0.9637060552884615 0.4067785504807692 0.9623046875000001 0.4089853389423077 0.9618408197115385 0.41192901201923077 0.9623046875000001 0.4113773149038461 0.9620751947115385 0.4110108028846154 0.9576464855769231 0.4111959879807693 0.95345703125 0.4104591057692308 0.9501953125
0 0.4023611105769231 0.24205566346153845 0.40088734615384614 0.24438476442307694 0.39923225240384613 0.24601562500000002 0.3986805552884615 0.24997558653846155 0.4005208341346154 0.2541650384615385 0.4036496923076923 0.258125 0.40788194471153844 0.2623193365384615 0.41248456730769234 0.26604492307692307 0.4174537043269231 0.2665136730769231 0.42113425961538464 0.2662792980769231 0.42389274759615386 0.2662792980769231 0.4286805552884615 0.26558105528846154 0.43236111057692306 0.26348632932692306 0.4378819447115384 0.2602246105769231 0.43935570913461536 0.258359375 0.4424845673076923 0.2523046875 0.44377314903846155 0.24671386778846155 0.44340277884615387 0.24205566346153845 0.4417476850961538 0.23623046874999998 0.4391705240384616 0.233203125 0.43622685096153846 0.23087402403846152 0.43346450721153845 0.23063964903846154 0.42959876442307693 0.23017578125 0.42702160576923076 0.23087402403846152 0.42481481490384615 0.23250488221153848 0.42278935096153847 0.23366699278846154 0.4202121923076923 0.232734375 0.4192939807692308 0.232734375 0.4174537043269231 0.2345996081730769 0.4159799375 0.23506347596153845 0.41266589423076927 0.23646484375000001 0.40990740625 0.23646484375000001 0.4067785504807692 0.23646484375000001 0.40530478365384615 0.23762695192307692 0.4023611105769231 0.23995605528846153 0.4023611105769231 0.24205566346153845
0 0.3572299375 0.2169921875 0.3657793221153846 0.21727538942307692 0.3655516971153846 0.21129882692307692 0.36397762259615385 0.20190429807692306 0.3637538581730769 0.19991211057692307 0.3637538581730769 0.19763183653846153 0.3612808653846154 0.190234375 0.3565586418269231 0.1794140625 0.3545331778846154 0.17514648317307693 0.35160879567307696 0.16802734375 0.34508487740384614 0.1557910144230769 0.3448611105769231 0.15521972596153846 0.3437345673076923 0.15464843749999999 0.3381134254807692 0.14838867067307693 0.33541280769230764 0.14725097596153847 0.33001543269230765 0.14440429567307692 0.3259683653846154 0.14610839903846154 0.3252932091346154 0.1463964831730769 0.32259259375 0.14924316346153846 0.3201195985576923 0.15180175721153846 0.31584490625 0.15550293028846152 0.3111226850961539 0.15977539182692307 0.3086496923076923 0.16347656249999998 0.30122685096153845 0.17059081971153847 0.2969521610576923 0.17656738221153848 0.29358024759615386 0.18283203125 0.30460262259615384 0.1939355480769231 0.3189814807692307 0.19052734375000002 0.3372299375 0.20190429807692306 0.3572299375 0.2169921875
0 0.14018518509615385 0.5969873052884616 0.13388888942307692 0.6049560552884615 0.12826388942307693 0.6086572259615385 0.12534336538461538 0.6149169927884615 0.12421682211538461 0.6200439447115385 0.12286651201923077 0.6251660144230768 0.12264274759615384 0.6305761706730769 0.12624228365384615 0.6337060552884615 0.13141589423076924 0.6337060552884615 0.13996142067307693 0.6328515625000001 0.15188271634615386 0.6291503894230769 0.1548070985576923 0.6271582019230769 0.16245370432692308 0.61890625 0.16515046394230767 0.613212889423077 0.16582561778846155 0.6009716802884616 0.16537808653846156 0.5989794927884615 0.16200231490384615 0.5938525384615384 0.15548225240384614 0.5912939447115385 0.1489583341346154 0.5878759759615385 0.1446836418269231 0.5921435552884615 0.14018518509615385 0.5969873052884616
0 0.13244984615384617 0.2946484375 0.13064814903846153 0.304609375 0.1261496923076923 0.31884277403846156 0.1234529326923077 0.3313671875 0.12187885817307692 0.3424707043269231 0.12210262259615384 0.35015625 0.12592592548076922 0.34930175721153844 0.13582175961538462 0.3484472644230769 0.15359182211538464 0.3510107427884615 0.16033950721153845 0.35271972596153844 0.16123842548076925 0.3484472644230769 0.1641628076923077 0.33279296875000003 0.1628125 0.31400390625 0.15673996875 0.29919921875 0.1448186730769231 0.2895214855769231 0.1396450625 0.2898095697115385 0.13244984615384617 0.2946484375
0 0.18487654326923078 0.5984326177884616 0.1846103389423077 0.6034619134615384 0.1846103389423077 0.60849609375 0.18402777884615384 0.61376953125 0.18364197596153845 0.6171875 0.18434413461538462 0.6209082019230769 0.18434413461538462 0.6235888677884615 0.18673225240384614 0.6269433605769231 0.1888503076923077 0.6292919927884615 0.19176697596153847 0.6329833990384616 0.1944174375 0.6380126947115384 0.1952121923076923 0.643046875 0.19653549278846152 0.6480761730769231 0.19865740625 0.6527734374999999 0.1994521610576923 0.65478515625 0.20316357932692305 0.6551220697115384 0.20528163461538462 0.6551220697115384 0.2066087956730769 0.6574707019230769 0.21005401201923077 0.6598193365384616 0.21084876442307693 0.6598193365384616 0.21429398076923079 0.6531103509615386 0.2153549375 0.6494189447115384 0.21588348798076923 0.6474072259615385 0.2156211418269231 0.6437158197115385 0.2153549375 0.6400244134615385 0.21349922836538462 0.6346582019230769 0.21137731490384615 0.6302978509615385 0.2092592596153846 0.6252685552884615 0.2079320985576923 0.6229199206730769 0.20554783894230771 0.6205712884615384 0.20236882692307695 0.6168798822115384 0.2007793221153846 0.6138623052884615 0.1994521610576923 0.6118505865384616 0.19653549278846152 0.607490235576923 0.19468364182692308 0.6051416009615385 0.1925617283653846 0.6031298822115384 0.19229552403846156 0.6011181634615385 0.19097222115384616 0.598095704326923 0.18788580288461537 0.595703125 0.18487654326923078 0.5984326177884616
0 0.4877662043269231 1 0.42643132692307695 0.9775927740384615 0.37964506249999996 0.9381201177884615 0.3484567908653846 0.8986474615384614 0.2943942908653846 0.8499609375 0.27048225240384616 0.8118066418269231 0.2289004639423077 0.755224610576923 0.1904320985576923 0.7223291009615385 0.1602816346153846 0.7183837884615384 0 0.7446972644230769 0 1 0.08023148076923078 1 0.39523919711538463 1 0.4877662043269231 1
0 0.2694907403846154 0.3218603509615384 0.2645447524038462 0.32385253846153844 0.25262345673076925 0.3244238269230769 0.2494753076923077 0.3269824206730769 0.24609953605769233 0.3332470697115385 0.24272762259615385 0.3440625 0.24340277884615386 0.35231933653846154 0.2467746923076923 0.35544921874999996 0.24992283894230768 0.35544921874999996 0.25824459855769233 0.3548828125 0.2672415120192308 0.3540283197115385 0.27803626442307694 0.3526025384615385 0.2856867283653846 0.35345703125 0.2872608028846154 0.34833496153846155 0.28613425961538463 0.328125 0.28028549278846154 0.3218603509615384 0.27488811778846156 0.3210058581730769 0.2694907403846154 0.3218603509615384
0 0.9369945985576924 0.4161572259615385 0.9426157403846154 0.41236328125 0.9471141971153846 0.4088037115384615 0.9529243822115384 0.40572265625 0.9553626538461538 0.40263671874999996 0.9574228389423076 0.4012158197115384 0.9572376538461539 0.3967089831730769 0.9521759254807692 0.38911621153846154 0.9465509254807691 0.38579589903846156 0.9413040120192308 0.3820019543269231 0.9366203701923077 0.3784423822115385 0.9300578701923077 0.37654296875 0.9238734567307693 0.37820312500000003 0.9188117283653846 0.3805761706730769 0.9161882716346154 0.3874560552884615 0.9175 0.3945703125 0.9154398149038462 0.4005029302884615 0.9126273149038462 0.4064355480769231 0.9161882716346154 0.42019043028846154 0.9236844134615385 0.42280273317307693 0.9328703701923077 0.41758300721153846 0.9369945985576924 0.4161572259615385
0 0.6725501538461539 0.6602734375 0.6701195985576922 0.6641894543269231 0.6683526225961539 0.6683837884615385 0.6661419759615386 0.6720166009615384 0.6639351850961539 0.6750927740384616 0.6634915120192308 0.6792822259615385 0.6637152788461538 0.6809619134615384 0.6665856490384615 0.6851562499999999 0.6701195985576922 0.6871093749999999 0.6721064807692307 0.6885058581730769 0.6738734567307693 0.6904638677884616 0.6758603389423077 0.6921435552884615 0.6787307091346153 0.6952148437500001 0.6820447524038461 0.699130858173077 0.685578704326923 0.7027636730769231 0.6873456778846154 0.7041601562500001 0.6915432091346154 0.7075146490384616 0.69353009375 0.7097509759615386 0.6968441346153846 0.7139453125 0.7008179014423077 0.7170214831730769 0.7032484567307692 0.7192578125 0.7065625 0.72205078125 0.7087692908653846 0.7242871081730768 0.7096527788461539 0.7262451177884616 0.7094328701923077 0.7282031250000001 0.7096527788461539 0.7309960937500001 0.7114197524038463 0.7318359375000001 0.7151736105769231 0.7329541009615385 0.7180478389423077 0.73546875 0.7222415120192308 0.7374267572115384 0.7286458341346154 0.7371484375 0.7326234567307692 0.73462890625 0.7346103389423077 0.73267578125 0.7372608028846154 0.7301562500000001 0.7414583341346154 0.7259667956730769 0.7460956778846154 0.7231689447115385 0.7496296298076923 0.7217724615384615 0.7531635793269231 0.7186962884615385 0.7562538581730769 0.7133886706730769 0.7595679014423078 0.7072363269230769 0.7597878076923077 0.7024853509615384 0.7575810192307693 0.6949365240384615 0.7553703701923078 0.6887890624999999 0.7538271610576923 0.6823583990384615 0.7509529326923077 0.6776074206730769 0.7465354927884615 0.6734130865384615 0.7425617283653847 0.67005859375 0.7401311730769231 0.6675439447115384 0.7381442908653846 0.6650292980769231 0.7357137355769231 0.66111328125 0.7330632716346154 0.65748046875 0.7306365745192308 0.6538476562500001 0.7282060192307692 0.6504931634615385 0.7251118822115384 0.6468603509615385 0.7235686730769231 0.6446240240384615 0.7193711418269231 0.6418261706730769 0.7158371923076923 0.63875 0.7136304014423077 0.637353514423077 0.7105362644230768 0.6351171875 0.7085493822115385 0.63232421875 0.7065625 0.6295263677884615 0.7056790120192308 0.6289697259615384 0.7045717596153847 0.62869140625 0.7010378076923077 0.6328808581730769 0.6972839495192308 0.6393115240384616 0.6939737644230769 0.643505860576923 0.6908796298076924 0.6471386706730768 0.6886728389423078 0.6482568365384616 0.685798610576923 0.6499316394230769 0.6844753076923078 0.6516113269230769 0.6796141971153846 0.6552441418269231 0.6778472211538461 0.6558056634615385 0.6751967596153846 0.6555224615384615 0.6734336418269231 0.6583203125 0.6725501538461539 0.6602734375
0 0.3612962956730769 0.26625 0.35481867307692305 0.26625 0.3402469134615385 0.26625 0.33474151201923075 0.2695263677884615 0.32793981490384616 0.2879736322115385 0.3350655865384615 0.29740234375 0.34251157451923075 0.30642089903846154 0.3493132716346154 0.3248681634615384 0.35449845673076924 0.33593261778846156 0.3616126538461539 0.32856445192307693 0.3794367283653846 0.32490234375000004 0.39530478365384614 0.3232275384615385 0.40340277884615383 0.29412109375 0.3995138894230769 0.267890625 0.3745756177884615 0.26666015625 0.36874614182692306 0.26625 0.3612962956730769 0.26625
0 0.6971296298076923 0.9436474615384616 0.704378858173077 0.9431640625 0.7123958341346154 0.9412353509615384 0.7158294759615385 0.9383349615384616 0.7215547836538462 0.9364013677884616 0.7261342596153846 0.9354394519230769 0.7318595673076923 0.9349560552884615 0.7368209879807692 0.9349560552884615 0.7425462956730768 0.9368847644230769 0.7482716057692307 0.9402685552884615 0.7543788581730768 0.9436474615384616 0.7604822524038461 0.94703125 0.7635378076923077 0.9484765625 0.768881173076923 0.9518603509615384 0.7730787043269232 0.9552392572115385 0.7776581778846154 0.9600732427884615 0.7822376538461538 0.9649023437500001 0.7887268509615384 0.96828125 0.7936882716346154 0.9721484375 0.7978858028846154 0.9740771490384615 0.7997916658653845 0.974560548076923 0.8013194447115384 0.9706982427884616 0.8039930552884615 0.9610400384615385 0.8062808653846154 0.9542773437500001 0.8074266971153846 0.9499267572115385 0.8085725312500001 0.94509765625 0.8100964495192307 0.9378515625 0.8108603389423077 0.9330224615384615 0.8131520072115385 0.9277099615384615 0.8146759254807693 0.9228808581730769 0.8162037043269231 0.9175634759615385 0.8177314807692307 0.9137011730769231 0.8219290120192307 0.9050048822115385 0.8230748461538462 0.9006591802884615 0.8242206778846154 0.8934130865384616 0.8242206778846154 0.8881005865384615 0.8226929014423077 0.88037109375 0.8207831778846154 0.8745751947115384 0.81696759375 0.8711962884615385 0.8123881177884615 0.86974609375 0.8093364206730769 0.8692626947115384 0.8081905865384615 0.8654003894230768 0.8078086418269231 0.8615332019230769 0.8070447524038461 0.8581542980769231 0.8047530865384616 0.8562207043269231 0.8013194447115384 0.8528417956730769 0.8009375 0.8513916009615384 0.7978858028846154 0.8480078125 0.7913966057692308 0.8460791009615385 0.7891087956730769 0.8451123052884615 0.7826195985576923 0.8431787115384615 0.7757484567307693 0.8417285168269231 0.7742245360576923 0.840283204326923 0.7719328701923077 0.8378662115384615 0.7707870360576923 0.8364160168269231 0.7665895072115384 0.8330371081730769 0.7627739206730768 0.8306201177884615 0.7604822524038461 0.8286865240384615 0.7566666658653846 0.8257910168269231 0.75361496875 0.8238574230769231 0.7505594134615384 0.8238574230769231 0.7486535504807693 0.8233740240384615 0.7448341057692307 0.8233740240384615 0.7410185192307692 0.8233740240384615 0.7364390432692307 0.8233740240384615 0.7326234567307692 0.8233740240384615 0.7291898149038462 0.8224072259615384 0.7257523149038462 0.8209619134615385 0.7238464495192307 0.8199951177884616 0.7207908942307693 0.8185449230769231 0.7150655865384615 0.8166113269230769 0.712013889423077 0.81564453125 0.7089621923076923 0.81564453125 0.7070524687499999 0.8185449230769231 0.7059066346153846 0.8209619134615385 0.704378858173077 0.8286865240384615 0.7032368822115385 0.8330371081730769 0.7024729927884615 0.8388330072115384 0.7017091057692307 0.8431787115384615 0.700181326923077 0.8460791009615385 0.6990393509615385 0.848974610576923 0.6971296298076923 0.8518749999999999 0.6956018509615384 0.8576708990384615 0.69521990625 0.8644335937500001 0.69521990625 0.8682958990384615 0.6948379639423077 0.8711962884615385 0.6936959879807693 0.8716796874999999 0.691786264423077 0.8750585937500001 0.6910223774038461 0.8827880865384615 0.6914043221153846 0.8871337884615385 0.6910223774038461 0.8895507812500001 0.6894945985576922 0.8929296875 0.6887345673076923 0.8967968749999999 0.6879706778846154 0.9016259759615385 0.6875887355769231 0.9045214831730769 0.6864429014423077 0.9079052740384616 0.6860609567307693 0.91080078125 0.6849151225961538 0.9141845697115384 0.68415509375 0.9166015624999999 0.6833912043269231 0.9204638677884615 0.6826273149038461 0.9238427740384616 0.6818634254807693 0.9272265625 0.6814814807692307 0.9291601562499999 0.6810995360576922 0.9320556634615385 0.6818634254807693 0.9354394519230769 0.68415509375 0.93978515625 0.6868248461538461 0.9417187499999999 0.6914043221153846 0.9441308605769231 0.6971296298076923 0.9436474615384616
0 0.22637345673076922 0.13155761778846153 0.22313657451923077 0.13395019471153846 0.21962577163461539 0.13736816346153846 0.21422839423076923 0.14863769471153845 0.2120717596153846 0.15683593750000002 0.2120717596153846 0.15991211057692306 0.2118016971153846 0.16469238221153845 0.2123379639423077 0.1704980480769231 0.2123379639423077 0.17323242067307693 0.21503857932692305 0.17665038942307693 0.21962577163461539 0.17869628846153846 0.2358217596153846 0.17630859375 0.2528240745192308 0.15854492067307693 0.25120370432692307 0.1421484375 0.2431095673076923 0.13463378846153845 0.23393132692307692 0.13155761778846153 0.22637345673076922 0.13155761778846153
0 0.4174961418269231 0.3589990240384615 0.41219521634615386 0.3640332043269231 0.41007716105769226 0.36872558653846155 0.4098109567307692 0.3717480480769231 0.4159066346153846 0.37510253846153846 0.4201466057692308 0.3764404302884615 0.4243865745192308 0.3764404302884615 0.4286265432692308 0.3797949206730769 0.4328703701923077 0.3831494134615384 0.4352546298076923 0.3831494134615384 0.43816743750000003 0.38046875 0.4424112644230769 0.37946288942307693 0.4453240745192308 0.37610839903846155 0.4466512355769231 0.3720800793269231 0.4482407403846154 0.3660449206730769 0.4495640432692308 0.36168456971153845 0.4498302475961538 0.35497558653846156 0.4479745360576923 0.35329589903846154 0.44320601923076924 0.35329589903846154 0.43896605048076925 0.35329589903846154 0.43631558653846153 0.3529638677884615 0.43260416586538464 0.3536328125 0.42783179086538464 0.3553076177884616 0.42173611057692306 0.35732421875 0.4174961418269231 0.3589990240384615
0 0.3976273149038461 0.873193358173077 0.3927700625 0.8643115240384615 0.3835918221153846 0.8615771490384615 0.36955632692307694 0.8598681634615384 0.36172839423076925 0.8591845697115384 0.35120370432692305 0.86669921875 0.3471566346153846 0.870458985576923 0.3414891971153846 0.8755810552884615 0.34094907451923073 0.8786572259615385 0.33986882692307696 0.8899316418269231 0.3611882716346154 0.8998339855769231 0.3768441346153846 0.8940283197115384 0.39627700721153847 0.885830079326923 0.3976273149038461 0.873193358173077
0 0.3171952163461539 0.6921484375 0.32853394951923076 0.69009765625 0.3393287043269231 0.6894140624999999 0.34553626442307694 0.6849755865384615 0.3466165120192307 0.6764355456730768 0.3463464495192307 0.6661865240384616 0.3476967596153846 0.6600390625 0.34094907451923073 0.6532080072115385 0.3320408942307692 0.6439843749999999 0.32934027884615386 0.6395410144230769 0.32610339423076923 0.6327099615384615 0.31800540144230766 0.623486329326923 0.31341820913461543 0.621435548076923 0.30802083413461534 0.62177734375 0.30342978365384615 0.625537108173077 0.29857253125 0.6316845697115384 0.2945254639423077 0.6371484374999999 0.2904745360576923 0.6460302740384616 0.28777777884615385 0.6511572259615386 0.28615740625 0.6569628894230769 0.2907445985576923 0.6795068365384616 0.30262345673076924 0.69009765625 0.3074807091346154 0.6959033197115385 0.3171952163461539 0.6921484375
0 0.33240740625000004 0.29912597596153845 0.3278742283653846 0.29789550721153846 0.32139660576923074 0.29584472596153844 0.3184799375 0.29625488221153845 0.3152430552884615 0.2970751947115385 0.31103009375 0.2987158197115385 0.3113541658653846 0.307734375 0.31459490625 0.30978027403846153 0.32690200721153845 0.3229003894230769 0.33823688221153847 0.3253564447115384 0.3421257716346154 0.3216699206730769 0.3434182091346154 0.31060058653846156 0.34018132692307695 0.3028125 0.33629629567307695 0.301171875 0.33240740625000004 0.29912597596153845
0 0.2320254639423077 0.7646093749999999 0.23934027884615386 0.7710498052884615 0.24633873557692307 0.7750732427884616 0.2511072524038461 0.7795019519230769 0.2533333341346154 0.7815136730769231 0.26319444471153847 0.7859423822115384 0.26701003125 0.783125 0.2717785504807692 0.7766845697115384 0.27464120432692307 0.7678271490384615 0.27496142067307694 0.7629980456730769 0.27750385817307693 0.7505175769230769 0.2813233028846154 0.740859375 0.28227623557692305 0.7344189447115385 0.28227623557692305 0.730390625 0.28195601923076924 0.7251611322115384 0.28195601923076924 0.7231494134615384 0.2816396610576923 0.7199267572115384 0.2810030865384615 0.7175097644230769 0.27750385817307693 0.7163037115384616 0.2736882716346154 0.71509765625 0.26637345673076923 0.7142919927884616 0.2600115745192308 0.7142919927884616 0.25492283894230766 0.71509765625 0.24729166586538462 0.7175097644230769 0.24347607932692308 0.7223437500000001 0.24156635817307695 0.7255615240384615 0.23616126442307694 0.7311962884615385 0.23425154326923078 0.73361328125 0.23138888942307692 0.7352246081730769 0.22916280769230768 0.7380419927884615 0.22693672836538464 0.741259764423077 0.22534722115384614 0.7436767572115385 0.22089506250000002 0.7468945312499999 0.22184799278846154 0.7529345697115384 0.22502700721153845 0.7589697259615384 0.2320254639423077 0.7646093749999999
0 0.7612075625 0.4734814447115384 0.7593672836538462 0.47697265625 0.7571566346153846 0.4786035168269231 0.7543981490384616 0.48116699278846153 0.7523148149038461 0.48388671875 0.7514506177884616 0.48955566346153845 0.7516358028846154 0.49258300721153847 0.7538425937500001 0.49514648317307697 0.755316358173077 0.49980468749999996 0.7556828701923077 0.5037841802884615 0.75826003125 0.5054150384615385 0.7606558653846154 0.50658203125 0.7634143509615385 0.5072802740384615 0.765625 0.50865234375 0.7683834879807693 0.50935546875 0.7724344134615385 0.5095849615384616 0.7740895072115385 0.5095849615384616 0.7742746923076923 0.5123828125000001 0.7764814807692308 0.5126123052884616 0.7820023149038462 0.5119384759615385 0.7866049374999999 0.5110058605769231 0.7888155865384616 0.50935546875 0.7888155865384616 0.5067919927884615 0.7886304014423077 0.5028564447115385 0.7867901225961538 0.5002685552884615 0.7849498461538461 0.4977050769230769 0.7820023149038462 0.4963330072115385 0.7797955240384616 0.4949121105769231 0.7794290120192309 0.4928369134615384 0.7792438269230769 0.4891113293269231 0.7772183653846153 0.48349609375 0.7750115745192308 0.47839355528846156 0.7731712956730769 0.47534179807692306 0.7720640432692308 0.4728027331730769 0.7700424375 0.46931152403846155 0.7681983028846153 0.46672363221153845 0.7676466057692307 0.46672363221153845 0.7650694447115385 0.46532714903846156 0.7634143509615385 0.4674462884615384 0.7630478389423078 0.4690771490384616 0.7612075625 0.4734814447115384
0 0.48768518509615383 0.21412109375000002 0.4807484567307692 0.21791503846153845 0.4738155865384615 0.22503418028846156 0.4755015432692308 0.23001464903846153 0.4790625 0.23594726682692307 0.48149691346153844 0.23689453124999998 0.4895563269230769 0.235234375 0.49424382692307695 0.235234375 0.4993055552884615 0.23689453124999998 0.5043634254807693 0.2385546875 0.5090509254807692 0.23902831971153848 0.5128009254807693 0.23808105528846155 0.5202970673076923 0.23642089903846156 0.5264814807692308 0.23310058653846152 0.5257330240384616 0.22740722596153845 0.5236689807692307 0.21957519471153847 0.518796295673077 0.21436035096153847 0.5139236105769232 0.2084277355769231 0.5101736105769231 0.20178711057692308 0.5066126538461538 0.19490722596153848 0.5028665120192307 0.18968749999999998 0.4970563269230769 0.18612793028846156 0.4897453701923077 0.18755371153846154 0.4807484567307692 0.19016113221153846 0.4886226850961538 0.20083496153846153 0.4927430552884615 0.20629394471153845 0.49124614182692306 0.21103515625000002 0.48768518509615383 0.21412109375000002
0 0.4790625 0.23924316346153846 0.47868827163461536 0.24351074278846155 0.48000000000000004 0.24849609375 0.48337191346153846 0.25466308653846154 0.4889969134615385 0.2608300769230769 0.49686728365384614 0.2665234375 0.50173996875 0.2641503894230769 0.5113001538461538 0.2591699206730769 0.511111110576923 0.25205078125 0.5028665120192307 0.23829101682692308 0.4893711418269231 0.23426269471153846 0.4848726850961539 0.2363964831730769 0.4790625 0.23924316346153846
0 0.5309567908653846 0.68736328125 0.5209722211538461 0.6982958990384615 0.51584490625 0.7023974615384615 0.5082870360576923 0.708203125 0.5061265432692308 0.7136669927884616 0.5007291658653846 0.72083984375 0.4996489206730769 0.7293798822115385 0.5009992283653847 0.7365527331730769 0.5063966057692307 0.7433886706730769 0.5134143509615384 0.7502197259615385 0.516651235576923 0.75705078125 0.52259259375 0.7631982427884616 0.5325771610576923 0.7696875 0.5530902788461538 0.7792529302884615 0.5590277788461538 0.790185545673077 0.5636149687500001 0.80453125 0.5630748461538462 0.8171728509615386 0.5636149687500001 0.8322021490384616 0.57548996875 0.86669921875 0.5865586418269231 0.8878808605769231 0.5960030865384616 0.8988134759615385 0.6059915120192307 0.9005175793269231 0.621913579326923 0.9022265625 0.635138889423077 0.8981298822115384 0.6715740745192308 0.8895898437499999 0.6715740745192308 0.870458985576923 0.6543016971153846 0.8356152331730768 0.6143557091346155 0.7789111322115385 0.5763001538461539 0.7269921874999999 0.5544367283653846 0.6904296875 0.5414853389423077 0.6801904302884616 0.5382445985576922 0.6812158197115384 0.5309567908653846 0.68736328125
0 0.24715663461538462 0.6603515625 0.24175925961538464 0.658359375 0.23883487740384618 0.6577880865384615 0.23456018509615387 0.6560791009615384 0.23163580288461538 0.655224610576923 0.22758873557692308 0.6555126947115385 0.22444058653846152 0.6594970697115384 0.2242168221153846 0.6637646490384616 0.22309027884615384 0.6706005865384616 0.2212924375 0.6779980480769231 0.22173996875 0.6834082019230769 0.22286651201923077 0.6879638677884615 0.22668981490384615 0.6899560552884616 0.23051311778846154 0.6930859375 0.23613425961538462 0.6945117187500001 0.24490740625 0.6942236322115385 0.2518788581730769 0.69251953125 0.2566049375 0.688818360576923 0.263125 0.6791406249999999 0.2633487644230769 0.6703125000000001 0.2584027788461538 0.6646191394230769 0.2527816346153846 0.6614892572115385 0.24895447596153847 0.6603515625 0.24715663461538462 0.6603515625
0 0.5142785504807692 0.2795703125 0.5116550937500001 0.2802832043269231 0.5079089495192307 0.27885742307692307 0.5047222211538461 0.27529785096153847 0.5000347211538462 0.2736376947115385 0.49778549278846157 0.2724511706730769 0.4940393509615385 0.27031738221153845 0.49122685096153845 0.270078125 0.48729166586538464 0.26794433653846156 0.4841049375 0.26699706971153847 0.4796064807692308 0.26841796875 0.4775424375 0.2719775384615385 0.47529320913461537 0.2771972668269231 0.47529320913461537 0.28241699278846155 0.47604552403846156 0.28645019471153843 0.47810570913461536 0.29143066346153845 0.48054398076923077 0.29807128846153846 0.4839158942307692 0.3021044927884616 0.4927237644230769 0.3111181634615384 0.5015354927884615 0.31633789182692307 0.5122183653846154 0.3191845697115384 0.5176543221153846 0.3184716802884615 0.5206520072115385 0.30708496153846154 0.5208410504807692 0.28479003846153844 0.5184027788461538 0.28051757692307694 0.5169058653846154 0.27980468750000004 0.5142785504807692 0.2795703125
0 0.6665316346153846 0.4816308605769231 0.6618441346153846 0.48068359374999997 0.6562229927884615 0.48068359374999997 0.6477854927884615 0.48139160096153844 0.6369174375 0.48020996153846157 0.6311072524038461 0.4768847644230769 0.625671295673077 0.47546386778846156 0.6241705240384616 0.4752246081730769 0.6224845673076923 0.4818701177884615 0.6228587956730769 0.4930175793269231 0.6232330240384615 0.501796875 0.6252970673076923 0.5096240240384615 0.6350424375 0.5112841802884616 0.6468518509615385 0.5252783197115385 0.66821759375 0.535478516826923 0.6792746923076923 0.5326318365384616 0.6820871923076923 0.520537108173077 0.6772145072115384 0.4892236322115385 0.6734645072115384 0.4849511730769231 0.67103009375 0.48353027403846155 0.6665316346153846 0.4816308605769231
0 0 0.4073779302884616 0.00030478365384615385 0.44043456971153844 0.007766204326923077 0.44810546875 0.022226079326923075 0.44161621153846153 0.03155092548076923 0.43688964903846156 0.05673611057692308 0.41623046874999997 0.0749266971153846 0.4014746105769231 0.09171682211538462 0.39025878846153844 0.11270447596153846 0.3749121081730769 0.11783564903846154 0.35189453125000003 0.09451388942307691 0.3158837884615385 0.08565200721153846 0.30349121153846154 0.08175154326923077 0.3041015625 0.07353394951923077 0.30708007692307693 0.06018518509615385 0.3011230480769231 0.04594907451923077 0.30341796875 0.03435185096153846 0.30171875 0.026041665865384613 0.3109375 0.009633487980769231 0.3170654302884615 0.004969134615384615 0.32061035096153845 0 0.34008788942307694 0 0.3755029302884615 0 0.4073779302884616
0 0.44899691346153847 0.11203613221153846 0.44854938221153845 0.11231933653846153 0.4471990745192308 0.11602050721153846 0.44382330288461536 0.12143066346153845 0.4415740745192308 0.12541503846153848 0.4370756177884615 0.13110839903846155 0.43302855048076927 0.13651855528846155 0.43123070913461536 0.141640625 0.4305555552884615 0.1493261706730769 0.43392746875 0.1493261706730769 0.4393248461538462 0.15331054807692307 0.44247685096153844 0.15843749999999998 0.4483217596153847 0.15701171875 0.4510223774038461 0.15103515625 0.4548456778846154 0.13851074278846154 0.4591203701923077 0.12427734375 0.45709490625 0.11830078125 0.4530478389423077 0.1148828125 0.4528202163461538 0.11402831971153846 0.44899691346153847 0.11203613221153846
0 1 0.4194189447115385 0.9985069447115384 0.41542480528846154 0.9944598774038462 0.4102978509615385 0.9731905865384616 0.4090332043269231 0.9699498461538462 0.4285058605769231 0.9721103389423077 0.45753906250000004 0.9729205240384615 0.47427734374999997 0.9850655865384615 0.4855517572115385 0.9918132716346153 0.48726074278846154 0.9999112644230769 0.5022900384615384 1 0.4988720697115384 1 0.4701806634615385 1 0.43451660096153844 1 0.42597656250000004 1 0.4194189447115385
0 0.14585262259615386 0.25251464903846155 0.15934799278846154 0.25308593749999997 0.16857253125 0.255078125 0.17082175961538462 0.25621581971153845 0.17104552403846154 0.25621581971153845 0.1660956778846154 0.24938476442307692 0.16025077163461537 0.24568359374999998 0.1548495360576923 0.24084472596153847 0.1449537043269231 0.23344238221153846 0.1420293221153846 0.23088378846153848 0.13235725240384616 0.22519043028846156 0.13145833413461538 0.22291015625000002 0.12920910576923078 0.22091796875 0.1215625 0.21665038942307693 0.11661651201923078 0.2146582043269231 0.10874228365384615 0.21437011778846154 0.10446759375 0.2172167980769231 0.10087191346153847 0.22348144471153847 0.09895833413461538 0.22914550721153845 0.09783564903846154 0.23885253846153848 0.09727237740384614 0.24169921875 0.09749614182692307 0.24995605528846154 0.11526620432692308 0.25023925721153845 0.1370833341346154 0.25251464903846155 0.13933256249999998 0.25280273317307694 0.14585262259615386 0.25251464903846155
0 0.5972222211538462 0.30859375 0.5892168221153846 0.30226074278846154 0.5756442908653846 0.30017578125 0.5608371923076922 0.2923681634615385 0.5526118822115385 0.291328125 0.5501427475961539 0.29757324278846153 0.5480864206730769 0.30746581971153847 0.5501427475961539 0.31631347596153847 0.5526118822115385 0.3220410168269231 0.5542554014423077 0.3230810552884616 0.5608371923076922 0.33141113221153845 0.5661844134615385 0.33609374999999997 0.5694753076923077 0.3412988269230769 0.5814043221153846 0.3583984375 0.5964506177884615 0.3642578125 0.6210416658653847 0.3281396490384615 0.6165123461538461 0.322265625 0.5972222211538462 0.30859375
0 0.4004629639423077 0.57861328125 0.39853394951923077 0.58251953125 0.39668981490384614 0.5856396490384616 0.3958063269230769 0.5881591802884615 0.39646990625 0.5931884759615385 0.39646990625 0.5948681634615385 0.39536651201923073 0.5985009759615385 0.39536651201923073 0.601015625 0.3955864206730769 0.6052099615384615 0.39668981490384614 0.6119189447115384 0.3984567908653846 0.6158300793269231 0.3993402788461538 0.621142576923077 0.3993402788461538 0.62421875 0.40022376442307694 0.6278515625 0.40088734615384614 0.6300878894230769 0.4033179014423077 0.63427734375 0.40640817788461536 0.6376318365384616 0.4092785504807692 0.6390332019230769 0.41281249999999997 0.6379150384615385 0.4159066346153846 0.636796875 0.4194405865384615 0.63427734375 0.4229745360576923 0.6351171875 0.42385802403846157 0.6365136730769231 0.42540509374999996 0.6384716802884616 0.42783179086538464 0.6407080072115385 0.42783179086538464 0.6429443365384616 0.4271720673076923 0.6460205072115385 0.42739197596153844 0.6462988269230769 0.42982253125000003 0.6479785144230769 0.43467978365384613 0.6493749999999999 0.43998070913461534 0.6499316394230769 0.4424112644230769 0.6482568365384616 0.44373456730769234 0.645458985576923 0.44439814903846153 0.63875 0.44439814903846153 0.6328808581730769 0.44351466105769227 0.6278515625 0.4430709879807692 0.6250537115384615 0.44218749999999996 0.61890625 0.44108410576923074 0.6152734375000001 0.43953703605769234 0.6121972644230769 0.4366666658653846 0.6096826177884616 0.4337962956730769 0.606884766826923 0.4311458341346154 0.6035302740384615 0.4291589495192308 0.601015625 0.42540509374999996 0.5993408197115385 0.42385802403846157 0.5973828125 0.4216473774038461 0.594306641826923 0.4194405865384615 0.5898339831730769 0.4174537043269231 0.5870410144230769 0.4154629639423077 0.5842431634615385 0.4143595673076923 0.58228515625 0.4130362644230769 0.5806103509615385 0.4110455240384615 0.5794921875 0.4077353389423077 0.5772558605769231 0.40574845673076926 0.5752978509615384 0.4035378076923077 0.5730615240384616 0.40155092548076926 0.5755761706730769 0.4004629639423077 0.57861328125
0 0.3596141971153846 0.6967871081730769 0.3607407403846154 0.7016259759615384 0.3611882716346154 0.715869139423077 0.3769290120192308 0.714990233173077 0.38819444471153847 0.724951173076923 0.3915547836538461 0.7224072259615385 0.3953703701923077 0.714990233173077 0.3971836418269231 0.699365233173077 0.39266975240384616 0.691357423076923 0.38660493749999997 0.6891015625 0.3841435192307693 0.682568360576923 0.3839081778846154 0.6714501947115384 0.36928626442307694 0.6688916009615385 0.3650154326923077 0.6660449206730769 0.3611882716346154 0.6640527355769231 0.3582677475961538 0.6631982427884615 0.3551157403846154 0.6617724615384616 0.3524189807692307 0.6594970697115384 0.3494945985576923 0.6594970697115384 0.3463464495192307 0.6629150384615384 0.3436458341346154 0.6694580072115385 0.3436458341346154 0.6771435552884615 0.3436458341346154 0.6859716802884616 0.3479205240384615 0.69251953125 0.3512924375 0.6928027355769231 0.35556712980769234 0.6928027355769231 0.3596141971153846 0.6967871081730769
0 0.5404745360576924 0.8185449230769231 0.5394135793269231 0.8151904302884615 0.5383526225961538 0.812841798076923 0.5370254639423077 0.8094873052884615 0.5351736105769231 0.8064697259615384 0.5338464495192308 0.8044580072115385 0.5327854927884615 0.8024462884615384 0.5309297836538461 0.8004296875 0.5309297836538461 0.7977490240384615 0.5298726850961539 0.7943945312499999 0.5288117283653846 0.7903662115384615 0.5277507716346154 0.7893603509615384 0.52642746875 0.7856738269230769 0.5256288581730769 0.7823193365384615 0.5251003076923078 0.7786279302884616 0.5235108028846154 0.7752734375 0.5221836418269231 0.7722558605769231 0.5208603389423077 0.77125 0.5176813269230769 0.7672216802884615 0.5166203701923077 0.766552735576923 0.5155594134615384 0.76353515625 0.5121141971153846 0.75984375 0.5110532403846154 0.7595068365384615 0.509463735576923 0.758837889423077 0.5081365745192308 0.75783203125 0.5076080240384615 0.7564892572115384 0.50548996875 0.7551464855769231 0.5049575625 0.7548144543269231 0.5049575625 0.754140625 0.5049575625 0.7534716802884615 0.504691358173077 0.7514599615384616 0.5025733028846153 0.7497802740384615 0.5009837956730769 0.7501171875 0.4999228389423077 0.7494433605769231 0.4991280865384615 0.7470996081730769 0.4978009254807692 0.7467626947115384 0.4932947524038462 0.7467626947115384 0.49170524759615386 0.7470996081730769 0.49011574038461536 0.7477685552884614 0.4877314807692308 0.7487744134615385 0.4845486105769231 0.7507861322115384 0.4826967596153846 0.7517919927884615 0.47978009374999997 0.7534716802884615 0.4771296298076923 0.7548144543269231 0.47580246875000004 0.7558203124999999 0.4734182091346154 0.7571582043269232 0.47130015384615387 0.758837889423077 0.4689120360576923 0.7608496105769231 0.4665277788461539 0.7621923822115384 0.46414351923076924 0.7645410144230769 0.46228780769230765 0.766552735576923 0.46016589423076926 0.7685644519230769 0.45698688221153844 0.7709130865384615 0.45274691346153845 0.7725927740384615 0.45115740625 0.7709130865384615 0.44903549278846155 0.7702441394230769 0.4466512355769231 0.7695703125000001 0.44426311778846156 0.7699072259615385 0.4405555552884615 0.77125 0.43843364182692307 0.7729248052884615 0.4360493822115385 0.7752734375 0.43392746875 0.7772851562499999 0.4310146610576923 0.7796337884615384 0.4280979927884615 0.7823193365384615 0.42624228365384614 0.7839941394230769 0.42385802403846157 0.7856738269230769 0.42067515384615384 0.7870117187500001 0.41829089423076926 0.78869140625 0.41511188221153844 0.789697264423077 0.4116666658653846 0.7910400384615385 0.4082214495192308 0.7917089831730769 0.40583333413461536 0.7930517572115385 0.4037152788461539 0.7943945312499999 0.40106481490384616 0.7950634759615384 0.39920910576923074 0.7970751947115384 0.3962924375 0.8007666009615384 0.39549768509615385 0.8037841802884615 0.39603009375 0.8064697259615384 0.39735339423076926 0.80982421875 0.39920910576923074 0.8151904302884615 0.39973765384615384 0.8188818365384616 0.4015933653846154 0.82357421875 0.4037152788461539 0.8286083990384616 0.40503857932692305 0.8306201177884615 0.40636574038461537 0.8333056634615384 0.40742669711538465 0.83666015625 0.4090162043269231 0.8400146490384616 0.41007716105769226 0.8430322259615385 0.4114004639423077 0.8470556634615385 0.41298996875000005 0.8517529302884616 0.41564043269230766 0.85779296875 0.41722993750000004 0.8624853509615384 0.41935185096153843 0.86583984375 0.4204128076923077 0.8695312500000001 0.4204128076923077 0.8715429687499999 0.4201466057692308 0.8755712884615385 0.42120756249999997 0.8802636706730769 0.42226851923076925 0.88697265625 0.4249189807692308 0.8946875 0.42677083413461536 0.9013964831730769 0.42836419711538465 0.9057568365384616 0.4286265432692308 0.9081054687500001 0.4286265432692308 0.9104541009615384 0.4286265432692308 0.91212890625 0.4291589495192308 0.9148144543269231 0.4296875 0.9164941418269231 0.43021990625 0.9225292956730768 0.43021990625 0.9272265625 0.4310146610576923 0.9356103509615384 0.43180941346153845 0.9453369134615385 0.4328703701923077 0.9497021490384616 0.43366512259615386 0.9537255865384615 0.4352546298076923 0.9590917980769231 0.43578317788461535 0.9611035144230768 0.43711033894230766 0.9634521490384615 0.43816743750000003 0.9681494134615385 0.4392283942307692 0.973515625 0.4413503076923077 0.9808935552884616 0.4424112644230769 0.9808935552884616 0.4450617283653846 0.9798876947115385 0.4461188269230769 0.9778759759615384 0.4538078701923077 0.9758642572115386 0.45804783894230766 0.9748583990384615 0.4606983028846154 0.9728466802884616 0.462816358173077 0.9701611322115385 0.46520447596153847 0.9688183581730769 0.46864969230769227 0.9698242187499999 0.4734182091346154 0.9741845697115384 0.47580246875000004 0.9768701177884616 0.4773958341346154 0.9795556634615384 0.4816358028846154 0.98291015625 0.4850810192307692 0.9855908197115385 0.49170524759615386 0.9872705072115384 0.4962114206730769 0.987939451923077 0.5015123461538461 0.9889453125000001 0.5057523149038462 0.9882763677884616 0.5062847211538462 0.9862646490384616 0.5134375 0.9808935552884616 0.5168827163461539 0.9778759759615384 0.52165509375 0.9788818365384616 0.5248341057692307 0.9818994134615384 0.5285455240384616 0.9862646490384616 0.5335802475961539 0.98693359375 0.5372916658653846 0.9855908197115385 0.5410030865384615 0.98291015625 0.5439197524038462 0.9818994134615384 0.5463040120192308 0.9808935552884616 0.54736496875 0.97921875 0.5484220673076923 0.9755273437499999 0.5505439807692307 0.9684863269230769 0.55107253125 0.9631152331730769 0.55107253125 0.9527197259615385 0.5508101850961539 0.947353516826923 0.5494830240384615 0.9409765625000001 0.5481597211538461 0.9352783197115385 0.5481597211538461 0.9302441394230769 0.5478935192307692 0.92521484375 0.54736496875 0.9218603509615384 0.5460378076923077 0.91783203125 0.5449768509615385 0.9148144543269231 0.5449768509615385 0.9104541009615384 0.5444483028846154 0.9047509759615384 0.5439197524038462 0.9000537115384616 0.5436535504807692 0.8963671875 0.5436535504807692 0.8930126947115385 0.5436535504807692 0.8893212884615385 0.5441820985576923 0.8852978509615385 0.5439197524038462 0.8809375 0.5431211418269231 0.8735546875 0.5439197524038462 0.8688623052884614 0.5441820985576923 0.8645019519230769 0.5449768509615385 0.8598046874999999 0.5470987644230769 0.8537646490384615 0.5489544759615385 0.8490673822115385 0.5492206778846154 0.8433691418269231 0.5492206778846154 0.8396777355769232 0.5481597211538461 0.8356542956730769 0.5470987644230769 0.8329687499999999 0.5449768509615385 0.8269287115384615 0.5431211418269231 0.8232421875 0.5417978389423077 0.8212304687499999 0.5404745360576924 0.8185449230769231
0 0.4415586418269231 0.2919042980769231 0.4372453701923077 0.2900048822115385 0.4338734567307692 0.29095703125 0.4290007716346154 0.29214355528846153 0.4228125 0.29878418028846154 0.4198148149038462 0.3094580072115385 0.4205632716346154 0.31277831971153847 0.4205632716346154 0.3191845697115384 0.4246875 0.3262988269230769 0.42862268509615387 0.33175781249999997 0.4338734567307692 0.3329443365384615 0.4458680552884615 0.3296240240384615 0.45150462980769235 0.31513671875000004 0.45017746875000003 0.30234375 0.44717978365384614 0.29522461057692306 0.44567901201923077 0.29403808653846153 0.4415586418269231 0.2919042980769231
0 0.3796682091346154 0.46586425721153846 0.3763541658653846 0.46819336057692307 0.3741435192307693 0.47028808653846155 0.3724884254807692 0.47168456971153844 0.3682561730769231 0.4730859375 0.3662307091346154 0.47587890624999996 0.3662307091346154 0.479140625 0.3671527788461538 0.48193847596153844 0.3699112644230769 0.4858984375 0.3715663581730769 0.48659668028846154 0.3741435192307693 0.48962402403846156 0.3746952163461538 0.48915527403846154 0.3778240745192308 0.4900878918269231 0.38242669711538463 0.4933496105769231 0.38408564903846154 0.4938183605769231 0.3877314807692308 0.494140625 0.3938387355769231 0.4945166009615385 0.3966010793269231 0.4938183605769231 0.39917438221153845 0.49171875000000004 0.4024884254807692 0.4903222668269231 0.4048804014423077 0.4898583990384615 0.4076427475961539 0.4879931634615385 0.4083796298076923 0.48473144471153845 0.40893132692307693 0.48170410096153843 0.4091165120192307 0.4796044927884615 0.4076427475961539 0.4742480456730769 0.4074575625 0.4721533197115385 0.4056172836538462 0.47028808653846155 0.4048804014423077 0.46819336057692307 0.4034104927884616 0.46632812500000004 0.40193672836538463 0.4644677740384615 0.4000964495192308 0.46399902403846155 0.3956790120192308 0.4621386706730769 0.3931018509615385 0.46120605528846154 0.3914467596153846 0.4609716802884615 0.388888889423077 0.4609375 0.3861072524038462 0.4619042956730769 0.3829783942307692 0.46399902403846155 0.3796682091346154 0.46586425721153846
0 0.4122993822115385 0.2821191394230769 0.4161651225961539 0.2856152355769231 0.4207638894230769 0.2881738269230769 0.4262885793269231 0.2900390625 0.42959876442307693 0.2921337884615384 0.43180941346153845 0.2919042980769231 0.4358564807692308 0.2902734375 0.4397222211538461 0.29143554807692307 0.4456134254807692 0.29399902403846156 0.44708333413461543 0.2979589855769231 0.4494791658653846 0.30005859375 0.45242283894230767 0.29912597596153845 0.4575771610576923 0.29912597596153845 0.4581288581730769 0.2981933605769231 0.45739197596153847 0.2944677740384615 0.45665509374999996 0.29143554807692307 0.45628857932692307 0.28747558653846156 0.45389274759615383 0.283984375 0.44819058653846156 0.28002441346153845 0.4446913581730769 0.27676269471153847 0.4419328701923077 0.27443359375000004 0.4349382716346154 0.27210449278846155 0.43143904326923077 0.26860839903846156 0.4288618822115385 0.26744628846153845 0.42334105048076925 0.2667480456730769 0.41966049278846157 0.2669775384615385 0.4162808653846154 0.26806640625 0.4152430552884615 0.2693066394230769 0.41266589423076927 0.27163574278846153 0.4111959879807693 0.27652831971153846 0.4122993822115385 0.2821191394230769
0 0.9175 0.3282958990384615 0.9130015432692308 0.33057128846153844 0.9082793221153846 0.3337011706730769 0.9064814807692307 0.3379736322115384 0.905131173076923 0.34337890625 0.9031057091346154 0.34821777403846155 0.9049035504807693 0.35135253846153847 0.9116512355769231 0.3536279302884615 0.9136766971153846 0.35391113221153847 0.9157021610576923 0.35619140625 0.9202006177884615 0.3604589855769231 0.9251466057692308 0.36501464903846154 0.9303202163461539 0.3667236322115385 0.9366203701923077 0.36644043028846157 0.9386419759615384 0.36501464903846154 0.9406674375 0.36188476442307693 0.9447145072115385 0.35021484375 0.9456134254807692 0.33939453125 0.9406674375 0.32288574278846155 0.9278472211538461 0.32345214903846153 0.9240239206730769 0.3243066418269231 0.9175 0.3282958990384615
0 0.016365740384615385 0.7205615240384616 0.0169174375 0.7224267572115385 0.01820601923076923 0.7263867187499999 0.018942901442307692 0.7303466802884616 0.020231480769230772 0.7331396490384615 0.023545524038461538 0.7361669927884615 0.02759259375 0.7370996105769231 0.02998456730769231 0.736865233173077 0.032561728365384617 0.7345361322115385 0.03550925961538462 0.73244140625 0.03716435096153846 0.7319726562500001 0.04084490625 0.7312744134615384 0.043055555288461535 0.7294140625 0.043055555288461535 0.7280126947115384 0.042499999999999996 0.7249853509615385 0.04176697596153846 0.722890625 0.04047839423076923 0.7205615240384616 0.03863811778846154 0.7184619134615384 0.03624228365384616 0.7163671875000001 0.033483795673076924 0.7147363269230769 0.030906634615384617 0.7142724615384615 0.02851466105769231 0.7142724615384615 0.027040894230769233 0.7142724615384615 0.022438271634615384 0.714501951923077 0.020783177884615384 0.7147363269230769 0.019128086538461538 0.7154345697115385 0.016365740384615385 0.7182324230769231 0.016365740384615385 0.7205615240384616
0 0.49570601923076923 0.4685888677884616 0.49187114182692304 0.4705322259615385 0.4907986105769231 0.47344238221153845 0.49048996875 0.4761572259615384 0.4914120360576923 0.4792675793269231 0.4929436730769231 0.48333984375 0.4946296298076923 0.4864453125 0.4946296298076923 0.48955566346153845 0.49539737740384615 0.4936279302884615 0.49800540144230765 0.4949902355769231 0.5015316346153846 0.4920751947115385 0.5059799375 0.49071777403846156 0.5096604927884616 0.48916503846153847 0.5125771610576924 0.4887792980769231 0.5177932091346154 0.4887792980769231 0.5211651225961538 0.48936035096153846 0.5248456778846153 0.49013671875 0.5266859567307692 0.48994140625000004 0.5297530865384615 0.48936035096153846 0.5308294759615385 0.48994140625000004 0.5342013894230769 0.4928515625 0.5342013894230769 0.4918847668269231 0.5342013894230769 0.48955566346153845 0.5340509254807693 0.4864453125 0.533128858173077 0.48101074278846156 0.532361110576923 0.4761572259615384 0.532361110576923 0.4726660168269231 0.5322106490384615 0.4687841802884615 0.5311342596153846 0.46586914182692307 0.5308294759615385 0.4623779302884615 0.5300617283653846 0.4608251947115385 0.5268402788461539 0.45810546875 0.5233140432692308 0.4563574206730769 0.5199382716346154 0.455 0.51548996875 0.4524755865384616 0.51334490625 0.45169921875 0.5115046298076923 0.45228515625 0.5092013894230769 0.45402831971153845 0.5065933653846154 0.45577636778846153 0.5050617283653847 0.45713378846153846 0.5013811730769231 0.4608251947115385 0.49877314903846154 0.46295898317307693 0.49846450721153845 0.4650927740384615 0.49815972115384616 0.46761718750000003 0.49570601923076923 0.4685888677884616
0 0.4547067908653846 0.6605859374999999 0.4514660504807692 0.66017578125 0.4462847211538462 0.66017578125 0.43624228365384615 0.66017578125 0.43138503125 0.6605859374999999 0.4291203701923077 0.6655029302884615 0.4287962956730769 0.6708300793269231 0.43008873557692306 0.6778027331730769 0.4310609567307692 0.68681640625 0.43235725240384615 0.69419921875 0.4423996923076923 0.6958349615384616 0.4504938269230769 0.6950146490384616 0.46247685096153845 0.6794384759615385 0.46247685096153845 0.6708300793269231 0.4618325625 0.6646826177884615 0.45697144951923074 0.66140625 0.4547067908653846 0.6605859374999999
0 0.26441357932692305 0.66154296875 0.2633410504807692 0.66484375 0.2633410504807692 0.6667822259615386 0.2633410504807692 0.6700830072115385 0.2641049375 0.6716357427884615 0.2653317908653846 0.6747412115384616 0.26686728365384615 0.6774609375 0.26763503125 0.6782373052884616 0.27192901201923075 0.6788183605769231 0.27407407451923077 0.6788183605769231 0.27821759375 0.6788183605769231 0.2800578701923077 0.6784277331730769 0.28251157451923076 0.6778466802884615 0.28450617307692305 0.6778466802884615 0.2868055552884615 0.6770703124999999 0.28787808653846153 0.6757128918269231 0.28772762259615386 0.6737695312499999 0.2874189807692308 0.6708593749999999 0.28695987740384615 0.6683349615384616 0.2861921298076923 0.6663964831730769 0.2848109567307692 0.6636767572115385 0.28189814903846155 0.66115234375 0.28051697596153846 0.6601806634615385 0.27837191346153844 0.6592138677884616 0.2762229927884615 0.658046875 0.27331018509615385 0.6572705072115385 0.27100694471153847 0.6561083990384616 0.26732638942307696 0.6555224615384615 0.2653317908653846 0.6559130865384616 0.26471836538461535 0.6574658197115385 0.26441357932692305 0.66154296875
0 0.6639351850961539 0.8584619134615384 0.6665856490384615 0.86181640625 0.6681327163461539 0.866845701923077 0.6692361105769231 0.869921875 0.6694560192307691 0.8718798822115384 0.6710030865384616 0.8760742187499999 0.6716666658653847 0.8780273437499999 0.6721064807692307 0.8813818365384616 0.6721064807692307 0.8836181634615384 0.6716666658653847 0.8852978509615385 0.6707831778846154 0.8864160168269231 0.6681327163461539 0.8875341802884615 0.6648186730769231 0.88865234375 0.6599575625 0.8903271490384616 0.6575308653846155 0.8908886730769231 0.6566473774038462 0.8911669927884615 0.6524498461538462 0.8928417980769231 0.6497993822115385 0.8942431634615384 0.6478125 0.895361329326923 0.6447183653846154 0.897314454326923 0.6444984567307692 0.8992724615384616 0.64803240625 0.9026269543269231 0.6500192908653847 0.9045849615384616 0.651566358173077 0.90849609375 0.6526697524038462 0.9126904302884615 0.6535532403846154 0.9157666009615385 0.6544367283653846 0.9171630865384616 0.6584143509615384 0.9205175793269231 0.6601813269230768 0.9216357427884615 0.6634915120192308 0.9227539062500001 0.6650385793269231 0.92359375 0.6670254639423077 0.9247119134615385 0.6705594134615385 0.9291845697115384 0.6725501538461539 0.9303027355769231 0.6738734567307693 0.9322558605769231 0.6763040120192307 0.9347753894230769 0.6780709879807693 0.9358935552884616 0.6793942908653846 0.9358935552884616 0.6807214495192307 0.9347753894230769 0.6811612644230769 0.9330957043269231 0.6818248461538462 0.9303027355769231 0.6827083341346154 0.927783201923077 0.6835918221153846 0.925546875 0.6842554014423077 0.9221923822115384 0.6846952163461538 0.9177197259615385 0.685798610576923 0.9140869134615385 0.6866820985576924 0.9096142572115385 0.6873456778846154 0.9037451177884616 0.6893325625 0.89591796875 0.6906597211538461 0.89228515625 0.6910995360576924 0.8889306634615385 0.6915432091346154 0.8852978509615385 0.6919830240384616 0.8808251947115384 0.6924266971153846 0.8774707019230769 0.69353009375 0.8738378894230769 0.6944135793269232 0.8716015625 0.6955169759615385 0.8662890625 0.6957407403846154 0.8606982427884616 0.6964004639423076 0.8553857427884615 0.6970640432692308 0.8517529302884616 0.6988310192307693 0.8489599615384615 0.6997145072115385 0.8453222668269231 0.7021450625000001 0.8391748052884616 0.7030285504807693 0.83666015625 0.7021450625000001 0.8355419927884615 0.6999344134615384 0.8338623052884616 0.6975038581730769 0.8330224615384616 0.6946334879807693 0.8324658197115385 0.6902160504807693 0.83134765625 0.6869058653846154 0.8299511706730769 0.6838117283653846 0.8293896490384616 0.6807214495192307 0.8310693365384616 0.6793942908653846 0.8319042956730769 0.6774074062500001 0.8330224615384616 0.6740933653846154 0.8352587884615384 0.6721064807692307 0.8374951177884615 0.6694560192307691 0.8408496081730769 0.6663657403846154 0.8444873052884615 0.6617245360576922 0.850078125 0.6604012355769231 0.851474608173077 0.6610648149038462 0.8542675793269231 0.6623881177884615 0.8562255865384615 0.6639351850961539 0.8584619134615384
0 0.21856095673076922 0.47291015625 0.2265586418269231 0.46821288942307693 0.23312885817307694 0.46857421875 0.2391242283653846 0.4711035144230769 0.24462577163461538 0.47825683653846157 0.25540509375 0.4772509759615385 0.25997685096153844 0.47435546875 0.2634027788461539 0.4653222644230769 0.2656905865384615 0.4595361322115385 0.2665470673076923 0.4504980456730769 0.2665470673076923 0.43820800721153846 0.2625462956730769 0.4284472644230769 0.24998070913461537 0.4168798822115385 0.24455246875 0.40422363221153845 0.23198302403846152 0.4020556634615385 0.22712962980769233 0.40097168028846153 0.2194174375 0.40097168028846153 0.20884644951923076 0.4020556634615385 0.1905671298076923 0.40422363221153845 0.18142746875 0.408203125 0.17200231490384615 0.4100097668269231 0.15714892067307693 0.4125390625 0.15314814903846152 0.41832519471153845 0.15600694471153845 0.44326660096153847 0.1677160504807692 0.4570068365384615 0.1828549375 0.46314941346153843 0.18542438221153848 0.47580566346153846 0.19713734615384615 0.4801416009615384 0.21284722115384616 0.48339355528846156 0.21398919711538464 0.4805029302884615 0.21856095673076922 0.47291015625
0 0.18614583413461538 0.19172851442307692 0.18539351923076924 0.1919628894230769 0.18239583413461538 0.19528808653846155 0.1812692908653846 0.19884277403846154 0.17958333413461539 0.20453613221153846 0.17770833413461537 0.21141601442307692 0.17752314903846156 0.2204296875 0.17846064903846154 0.22161621153846156 0.1837075625 0.22304199278846154 0.1859567908653846 0.22493652403846154 0.1887692908653846 0.22896972596153847 0.19120370432692307 0.23300293028846156 0.19514274759615385 0.23893554807692308 0.19982638942307693 0.2422558581730769 0.20788580288461536 0.2455761730769231 0.2142592596153846 0.24486328124999998 0.21782021634615384 0.24012206971153846 0.21688271634615383 0.23062988221153846 0.21201003125 0.22398925721153845 0.20001543269230768 0.20596191346153844 0.1957021610576923 0.19552246153846153 0.18989197596153848 0.1936230480769231 0.18614583413461538 0.19172851442307692
0 0.5457716057692308 0.49703125 0.5444483028846154 0.4987060552884615 0.5448881177884616 0.502900391826923 0.54665509375 0.5048583990384615 0.5477623461538461 0.5062548822115385 0.5490856490384616 0.51044921875 0.5490856490384616 0.5138037115384615 0.5497492283653846 0.5165966802884616 0.551516204326923 0.5207910144230768 0.5572569447115385 0.52833984375 0.5592476850961539 0.5305761706730769 0.5627816346153847 0.5305761706730769 0.5652083341346154 0.5300146490384615 0.5700694447115384 0.5294580072115385 0.5740432091346154 0.5286181634615384 0.5784606490384616 0.5280566394230769 0.5839814807692307 0.5258203125 0.5877353389423077 0.5249853509615384 0.5881790120192307 0.5224658197115384 0.5864120360576923 0.519111329326923 0.5839814807692307 0.5165966802884616 0.5819945985576923 0.514921875 0.5808912043269231 0.5121240240384616 0.5782407403846154 0.50876953125 0.5755902788461539 0.5045800793269231 0.5747067908653846 0.5034619134615385 0.5707291658653847 0.5001074230769231 0.5687422836538462 0.4987060552884615 0.5671952163461539 0.49758788942307697 0.5643248461538461 0.49591308653846156 0.5610146610576924 0.4945166009615385 0.5590239206730769 0.49507324278846154 0.5568171298076924 0.49507324278846154 0.5539467596153846 0.49507324278846154 0.5528395072115384 0.49507324278846154 0.5497492283653846 0.49507324278846154 0.5477623461538461 0.49563476442307697 0.5457716057692308 0.49703125
0 0.13749614182692307 0.6359912115384615 0.1381442908653846 0.6404980456730769 0.13911651201923078 0.6486962884615385 0.13911651201923078 0.6597656249999999 0.13555169711538462 0.6696044927884616 0.13361111057692307 0.6794384759615385 0.13846836538461538 0.6847705072115384 0.14300154326923076 0.6835400384615385 0.1530439807692308 0.6831298822115385 0.16535107932692308 0.6892773437499999 0.17992283894230768 0.6921484375 0.19320216105769233 0.69091796875 0.19903549278846155 0.6790283197115384 0.19611882692307692 0.6634521490384616 0.19482253125 0.6478759759615385 0.19417438221153846 0.6372167956730769 0.1909375 0.62861328125 0.17830632692307694 0.62533203125 0.16275848798076925 0.6191845697115385 0.1530439807692308 0.6294287115384616 0.14656635817307692 0.6314794927884615 0.13749614182692307 0.6359912115384615
0 0.8660609567307692 0.4009667980769231 0.8680864206730768 0.3969824230769231 0.8685378076923077 0.39043456971153845 0.8660609567307692 0.37705566346153846 0.862461420673077 0.37335449278846156 0.8561651225961538 0.36994140625 0.8530169759615384 0.36908691346153844 0.8471682091346153 0.3687988269230769 0.8437962956730769 0.3696533197115385 0.8417708341346154 0.3730712884615385 0.8395216057692308 0.3762011706730769 0.83794753125 0.38303222596153846 0.8395216057692308 0.389296875 0.8451466057692307 0.39499023557692303 0.8523418221153847 0.39726562499999996 0.8660609567307692 0.4009667980769231
0 0.20035107932692306 0.60939453125 0.2072878076923077 0.6105810552884615 0.2095370360576923 0.6048876947115385 0.21103394951923077 0.5951611322115384 0.21309799278846153 0.5899462884615384 0.2132831778846154 0.5856738269230769 0.21590663461538462 0.5828271490384616 0.21740740625 0.57974609375 0.21646990624999998 0.5738134759615384 0.21384644951923076 0.57025390625 0.21084876442307693 0.5657470697115385 0.20878472115384616 0.561953125 0.20559799278846155 0.5593457043269231 0.19791666586538462 0.55908203125 0.18834876442307694 0.55673828125 0.18271605048076925 0.5560058605769231 0.17486111057692308 0.5534130865384616 0.17017361057692307 0.5548339831730769 0.17823302403846153 0.5785595697115384 0.18835648076923078 0.5939794927884615 0.19528935096153846 0.6041796875000001 0.20035107932692306 0.60939453125
0 0.3940393509615384 0.8688037115384616 0.39757330288461534 0.8710400384615385 0.3984567908653846 0.8735546875 0.39735339423076926 0.8769091802884615 0.3958063269230769 0.8805468750000001 0.39381944471153846 0.8855761730769232 0.39492283894230773 0.8866943365384615 0.39890046394230766 0.8852978509615385 0.40155092548076926 0.8827783197115384 0.4035378076923077 0.8799853509615385 0.40530478365384615 0.8780273437499999 0.41060570913461536 0.8732763677884615 0.41391975240384615 0.8716015625 0.4143595673076923 0.8688037115384616 0.41391975240384615 0.86544921875 0.41347607932692304 0.8606982427884616 0.4112692908653846 0.8562255865384615 0.4081751538461538 0.8539892572115384 0.40574845673076926 0.850634764423077 0.4039814807692308 0.850634764423077 0.4028742283653846 0.8495166009615385 0.4013310192307692 0.8475585937500001 0.3982368822115384 0.8464404302884615 0.3955864206730769 0.8456054687500001 0.3951466057692308 0.8464404302884615 0.3940393509615384 0.8489599615384615 0.3933796298076923 0.850634764423077 0.3889621923076923 0.8562255865384615 0.38719521634615384 0.8584619134615384 0.38454475240384617 0.8632128918269231 0.38697144951923074 0.8651708990384616 0.3898456778846154 0.8665673822115385 0.3940393509615384 0.8688037115384616
0 0.5486458341346154 0.571357423076923 0.55107253125 0.57443359375 0.5532831778846155 0.57806640625 0.5561535504807693 0.58169921875 0.5610146610576924 0.5881298822115385 0.5643248461538461 0.5939990240384615 0.5669753076923076 0.5979150384615385 0.5707291658653847 0.5993115240384616 0.5718364206730769 0.60126953125 0.5742631177884616 0.6037841802884615 0.5771373461538462 0.6026660144230769 0.5835416658653846 0.6007080072115385 0.5861921298076923 0.59875 0.58928240625 0.593720704326923 0.5925964495192309 0.5881298822115385 0.5954668221153846 0.583935548076923 0.5956867283653846 0.5814208990384615 0.5941435192307692 0.57890625 0.5910493822115385 0.5775048822115385 0.5886188269230769 0.5775048822115385 0.5881790120192307 0.5761083990384616 0.5881790120192307 0.5733154302884615 0.5877353389423077 0.5699609375 0.5826581778846154 0.5657666009615384 0.5800077163461539 0.5643701177884616 0.576253858173077 0.5632519543269231 0.5747067908653846 0.5629736322115385 0.572056326923077 0.562412108173077 0.5698456778846154 0.5604541009615385 0.56830246875 0.5590576177884615 0.5667554014423077 0.55654296875 0.5656520072115385 0.555146485576923 0.5614544759615385 0.5548632812500001 0.5590239206730769 0.5543066418269231 0.5561535504807693 0.5559814447115385 0.5541666658653847 0.5585009759615385 0.551516204326923 0.561572264423077 0.5479822524038462 0.56380859375 0.5473186730769231 0.5680029302884615 0.5486458341346154 0.571357423076923
0 0.5345138894230769 0.3465087884615385 0.5201195985576923 0.35379394471153847 0.5209413581730769 0.36576660096153846 0.5316743822115385 0.40732421875 0.5439737644230769 0.42927734375 0.568711420673077 0.43248535096153845 0.5828703701923077 0.42768554567307693 0.5859953701923077 0.4266113293269231 0.5858410504807693 0.40522460817307693 0.5756944447115384 0.3839355456730769 0.5694753076923077 0.35587890625 0.5635030865384615 0.33769531249999996 0.5538464495192308 0.3267236322115385 0.5447955240384615 0.3137109375 0.5393518509615385 0.31591796875 0.5345138894230769 0.3465087884615385
0 0.7150655865384615 0.8166113269230769 0.7104320985576924 0.7956933605769231 0.7056944447115385 0.7709570312499999 0.7003626538461538 0.7634619134615386 0.6814081778846154 0.75146484375 0.6695640432692307 0.7477197259615385 0.6589043221153846 0.7424707043269231 0.6375810192307692 0.7372216802884615 0.6186265432692307 0.7379736322115384 0.6115200625 0.7559619134615385 0.6144791658653846 0.7769531249999999 0.6600887355769232 0.8466650384615384 0.6793981490384616 0.8310546875 0.7150655865384615 0.8166113269230769
0 0.6296064807692308 0.44675781249999996 0.625671295673077 0.4474707019230769 0.6198611105769231 0.44794433653846155 0.6168595673076923 0.4488964855769231 0.6110493822115385 0.45529785096153846 0.60767746875 0.4626513677884615 0.60392746875 0.4716699206730769 0.6061766971153847 0.4766503918269231 0.6104899687500001 0.47878418028846154 0.616111110576923 0.47878418028846154 0.6267939807692307 0.47759765625 0.6369174375 0.4707177740384615 0.6451620360576923 0.4583837884615385 0.6361651225961539 0.44723632932692303 0.6337307091346154 0.4465234375 0.6296064807692308 0.44675781249999996
0 0.3857214495192308 0.20439453125 0.37934799278846154 0.20463378846153846 0.3755979927884615 0.20392089903846153 0.37016589423076923 0.19894043028846153 0.36585262259615386 0.20178711057692308 0.36641589423076926 0.20795410096153846 0.37016589423076923 0.21388183653846154 0.3750385793269231 0.21436035096153847 0.3772878076923077 0.21838867307692308 0.3804745360576923 0.22313476442307692 0.3838464495192308 0.23048828125 0.39040509375000004 0.23096191346153847 0.3984645072115385 0.22835449278846154 0.40277777884615384 0.22123535096153846 0.40614969230769227 0.21436035096153847 0.4035262355769231 0.20771484375 0.39415509374999996 0.20320800721153848 0.38853394951923076 0.20320800721153848 0.3857214495192308 0.20439453125
0 0.6029783942307693 0.5165966802884616 0.6040817908653846 0.51939453125 0.6043016971153846 0.5233056634615385 0.6043016971153846 0.5252636730769231 0.6034182091346154 0.5280566394230769 0.6031983028846154 0.53197265625 0.6038618822115385 0.5339306634615385 0.6049652788461539 0.5358837884615385 0.6054050937500001 0.5364453124999999 0.6067322524038462 0.5386816418269231 0.6078356490384615 0.5378417980769231 0.6100424375 0.5350488269230769 0.6113695985576924 0.5322509759615385 0.6126929014423077 0.528896485576923 0.6140200625 0.5244238293269231 0.6149035504807693 0.5205126947115384 0.6168904326923077 0.516875 0.6175540120192308 0.5135253918269231 0.6168904326923077 0.509609375 0.6153433653846154 0.5079345697115385 0.6131365745192308 0.50681640625 0.6111496923076923 0.5079345697115385 0.6100424375 0.5093310552884616 0.6078356490384615 0.5101708990384616 0.6047453701923077 0.5110058605769231 0.6018711418269231 0.51044921875 0.6007677475961539 0.5129638677884615 0.6020949062500001 0.5154785168269231 0.6029783942307693 0.5165966802884616
0 0.5553703701923077 0.43248535096153845 0.5547569447115385 0.4344238293269231 0.5542939807692308 0.4369482427884615 0.5553703701923077 0.43811035096153844 0.5567476850961538 0.43927734375 0.5581288581730769 0.4408300769230769 0.559201389423077 0.4431591802884615 0.559201389423077 0.44548828125 0.55951003125 0.44684570192307693 0.5605825625 0.4487890625 0.5619637355769231 0.45014648317307693 0.56334490625 0.4509228509615385 0.5639583341346154 0.4530615240384615 0.5651851850961539 0.45713378846153846 0.5668711418269231 0.4577197259615385 0.5684066346153845 0.45732910096153845 0.5697878076923076 0.4567480456730769 0.5716280865384615 0.4559716802884616 0.5731597211538462 0.455 0.5748456778846154 0.45364257692307697 0.5765354927884615 0.45208984375 0.5779166658653846 0.45073242307692307 0.5786805552884615 0.4495654302884615 0.5802160504807692 0.4474316418269231 0.5803703701923077 0.4443261706730769 0.5797569447115385 0.4427734375 0.5768402788461539 0.43947265625000004 0.5745408942307693 0.43752929567307697 0.5730054014423077 0.43636718750000003 0.5717785504807693 0.43481445192307694 0.5702469134615384 0.4334521490384615 0.568711420673077 0.43248535096153845 0.5676388894230769 0.4301513677884615 0.565798610576923 0.4291845697115385 0.56334490625 0.4282128894230769 0.5616589495192308 0.4280175793269231 0.5601234567307692 0.4278222668269231 0.5579745360576923 0.42898925721153847 0.5561342596153847 0.4313183605769231 0.5553703701923077 0.43248535096153845
0 0.36028935096153847 0.6267626947115384 0.35849151201923074 0.6239160144230769 0.3560185192307692 0.6224902355769231 0.3537692908653846 0.6213525384615385 0.3510686730769231 0.6204980456730769 0.34836805528846154 0.618505860576923 0.34521990625 0.6167968749999999 0.3407214495192308 0.6176513677884615 0.33667438221153845 0.6190771490384616 0.33352623557692307 0.6213525384615385 0.3299266971153846 0.6267626947115384 0.32947530769230765 0.6330224615384614 0.32947530769230765 0.6378613269230768 0.32970293269230766 0.6424169927884615 0.3321759254807692 0.6464013677884615 0.3339737644230769 0.6478271490384616 0.34184799278846156 0.6546582019230769 0.35084490625 0.6580712884615385 0.35781635817307694 0.6540869134615386 0.3607407403846154 0.6446923822115385 0.36546296394230765 0.6316015625 0.36366512259615386 0.6276123052884616 0.36253857932692307 0.6276123052884616 0.36028935096153847 0.6267626947115384
0 0.2834606490384615 0.67998046875 0.28088734615384614 0.6809130865384615 0.28051697596153846 0.6841748052884615 0.28051697596153846 0.68673828125 0.27978009375 0.6900000000000001 0.27922839423076923 0.69279296875 0.2795987644230769 0.6953564447115385 0.27831018509615385 0.69955078125 0.2775733028846154 0.7025781249999999 0.2768364206730769 0.7070019543269231 0.27665123557692306 0.7095654302884615 0.2786766971153846 0.7125927740384616 0.28106867307692307 0.7142236322115385 0.2827276225961538 0.7158544927884616 0.2854861105769231 0.7170214831730769 0.28806327163461537 0.7172509759615384 0.2893518509615384 0.7172509759615384 0.29100694471153843 0.7151562499999999 0.29229552403846154 0.7125927740384616 0.2937692908653846 0.7111962884615385 0.29505787019230767 0.7095654302884615 0.2957947524038462 0.7079345697115385 0.29783950721153846 0.70654296875 0.29899691346153845 0.705078125 0.29976851923076925 0.7041015625 0.30205246875 0.7021142572115384 0.30425925961538464 0.69908203125 0.3051813269230769 0.6979199206730768 0.3051813269230769 0.6946582043269232 0.3046296298076923 0.6909326177884616 0.3024189807692308 0.6872021490384616 0.3009490745192308 0.6853417980769231 0.29837191346153846 0.6827783197115385 0.2957947524038462 0.6811474615384616 0.29487268509615383 0.6802148437500001 0.2915625 0.6788183605769231 0.28824845673076926 0.6776513677884615 0.28493441346153847 0.6783496105769231 0.2834606490384615 0.67998046875
0 0.8306867283653846 0.9957080072115385 0.8278163581730769 0.9934765624999999 0.8256057091346154 0.9915185552884616 0.8227353389423077 0.9884423822115385 0.8194212956730769 0.986484375 0.8143402788461539 0.9834130865384616 0.8097029326923076 0.980615233173077 0.8055092596153847 0.9781005865384615 0.8017515432692307 0.9767041009615384 0.7984413581730769 0.9753027331730769 0.7962307091346154 0.97390625 0.7931404326923077 0.9719482427884615 0.7882793221153845 0.9697119134615384 0.7851890432692308 0.967197264423077 0.7796682091346153 0.9630078125 0.7767939807692308 0.9604882812500001 0.7741435192307692 0.9579736322115384 0.7712731490384616 0.9557373052884616 0.7675192908653846 0.9535009759615385 0.76553240625 0.9512646490384615 0.7622183653846153 0.949306641826923 0.7597878076923077 0.9476318365384616 0.7551504639423077 0.9451171875 0.7509529326923077 0.9428808581730769 0.7447685192307693 0.9423193365384616 0.7412384254807692 0.94064453125 0.7374807091346154 0.9384082043269231 0.7319598774038462 0.9384082043269231 0.7264390432692308 0.9384082043269231 0.7240084879807692 0.9403613293269231 0.7226851850961539 0.9428808581730769 0.7211381177884615 0.9456738269230769 0.7171643509615385 0.9507080072115385 0.7136304014423077 0.9546191394230769 0.7123032403846155 0.9568554687499999 0.7094328701923077 0.96216796875 0.7085493822115385 0.96859375 0.7085493822115385 0.97474609375 0.7085493822115385 0.9825732427884616 0.7081057091346155 0.9870458990384615 0.7081057091346155 0.9926367187499999 0.7087692908653846 0.9976660168269231 0.7087692908653846 0.9990625000000001 0.8344405865384614 1 0.8331134254807692 0.9973876947115384 0.8306867283653846 0.9957080072115385
0 0.42178240624999996 0.022084961538461536 0.4166087956730769 0.028061524038461537 0.4143595673076923 0.030625 0.40986111057692304 0.040869141826923076 0.40986111057692304 0.050263673076923074 0.4134606490384615 0.051689454326923075 0.4188580240384615 0.06193847596153846 0.4224575625 0.06250488221153847 0.4280787043269231 0.06278808653846155 0.4307793221153846 0.05965820432692308 0.4359529326923077 0.04172363221153846 0.4359529326923077 0.023793944711538464 0.4283063269230769 0.01866699278846154 0.4251581778846154 0.018950194711538464 0.42178240624999996 0.022084961538461536
0 0.29027392067307695 0.8008789062499999 0.2889853389423077 0.8029736322115385 0.28695987740384615 0.8053027355769231 0.2845679014423077 0.8085644543269231 0.2840162043269231 0.8115917956730769 0.28383101923076925 0.814853514423077 0.28419753125 0.8174169927884616 0.28474922836538463 0.8202148437500001 0.2862229927884615 0.8227734375 0.28916666586538464 0.82650390625 0.29303240625 0.8288330072115385 0.2957947524038462 0.8309277331730769 0.2998418221153846 0.83279296875 0.30425925961538464 0.8341894519230769 0.30628472115384614 0.8351220697115385 0.3088618822115385 0.8360546875 0.3121759254807692 0.8360546875 0.31732638942307695 0.8360546875 0.3211921298076923 0.8355859375 0.32487268509615386 0.8362841802884616 0.32966049278846155 0.83861328125 0.33462962980769234 0.8400146490384616 0.33720679086538463 0.840244139423077 0.3390470673076923 0.8393164062499999 0.3421759254807692 0.8353564447115385 0.3436458341346154 0.8313916009615384 0.3451195985576923 0.8283642572115385 0.3467746923076923 0.8239404302884614 0.3486188269230769 0.821142579326923 0.3504591057692308 0.8181152355769231 0.35303240625 0.815087889423077 0.35560956730769233 0.8113623052884615 0.35726851923076924 0.8081005865384616 0.35892361057692307 0.8055371081730769 0.36039737740384614 0.7985498052884614 0.3602121923076923 0.7969189447115385 0.3648148149038462 0.78830078125 0.368125 0.783642579326923 0.3690470673076923 0.7768847644230769 0.3651813269230769 0.7698974615384616 0.3627893509615384 0.7666357427884616 0.3574498461538462 0.7650048822115385 0.3543209879807692 0.7645410144230769 0.3510108028846154 0.76291015625 0.34585648076923076 0.7638427740384616 0.33996527884615385 0.765703125 0.33573302403846156 0.7680322259615384 0.33352623557692307 0.770361329326923 0.3309490745192308 0.7726953125 0.32837191346153843 0.7764208990384615 0.32340277884615387 0.7773535144230769 0.3195370360576923 0.7803808605769231 0.31622299278846155 0.78201171875 0.3119907403846154 0.7831738293269231 0.30702160576923077 0.7841064447115385 0.30573302403846153 0.7841064447115385 0.3033410504807692 0.7848046875 0.30039351923076923 0.786669920673077 0.2957947524038462 0.79109375 0.2943209879807692 0.7950537115384615 0.29137731490384616 0.7978515625 0.29027392067307695 0.8008789062499999
0 0.8872260793269231 0.737705076923077 0.8836921298076923 0.7360302740384616 0.8814853389423077 0.7357470697115385 0.878391204326923 0.7388232427884615 0.8766242283653847 0.7402197259615384 0.8744174375 0.74357421875 0.87419753125 0.7469287115384616 0.8757407403846155 0.7508447259615385 0.8772878076923077 0.7533593749999999 0.8786111105769231 0.7569921875 0.8817052475961538 0.758388673076923 0.882588735576923 0.758671875 0.8845756177884615 0.7572705072115385 0.8861226850961538 0.7553173822115385 0.8881095673076923 0.7539160144230769 0.89076003125 0.7533593749999999 0.8925270072115384 0.7536376947115385 0.8934104927884616 0.7536376947115385 0.8949575625 0.7536376947115385 0.8956211418269231 0.7494433605769231 0.8938541658653846 0.7469287115384616 0.8923070985576923 0.74525390625 0.8900964495192307 0.7421777355769231 0.8883294759615384 0.7388232427884615 0.8872260793269231 0.737705076923077
0 0.09407407451923078 0.40278320192307693 0.09223379567307692 0.40581054807692307 0.09186342548076923 0.4090722644230769 0.0926003076923077 0.41349609375 0.09297067788461538 0.4186230480769231 0.09425540144230769 0.41955566346153844 0.0973842596153846 0.4218847668269231 0.09940972115384615 0.4216503918269231 0.10309027884615385 0.41955566346153844 0.10787808653846155 0.41605956971153846 0.10989969230769231 0.41326660096153844 0.1126620360576923 0.41046875 0.11376543269230768 0.4090722644230769 0.11450231490384614 0.4055761706730769 0.11413580288461539 0.40278320192307693 0.1126620360576923 0.40091796875 0.10879629567307693 0.3999853509615384 0.10566743749999999 0.3999853509615384 0.10309027884615385 0.40068847596153845 0.09996142067307692 0.40068847596153845 0.09849151201923076 0.4016162115384615 0.09407407451923078 0.40278320192307693
0 0.4312924375 0.9779150384615385 0.4274266971153846 0.9751171875 0.4259567908653846 0.973486329326923 0.42300925961538466 0.9695263677884616 0.42080246875000005 0.9678955072115384 0.41748842548076925 0.9653369134615384 0.4150964495192308 0.9639355456730769 0.41141589423076924 0.9627734375 0.4077353389423077 0.9620751947115385 0.4049729927884615 0.9627734375 0.40276620432692306 0.96603515625 0.40165894951923076 0.9690624999999999 0.39908564903846155 0.9711572259615384 0.4000038581730769 0.9758154302884615 0.40294753125 0.97884765625 0.4042361105769231 0.9800097644230769 0.40534336538461535 0.9811767572115385 0.4068132716346154 0.9825732427884616 0.4093904326923077 0.9844384759615384 0.41178240625 0.9862988293269231 0.4149112644230769 0.9876953125000001 0.41914737740384617 0.9895605456730769 0.42300925961538466 0.99095703125 0.4266936730769231 0.9930566394230769 0.43018904326923074 0.9956152331730769 0.4312924375 0.9965478509615384 0.4327662043269231 0.9970166009615385 0.4355246923076923 0.9921240240384616 0.4377353389423077 0.986767579326923 0.43699845673076926 0.98513671875 0.4342361105769231 0.9825732427884616 0.43239583413461535 0.9802441418269231 0.4312924375 0.9779150384615385
0 0.16672839423076924 0.3100732427884615 0.17302469230769232 0.3083691418269231 0.17414737740384614 0.29812011778846154 0.1761728389423077 0.29242675721153844 0.17324845673076925 0.2827490240384615 0.16897762259615384 0.2733544927884615 0.16425154326923078 0.26879882692307694 0.1590779326923077 0.2642431634615385 0.1509837956730769 0.2582666009615385 0.1487345673076923 0.25712890625 0.14670910576923077 0.25712890625 0.14625771634615384 0.25712890625 0.14603394951923077 0.26708984375 0.14760802403846154 0.2841699206730769 0.1530054014423077 0.29071777403846155 0.16087962980769233 0.3023876947115384 0.16672839423076924 0.3100732427884615
0 0.4890470673076923 0.992822264423077 0.48757716105769233 0.9904931634615385 0.4861033942307692 0.9876953125000001 0.4840779326923077 0.9856005865384615 0.4824228389423077 0.9842041009615384 0.4802121923076923 0.9814062499999999 0.47782021634615385 0.9786132812499999 0.4748765432692308 0.9760498052884615 0.47229938221153844 0.9730224615384616 0.4710108028846154 0.9709277331730769 0.4680671298076923 0.968828125 0.4647530865384616 0.96859375 0.4619945985576923 0.9702246081730769 0.4608873461538462 0.9713916009615384 0.4584953701923077 0.9739550793269232 0.4572067908653846 0.9758154302884615 0.4548148149038462 0.9767480480769231 0.4515007716346154 0.9772167956730768 0.44708333413461543 0.9774462884615385 0.44340277884615387 0.9818749999999999 0.4408256177884615 0.9842041009615384 0.4389853389423077 0.9860644519230769 0.4356751538461538 0.9918896490384616 0.4338348774038462 0.9953857427884615 0.4327276225961538 0.99771484375 0.4307021610576923 1 0.49567515384615385 0.9995751947115384 0.49493827163461535 0.9979443365384615 0.4923611105769231 0.9956152331730769 0.49107253125 0.9944531249999999 0.4890470673076923 0.992822264423077
0 0.9085030865384615 0.3758300793269231 0.9036304014423078 0.3758300793269231 0.8957600312499999 0.3758300793269231 0.8940702163461538 0.37606933653846153 0.8927584879807693 0.37867675721153843 0.8906983028846154 0.38318359375 0.88826003125 0.39172363221153844 0.8854513894230769 0.4002636730769231 0.8861998461538462 0.4078564447115385 0.8867631177884616 0.4130761706730769 0.8935108028846154 0.4128369134615385 0.9064429014423077 0.40927734375 0.9120640432692307 0.4050097644230769 0.9163773149038461 0.39504882692307697 0.9143132716346154 0.38104980528846155 0.9122530865384615 0.37606933653846153 0.9113155865384616 0.3758300793269231 0.9085030865384615 0.3758300793269231
0 0.8136728389423078 0.7127783197115385 0.8033873461538461 0.6982031249999999 0.7943402788461539 0.700283204326923 0.7902276225961539 0.7049707019230769 0.7869367283653846 0.7132958990384615 0.7803549375000001 0.7242285168269231 0.7721296298076923 0.7304785144230769 0.7696604927884615 0.7471337884615384 0.7791203701923077 0.75962890625 0.8054436730769231 0.7658740240384615 0.8153163581730769 0.7679589831730769 0.82271990625 0.7559863293269231 0.82271990625 0.74140625 0.82271990625 0.7216259759615385 0.8136728389423078 0.7127783197115385
0 1 0.8690722668269231 0.9996682091346153 0.8667431634615385 0.99875 0.8663525384615384 0.9964506177884616 0.8663525384615384 0.9949151225961538 0.8667431634615385 0.9924614206730769 0.8671289062499999 0.9893942908653847 0.8684912115384615 0.9873996923076922 0.8692675793269231 0.9838734567307692 0.8690722668269231 0.9823379639423078 0.8684912115384615 0.9797299375 0.8686816394230769 0.9786574062500001 0.8696533197115385 0.9781983028846154 0.8714013677884616 0.9780439807692307 0.8721777355769231 0.9755902788461538 0.8721777355769231 0.9734413581730769 0.8725683581730769 0.9711419759615385 0.8729541009615385 0.9680748461538461 0.87353515625 0.965621141826923 0.8741210937499999 0.9627044759615385 0.8760595697115385 0.9616319447115385 0.8778076177884616 0.9610185192307692 0.8807177740384616 0.9608641971153846 0.883046875 0.961786264423077 0.88634765625 0.9627044759615385 0.8884863269230769 0.9634722211538461 0.8917822259615384 0.9645486105769231 0.8954736322115384 0.9659259254807692 0.8987744134615384 0.9668479927884616 0.9014892572115384 0.9679205240384616 0.9065380865384616 0.9703742283653847 0.9123583990384615 0.9720640432692308 0.9148828125 0.9726774687499999 0.9166308605769231 0.9757445985576924 0.9152734375 0.9769714495192308 0.9148828125 0.9780439807692307 0.9144970697115385 0.9795794759615385 0.913720701923077 0.9811111105769231 0.9125537115384615 0.9821836418269231 0.9113916009615385 0.9834104927884616 0.9106152355769231 0.98540509375 0.9096435552884615 0.9870949062500001 0.908671875 0.9890856490384615 0.9078955072115384 0.9906211418269231 0.9069238293269231 0.9927662043269231 0.9061474615384615 0.9947608028846153 0.90556640625 0.9969097211538462 0.9049853509615384 1 0.9040136706730769 1 0.8690722668269231
0 0.9681751538461539 0.10862304807692308 0.9632253076923077 0.10548828125 0.9578279326923076 0.10862304807692308 0.9544560192307692 0.11630859375 0.9540046298076923 0.12256836057692308 0.956253858173077 0.12911621153846153 0.9625501538461538 0.13110839903846155 0.9710995360576924 0.13054199278846154 0.9791936730769231 0.12456054567307692 0.9866165120192308 0.1188671875 0.9938155865384615 0.11630859375 0.9960648149038461 0.11175293028846153 0.990891204326923 0.09638183653846154 0.9836921298076924 0.09438964903846155 0.9807716057692308 0.09694824278846154 0.9681751538461539 0.10862304807692308
0 0.474375 0.18942871153846155 0.46950231490384614 0.19250976682692308 0.4646296298076923 0.1991503918269231 0.4627546298076923 0.20887695192307693 0.4633179014423077 0.20982910096153845 0.46520061778846156 0.21694336057692307 0.4693171298076923 0.22026367307692307 0.47250000000000003 0.22192382692307694 0.47737654326923074 0.22168945432692308 0.4805594134615384 0.21907714903846154 0.48993441346153843 0.2143359375 0.49255787019230773 0.20484375000000002 0.48224922836538464 0.19250976682692308 0.47737654326923074 0.1891894519230769 0.474375 0.18942871153846155
0 0.5164621923076923 0.49022949278846156 0.5070177475961539 0.4929638677884615 0.5005401225961539 0.4953564447115385 0.4919020072115385 0.499453125 0.4808371923076923 0.5049218750000001 0.4716589495192308 0.505947266826923 0.4676118822115385 0.5076513677884615 0.4627546298076923 0.5114111322115384 0.4624845673076923 0.51619140625 0.4622145072115385 0.5192675769230769 0.4584336418269231 0.5243896490384615 0.45276620432692305 0.53087890625 0.43927083413461543 0.5438623052884616 0.4381944447115385 0.5554736322115384 0.44143132692307696 0.57119140625 0.4457484567307692 0.5845117187500001 0.4595138894230769 0.5875878918269231 0.47111882692307694 0.5824609375 0.4786766971153846 0.56640625 0.4940625 0.56640625 0.5045871923076923 0.5681152355769231 0.5145756177884615 0.5660644519230769 0.5221334879807692 0.5646972644230769 0.5264506177884616 0.5585498052884615 0.5313078701923077 0.5428369134615385 0.5375154326923077 0.5291748052884615 0.5402160504807691 0.5100439447115385 0.5313078701923077 0.49159668028846154 0.5221334879807692 0.4888671875 0.5205131177884615 0.48920898317307693 0.5164621923076923 0.49022949278846156
0 0.7725501538461538 0.8381884759615384 0.7748495360576922 0.8401269543269231 0.77638503125 0.8410986322115386 0.7779166658653847 0.8414892572115384 0.7803703701923077 0.8424609375000001 0.7831327163461539 0.8430419927884615 0.7849729927884616 0.8436230456730769 0.7898804014423076 0.84498046875 0.7920293221153846 0.84537109375 0.7938695985576923 0.8457568365384615 0.7960146610576923 0.8469238269230769 0.7972453701923077 0.8477001947115385 0.7984722211538462 0.8488623052884615 0.8006172836538461 0.8500292980769231 0.8024575625 0.8531347668269231 0.8041473774038461 0.8544921875 0.8056790120192308 0.856044923076923 0.8067515432692307 0.8570166009615385 0.8073649687500001 0.85818359375 0.8081327163461538 0.8605126947115385 0.8084413581730769 0.862646485576923 0.8090547836538462 0.8655566418269232 0.8096682091346155 0.8676953125 0.8127353389423077 0.8686621081730769 0.8153433653846154 0.8680810552884615 0.8193287043269231 0.8655566418269232 0.8230092596153846 0.8620654302884615 0.8254629639423077 0.8605126947115385 0.8282253076923076 0.8585693365384616 0.8294521610576923 0.8574072259615384 0.8312924375 0.8564355480769231 0.8339004639423078 0.8546875 0.8355864206730769 0.8521630865384615 0.8380401225961538 0.8478955072115385 0.8397299375 0.8432373052884615 0.8386535504807693 0.8410986322115386 0.8366628076923077 0.8389648437499999 0.8331327163461538 0.8356640625 0.8317515432692308 0.8339160168269231 0.8299112644230769 0.8315869134615385 0.8288387355769231 0.829453125 0.8260802475961538 0.82654296875 0.8243904326923077 0.824794923076923 0.8230092596153846 0.8232421875 0.8207098774038462 0.8212988269230769 0.8194830240384616 0.81994140625 0.8182561730769231 0.8181933605769232 0.8159567908653845 0.8162548822115384 0.8147299375 0.814892579326923 0.8130401225961539 0.8135351562500001 0.8111998461538461 0.8121777331730768 0.8093595673076923 0.8123681634615385 0.8082870360576924 0.8127587884615385 0.8067515432692307 0.8135351562500001 0.803838735576923 0.814892579326923 0.7993904326923077 0.8168359374999999 0.7952507716346153 0.8191650384615384 0.7914158942307693 0.8201367187499999 0.7881944447115384 0.823046875 0.7849729927884616 0.8257666009615385 0.7814467596153847 0.8273193365384616 0.77638503125 0.8290624999999999 0.7733179014423077 0.8308105480769231 0.7690239206730769 0.8333349615384615 0.7682561730769231 0.8335302740384616 0.7694830240384616 0.8356640625 0.7711689807692307 0.8370214855769231 0.7725501538461538 0.8381884759615384
0 0.09733410576923077 0.66759765625 0.09468364182692308 0.6699462884615385 0.08885416586538461 0.6726318365384615 0.0872646610576923 0.6743066418269231 0.08540894951923078 0.6773291009615385 0.08355324038461538 0.6813525384615384 0.08116898076923076 0.6883984375 0.08090277884615384 0.6934277331730769 0.08116898076923076 0.6987939447115384 0.08196373557692307 0.703828125 0.08249228365384614 0.7085205072115385 0.08355324038461538 0.7138916009615385 0.08514274759615385 0.7189208990384616 0.08699845673076924 0.72126953125 0.08885416586538461 0.72529296875 0.09017746875 0.7276416009615385 0.09309413461538461 0.7330078124999999 0.09627314903846154 0.7336816418269231 0.09998456730769231 0.7336816418269231 0.10290123557692307 0.73267578125 0.10608024759615384 0.7303271490384616 0.10873070913461538 0.727978516826923 0.11376543269230768 0.727978516826923 0.11774305528846153 0.727978516826923 0.12012731490384615 0.7276416009615385 0.12489969230769231 0.7259667956730769 0.12675154326923077 0.7239501947115384 0.12966820913461538 0.7222753918269231 0.13390817788461537 0.72126953125 0.1376195985576923 0.720263670673077 0.1389467596153846 0.7189208990384616 0.13868055528846154 0.7165722668269231 0.13788580288461538 0.7122119134615384 0.13655864182692307 0.7088574206730769 0.13470293269230768 0.705166016826923 0.13390817788461537 0.6994677740384615 0.13231867307692308 0.6951074230769231 0.13125771634615385 0.6924218750000001 0.12940200721153847 0.6890673822115385 0.12860725240384616 0.6853759759615384 0.12755015384615384 0.681689451923077 0.12622299278846152 0.6779980480769231 0.12489969230769231 0.6749804687500001 0.12383873557692307 0.6712890625000001 0.1209220673076923 0.6669287115384616 0.1193325625 0.6639111322115384 0.11694830288461538 0.6612255865384615 0.11323688221153846 0.6602197259615384 0.11085262259615385 0.660556639423077 0.10766975240384614 0.6618994134615386 0.10714120432692308 0.6625683605769231 0.10316357932692308 0.6645800769230769 0.10025077163461539 0.6659228509615385 0.09733410576923077 0.66759765625
0 0.6850694447115384 0.5312548822115384 0.6742746923076923 0.5302343749999999 0.6696875 0.5309130865384616 0.6672569447115385 0.5326220697115385 0.6615895072115384 0.5350146490384615 0.6524112644230768 0.54150390625 0.6440470673076923 0.5493603509615385 0.6310918221153846 0.5531201177884616 0.6205632716346153 0.5643896490384616 0.6059915120192307 0.5824951177884615 0.5862885793269231 0.5999169927884616 0.57521990625 0.6146044927884615 0.56955246875 0.6292919927884615 0.5808912043269231 0.6368115240384615 0.5906057091346154 0.6511572259615386 0.6235339495192308 0.6812158197115384 0.6262345673076923 0.6836083990384616 0.6521450625 0.6836083990384616 0.6626697524038462 0.6784814447115385 0.6718441346153846 0.6651611322115384 0.6923572524038462 0.6415917980769231 0.7050424375000001 0.590009764423077 0.7085532403846154 0.5684912115384615 0.7001851850961539 0.5548291009615385 0.6977546298076922 0.5483349615384616 0.6850694447115384 0.5312548822115384
0 0.12894675961538463 0.2737109375 0.12408950721153846 0.2720703125 0.1211728389423077 0.27001953125 0.11793209855769231 0.2704296875 0.11242669711538461 0.269609375 0.10821759375 0.269609375 0.10497685096153846 0.27001953125 0.09785493749999999 0.272890625 0.09170138942307693 0.27575683653846156 0.0878125 0.2790380865384615 0.0878125 0.2880566418269231 0.08910879567307693 0.29379394471153847 0.09234567788461538 0.30404296875000003 0.09526234615384616 0.31060058653846156 0.09947144951923076 0.3179785168269231 0.10368441346153846 0.3196191418269231 0.12408950721153846 0.30978027403846153 0.1318595673076923 0.29789550721153846 0.14513888942307693 0.2761669927884615 0.1415779326923077 0.2720703125 0.1344521610576923 0.27248046875000004 0.12894675961538463 0.2737109375
0 0.41839892067307694 0.5887060552884615 0.41935185096153843 0.5915234375 0.4215779326923077 0.595146483173077 0.42444058653846156 0.599169920673077 0.42571373557692305 0.5999755865384615 0.42889274759615387 0.6019873052884616 0.4317554014423077 0.6023925793269231 0.43366512259615386 0.6023925793269231 0.4362075625 0.6015869134615385 0.43907021634615384 0.60078125 0.4441589495192308 0.60078125 0.4467052475961539 0.6003759759615385 0.44638503124999995 0.5983642572115385 0.4457484567307692 0.5947412115384615 0.44479552403846156 0.5891064447115385 0.4425694447115385 0.5830712884615384 0.4419328701923077 0.5778369134615384 0.4377970673076923 0.5774365240384616 0.4362075625 0.5758251947115385 0.4320717596153846 0.5758251947115385 0.4292129639423077 0.5754199206730769 0.42285107932692306 0.5754199206730769 0.4196682091346154 0.5754199206730769 0.41807870432692307 0.5758251947115385 0.4161728389423077 0.57904296875 0.41553626442307695 0.5834716802884615 0.41839892067307694 0.5887060552884615
0 0.9196720673076922 0.5690673822115385 0.9174614206730769 0.5732568365384615 0.9174614206730769 0.5780126947115385 0.9190084879807692 0.5799658197115385 0.9247492283653845 0.5816455072115384 0.9313773149038462 0.5824804687499999 0.9375617283653847 0.5822021490384615 0.9419791658653847 0.5805273437499999 0.947056326923077 0.5785693365384615 0.95169753125 0.5774511706730769 0.9523572524038462 0.5732568365384615 0.9530208341346154 0.5668310552884616 0.9523572524038462 0.5604003918269231 0.951473764423077 0.5548095697115385 0.9503703701923077 0.55005859375 0.947056326923077 0.5469824230769231 0.9444058653846154 0.5444677740384616 0.9408757716346153 0.5419531249999999 0.9377816346153847 0.54111328125 0.9351311730769231 0.54111328125 0.930713735576923 0.5427880865384616 0.9287268509615385 0.5441894519230769 0.92673996875 0.5461425769230769 0.9249729927884616 0.5503369134615385 0.9234259254807693 0.5534130865384616 0.9227623461538462 0.5556494134615385 0.9216589495192308 0.5612402355769232 0.9207754639423077 0.5659912115384615 0.9196720673076922 0.5690673822115385
0 0.4164583341346154 0.17474121153846156 0.4104629639423077 0.18114746153846153 0.4014660504807692 0.1873144543269231 0.40109182211538463 0.1922949206730769 0.39827932211538464 0.19822753846153846 0.39603009375 0.20392089903846153 0.3990277788461538 0.20652831971153846 0.40296296394230774 0.2070019543269231 0.40690200721153846 0.21080078124999999 0.4091512355769231 0.21293456971153846 0.41233796394230765 0.2134082019230769 0.42095679086538457 0.2134082019230769 0.4293942908653846 0.2167285168269231 0.43182870432692305 0.21388183653846154 0.43351466105769226 0.2060546875 0.4340779326923077 0.18968749999999998 0.4322029326923077 0.18209472596153847 0.42976851923076925 0.16738769471153844 0.42564429086538463 0.16478027403846152 0.42264660576923074 0.16928710817307693 0.4164583341346154 0.17474121153846156
0 0.5887075625 0.3657080072115385 0.5879128076923077 0.36771972596153846 0.5889737644230769 0.3704052740384615 0.5908294759615385 0.3720800793269231 0.5958641971153846 0.3757714855769231 0.5958641971153846 0.38113769471153847 0.5940084879807692 0.38281738221153844 0.5953356490384615 0.38684081971153844 0.5982484567307692 0.39053222596153847 0.6093827163461538 0.3912011730769231 0.6115007716346154 0.39187011778846154 0.6117669759615384 0.39187011778846154 0.6136226850961538 0.3915380865384615 0.6170679014423077 0.3878466802884616 0.6199845673076924 0.38650390625000003 0.6239583341346153 0.386171875 0.6297878076923078 0.38650390625000003 0.6327044759615384 0.38851562500000003 0.6334992283653846 0.38818359375 0.6369444447115384 0.38717773557692303 0.6403896610576923 0.38684081971153844 0.6456905865384616 0.38952636778846156 0.6488734567307692 0.39187011778846154 0.6509915120192308 0.3945556634615385 0.6536419759615384 0.39791015625 0.6562924375 0.40193359375 0.6578819447115385 0.4026074230769231 0.6600038581730769 0.4016015625 0.6639776225961539 0.40025878846153845 0.6668942908653845 0.4005957019230769 0.6716666658653847 0.4042822259615385 0.6745794759615384 0.4066308581730769 0.6756404326923077 0.4083105480769231 0.6774961418269231 0.41267089903846155 0.6804128076923077 0.41132812500000004 0.6830632716346153 0.4103222668269231 0.6873032403846153 0.40797363221153843 0.6902160504807693 0.4089794927884615 0.693661264423077 0.40964843749999996 0.6984336418269231 0.40797363221153843 0.7008179014423077 0.4083105480769231 0.7069135793269231 0.4099853509615385 0.7119483028846154 0.4123339831730769 0.7153973774038461 0.4119970697115385 0.7198996923076924 0.4103222668269231 0.7241435192307691 0.40797363221153843 0.7270563269230769 0.40629394471153846 0.7320910504807692 0.4029394543269231 0.7350077163461539 0.3995849615384615 0.7373919759615385 0.39791015625 0.7408371923076923 0.3945556634615385 0.7429591057692307 0.39287597596153845 0.7464043221153845 0.38918945192307697 0.7487885793269231 0.386171875 0.7519714495192308 0.38248046874999997 0.7532947524038461 0.38046875 0.7564776225961538 0.37677734375 0.7615123461538461 0.36973144471153846 0.7633680552884615 0.3660449206730769 0.7673418221153846 0.36134765625000004 0.7686689807692308 0.35966796874999996 0.7686689807692308 0.35329589903846154 0.7652237644230768 0.34356933653846156 0.7604513894230769 0.33619140625 0.75303240625 0.3180761706730769 0.7453433653846153 0.30533203124999997 0.7405748461538462 0.2976171875 0.736068673076923 0.29157714903846155 0.7323572524038462 0.2855371081730769 0.7281172836538462 0.27983886778846156 0.7241435192307691 0.2754785144230769 0.7185763894230769 0.26943847596153847 0.7164544759615384 0.26574706971153844 0.7135416658653846 0.2607177740384615 0.7100964495192308 0.25568359375 0.7053240745192307 0.25199706971153846 0.6989621923076924 0.2506542980769231 0.6952546298076924 0.25166015625 0.693661264423077 0.24663086057692307 0.6902160504807693 0.24461425721153846 0.6878317908653847 0.24092773557692307 0.6843865745192308 0.24125976682692307 0.6806751538461538 0.24461425721153846 0.6772299374999999 0.24830566346153848 0.6735185192307692 0.2523291009615385 0.6714004639423077 0.25736328125 0.6721952163461539 0.2617236322115385 0.6721952163461539 0.26876953125 0.6706057091346154 0.27681640625 0.6700733028846154 0.27983886778846156 0.668483795673077 0.2818505865384615 0.6666280865384615 0.2835253894230769 0.6639776225961539 0.28654785096153845 0.66053240625 0.29057128846153846 0.6568248461538461 0.29426269471153843 0.6509915120192308 0.2992919927884615 0.6451620360576923 0.30197753846153846 0.6414506177884616 0.3056640625 0.6372106490384616 0.30969238221153844 0.6332330240384615 0.31472168028846154 0.6258140432692307 0.32311035096153845 0.6210416658653847 0.3281396490384615 0.6170679014423077 0.3328369134615385 0.6130902788461539 0.3375292956730769 0.6091165120192308 0.34423828125 0.6059375 0.35027831971153844 0.6038155865384616 0.35128418028846153 0.6003703701923077 0.35564453125 0.5972222211538462 0.36279296875 0.5942746923076924 0.363359375 0.5908294759615385 0.3643652355769231 0.5887075625 0.3657080072115385
0 0.55548996875 0.90486328125 0.5517361105769231 0.9096142572115385 0.5493055552884616 0.91380859375 0.5477623461538461 0.9188378894230769 0.5475385793269231 0.9230322259615384 0.5477623461538461 0.9266650384615385 0.5486458341346154 0.9314208990384615 0.5490856490384616 0.93701171875 0.5495293221153846 0.942041014423077 0.5501890432692308 0.9470703125 0.5506327163461538 0.9509863269230769 0.5517361105769231 0.9540624999999999 0.5565972211538461 0.9585351562500001 0.5614544759615385 0.9616064447115384 0.5645447524038462 0.9616064447115384 0.5680787043269231 0.9610498052884615 0.57603009375 0.9630078125 0.5808912043269231 0.9630078125 0.5846450625 0.9618896490384615 0.5908294759615385 0.9590917980769231 0.593036264423077 0.9576953125000001 0.5945833341346154 0.9565771490384616 0.5954668221153846 0.9532226562499999 0.5963503076923077 0.9481884759615385 0.5965702163461539 0.9423193365384616 0.5970138894230769 0.9358935552884616 0.597453704326923 0.9303027355769231 0.597453704326923 0.9261083990384615 0.597233795673077 0.9196777355769231 0.5976774687499999 0.9157666009615385 0.5987808653846154 0.9090576177884616 0.5996643509615385 0.90486328125 0.5981172836538462 0.903466795673077 0.5956867283653846 0.9020703125 0.5923765432692307 0.9009521490384615 0.5906095673076923 0.8992724615384616 0.5875154326923077 0.8956396490384615 0.5864120360576923 0.8911669927884615 0.5855285504807692 0.8903271490384616 0.5837615745192308 0.8858544927884615 0.580671295673077 0.8833398437500001 0.5793441346153846 0.8833398437500001 0.5738233028846154 0.8833398437500001 0.5696257716346154 0.8852978509615385 0.567858795673077 0.88697265625 0.5652083341346154 0.8911669927884615 0.5632214495192308 0.8934033197115384 0.5610146610576924 0.8967578125 0.5583641971153847 0.9009521490384615 0.55548996875 0.90486328125
0 0.10581404326923077 0.56931640625 0.10501929086538463 0.5720019519230769 0.10608024759615384 0.5766943365384616 0.106875 0.5820654302884616 0.1082021610576923 0.5884375 0.10899691346153847 0.5927978509615385 0.11085262259615385 0.5968212884615385 0.11350308653846154 0.6008496105769231 0.11800540144230769 0.6011816418269231 0.12224922836538463 0.5985009759615385 0.13020061778846154 0.5978271490384615 0.13311342548076924 0.5954785168269231 0.13311342548076924 0.5891064447115385 0.13470293269230768 0.5830712884615384 0.1389467596153846 0.577705079326923 0.1389467596153846 0.5736767572115384 0.1389467596153846 0.5689794927884615 0.13814814903846154 0.5649560552884615 0.13709105048076922 0.5616015625 0.13549768509615384 0.5592529302884615 0.13417438221153846 0.5535498052884615 0.13020061778846154 0.5532177740384616 0.12648919711538462 0.5535498052884615 0.12489969230769231 0.5542236322115385 0.12251157451923077 0.5548925793269232 0.1192129639423077 0.556640625 0.11668209855769231 0.5592529302884615 0.11456018509615386 0.5612646490384615 0.11376543269230768 0.5616015625 0.11005787019230769 0.564619139423077 0.106875 0.5666357427884615 0.10581404326923077 0.56931640625
0 0.2173418221153846 0.2437109375 0.2149575625 0.24941406249999998 0.21257330288461537 0.25444336057692307 0.21151234615384615 0.25880371153846154 0.2117746923076923 0.26283203125 0.2141628076923077 0.2678613293269231 0.21522376442307692 0.26819824278846155 0.21840277884615386 0.26920410096153846 0.22555941346153846 0.27222168028846155 0.22873842548076923 0.27356445432692306 0.23165509375 0.2759130865384615 0.23377314903846153 0.2772558605769231 0.2377507716346154 0.28194824278846153 0.24119598798076922 0.2846337884615385 0.24490740625 0.28765136778846156 0.24994212980769231 0.29201171875000004 0.2531211418269231 0.29436035096153845 0.25789351923076925 0.29838867307692307 0.26186728365384615 0.2990576177884615 0.26584490625 0.2987207019230769 0.27220293269230766 0.3010693365384615 0.27326388942307694 0.3044238293269231 0.2740586418269231 0.3081152355769231 0.2764467596153846 0.3104638677884616 0.2798919759615385 0.3107958990384615 0.2838657403846154 0.30912109375 0.2912885793269231 0.30878418028846155 0.2960570985576923 0.31146972596153844 0.3010918221153846 0.31146972596153844 0.3069251538461538 0.31012695192307693 0.3116936730769231 0.30878418028846155 0.3114313269230769 0.30610351442307693 0.3098379639423077 0.3004003918269231 0.3074537043269231 0.29436035096153845 0.30427469230769233 0.28933105528846154 0.3021527788461538 0.28698242067307694 0.30003472115384616 0.28362793028846156 0.29817901201923075 0.28194824278846153 0.2973842596153846 0.27893066346153844 0.2973842596153846 0.27523925721153847 0.2973842596153846 0.27155273317307693 0.2971180552884615 0.26719238221153846 0.2963233028846154 0.26316406249999996 0.2949961418269231 0.25880371153846154 0.29367283894230767 0.2561230456730769 0.2918171298076923 0.25176269471153845 0.28969521634615386 0.24874023557692307 0.28731095673076923 0.24572265625 0.2849266971153846 0.24337402403846153 0.2825424375 0.24203125 0.2804205240384615 0.23935058653846156 0.27829861057692307 0.23633300721153847 0.2761805552884615 0.2323046875 0.27379629567307695 0.22928710817307693 0.27194058653846154 0.2266015625 0.26929012259615387 0.22425781250000001 0.26770061778846155 0.22291503846153848 0.26584490625 0.22157226442307693 0.26372299278846156 0.21989257932692308 0.2608063269230769 0.21821777403846154 0.25789351923076925 0.21620605528846154 0.25656635817307694 0.21352050721153845 0.25550540144230766 0.2118457043269231 0.2523263894230769 0.21083984374999998 0.2502083341346154 0.20949706971153845 0.24861496875 0.20815429807692307 0.24543595673076923 0.20647949278846156 0.24384644951923076 0.20681152403846154 0.2406635793269231 0.2071484375 0.23827932211538463 0.20882324278846154 0.2358950625 0.21016601682692307 0.2332445985576923 0.21117187499999998 0.23112268509615383 0.21117187499999998 0.22926697596153847 0.21318847596153848 0.22688271634615387 0.21653808653846152 0.22449845673076924 0.22022949278846154 0.22396990625 0.22358398317307693 0.22211419711538463 0.22895019471153846 0.22105324038461538 0.23163574278846152 0.21972607932692306 0.23599609375 0.21893132692307693 0.2406933605769231 0.2173418221153846 0.2437109375
0 0.29118055528846154 0.3773828125 0.28863811778846155 0.3757714855769231 0.2860918221153846 0.37537109375 0.2843364206730769 0.376953125 0.28240740625 0.3779296875 0.2810030865384615 0.3789892572115384 0.2806867283653846 0.38180664182692303 0.28259259375 0.38341796875 0.28641203605769233 0.3854296875 0.2918171298076923 0.3874462884615385 0.2975424375 0.38985839903846153 0.2984953701923077 0.3890527331730769 0.2984953701923077 0.3854296875 0.2972222211538461 0.3826123052884615 0.2972222211538461 0.3822119134615385 0.2965895072115385 0.38140625 0.29372685096153844 0.3789892572115384 0.29118055528846154 0.3773828125
0 0.47666280769230773 0.16640624999999998 0.48138503125 0.162421875 0.4818364206730769 0.15559081971153846 0.4795871923076923 0.14818847596153845 0.4768865745192308 0.14392089903846153 0.4726157403846154 0.13851074278846154 0.46946373557692306 0.13452636778846155 0.46699074038461535 0.13281738221153847 0.46541666586538466 0.13139160096153846 0.4631674375 0.13054199278846154 0.45777006249999996 0.13139160096153846 0.4555208341346154 0.13737304567307693 0.45506944471153843 0.14021972596153848 0.4521450625 0.14534179807692307 0.4510223774038461 0.15018066346153847 0.44989583413461537 0.15388183653846152 0.4532716057692308 0.15131835817307693 0.4640663581730769 0.15786621153846153 0.46856481490384616 0.16754394471153844 0.4717129639423077 0.1683984375 0.47666280769230773 0.16640624999999998
0 0.3894560192307692 0.7263671875 0.38690972115384614 0.7291845697115384 0.38690972115384614 0.7332080072115384 0.3850038581730769 0.73884765625 0.38182098798076924 0.744482423076923 0.38150462980769234 0.7493115240384616 0.3853202163461538 0.7529345697115384 0.3853202163461538 0.7573632812500001 0.3865933653846154 0.7597753894230769 0.3907291658653846 0.7609863269230769 0.39804398076923075 0.7621923822115384 0.40440200721153846 0.7597753894230769 0.4063117283653846 0.757763673076923 0.4094907403846154 0.7481054687500001 0.41076388942307696 0.7472998052884615 0.4123533942307693 0.7456884759615385 0.4148996923076923 0.7404541009615385 0.4161728389423077 0.7392480480769231 0.41776234615384616 0.7352246081730769 0.42062499999999997 0.730390625 0.42539351923076923 0.7255615240384615 0.42539351923076923 0.7219384759615385 0.42444058653846156 0.71912109375 0.4225308653846154 0.71509765625 0.4199884254807692 0.7138916009615385 0.41553626442307695 0.71509765625 0.4142631177884616 0.71509765625 0.4088580240384615 0.7138916009615385 0.40344907451923073 0.7126806634615386 0.3967708341346154 0.7126806634615386 0.39518132692307695 0.7183154302884615 0.39359182211538457 0.7223437500000001 0.3894560192307692 0.7263671875
0 0.9658526225961539 0.559599608173077 0.9717862644230769 0.5623681634615385 0.977411264423077 0.5607861322115385 0.9838155865384616 0.558017576923077 0.9883449062499999 0.554658204326923 0.9902160504807692 0.551298826923077 0.9895910504807692 0.5461572259615385 0.9888117283653847 0.5400292956730769 0.9858449062500001 0.5321240240384616 0.9841242283653846 0.5256005865384615 0.9825655865384615 0.5218457043269231 0.9797530865384616 0.5192724615384615 0.9741280865384615 0.5172949230769232 0.9685069447115384 0.5168994134615384 0.9666319447115386 0.5174951177884616 0.9638194447115385 0.5232275384615385 0.9611651225961538 0.5271826177884615 0.9566358028846154 0.5305419927884615 0.9492939807692308 0.5348925769230769 0.9542939807692308 0.5471484375 0.9552314807692308 0.5540673822115385 0.9571064807692308 0.558017576923077 0.9658526225961539 0.559599608173077
0 0.32751929086538467 0.35567871153846153 0.3227970673076923 0.3585253894230769 0.32098765384615385 0.3650878918269231 0.3169483028846154 0.3721875 0.3169483028846154 0.3798730456730769 0.3216705240384616 0.39382324278846154 0.3263966057692308 0.39894531250000004 0.33224151201923074 0.40862304807692307 0.3365162043269231 0.4080566418269231 0.35316357932692305 0.40209961057692306 0.3655478389423077 0.40180663942307693 0.35113425961538464 0.37104980528846154 0.33764274759615387 0.3570996105769231 0.33291666586538465 0.35539550721153845 0.32751929086538467 0.35567871153846153
0 0.7076658942307692 0.9878857427884615 0.7078858028846154 0.98201171875 0.7078858028846154 0.9753027331730769 0.7083294759615384 0.9702734375000001 0.7092129639423077 0.964404295673077 0.7081057091346155 0.9576953125000001 0.7076658942307692 0.9543408197115385 0.7061188269230769 0.9509863269230769 0.70236496875 0.9476318365384616 0.6992708341346153 0.9442773437499999 0.6957407403846154 0.9434375 0.6913233028846153 0.9431591802884616 0.6877893509615384 0.9434375 0.6838117283653846 0.9423193365384616 0.681381173076923 0.94064453125 0.6793942908653846 0.9384082043269231 0.6769637355769231 0.9350537115384616 0.6743171298076922 0.9319775384615384 0.6707831778846154 0.9289013677884616 0.6670254639423077 0.9252685552884615 0.6652584879807691 0.9241503918269232 0.6610648149038462 0.9216357427884615 0.6559837956730769 0.9191210937500001 0.6542168221153847 0.9163232427884616 0.6522299375 0.9118505865384615 0.6484760793269231 0.9045849615384616 0.6456018509615385 0.9026269543269231 0.6431751538461538 0.89955078125 0.6418479927884615 0.8987158197115386 0.6369907403846155 0.8987158197115386 0.6341165120192307 0.8989941394230769 0.6303626538461539 0.9009521490384615 0.6285956778846155 0.9020703125 0.6224112644230769 0.9029052740384615 0.619101079326923 0.9031884759615385 0.6162268509615385 0.90486328125 0.6087191346153846 0.90486328125 0.6025347211538462 0.90486328125 0.601431326923077 0.9051416009615385 0.5990007716346154 0.91017578125 0.5978973774038462 0.9160449206730769 0.5981172836538462 0.92359375 0.5978973774038462 0.9269482427884616 0.5967939807692308 0.9328173822115384 0.5963503076923077 0.9409228509615384 0.5976774687499999 0.9507080072115385 0.597453704326923 0.9576953125000001 0.5967939807692308 0.9624462884615385 0.597453704326923 0.9713916009615384 0.5981172836538462 0.9753027331730769 0.5992206778846154 0.9781005865384615 0.5994444447115385 0.9803369134615385 0.5998842596153846 0.9842480456730769 0.5998842596153846 0.986484375 0.597233795673077 0.9881640625 0.5967939807692308 0.9904003894230768 0.5967939807692308 0.9929150384615385 0.5970138894230769 0.9959912115384615 0.5981172836538462 0.9976660168269231 0.5985609567307693 0.9999023437500001 0.7058989206730769 0.9999023437500001 0.7061188269230769 0.9993457043269232 0.70678240625 0.9962695312500001 0.7070023149038461 0.9929150384615385 0.7076658942307692 0.9878857427884615
0 0.44988040144230773 0.70833984375 0.4411342596153846 0.7144873052884615 0.43627700721153845 0.7226855456730769 0.43433256249999996 0.7345751947115384 0.4336844134615384 0.7481005865384615 0.4375733028846154 0.7567089831730769 0.44210648076923076 0.7677783197115384 0.4550617283653846 0.7677783197115384 0.46672067788461535 0.7653173822115384 0.4754668221153846 0.7558886706730769 0.49619598798076925 0.7214550793269231 0.4777353389423077 0.6894824206730769 0.4735223774038462 0.6907128918269231 0.46996142067307695 0.6968603509615385 0.44988040144230773 0.70833984375
0 0.34332175961538464 0.4943652331730769 0.33587191346153844 0.49805175721153844 0.3258333341346154 0.5029736322115385 0.31773533894230765 0.5046142572115385 0.31385030769230765 0.5103515625 0.3135262355769231 0.5160888677884615 0.31060956730769235 0.5251074230769232 0.30963734615384614 0.5361767572115385 0.31658950721153845 0.5490234375 0.32356481490384614 0.5550341802884615 0.35044753125 0.561591798076923 0.3601658942307692 0.5554394543269231 0.3734452163461538 0.54478515625 0.3786265432692308 0.529619141826923 0.38186342548076924 0.5185498052884616 0.38478009375 0.5029736322115385 0.37895061778846156 0.49518554567307693 0.37150077163461537 0.48903808653846154 0.35951774759615385 0.48411621153846157 0.3530401225961538 0.4886279302884615 0.3507716057692308 0.4923144519230769 0.34332175961538464 0.4943652331730769
0 0.33860339423076924 0.8391748052884616 0.33728009374999995 0.8408496081730769 0.3348495360576923 0.8430859374999999 0.33308256249999996 0.8458837884615384 0.3328626538461539 0.8509130865384615 0.33440972115384615 0.8559472668269231 0.33771990625 0.86181640625 0.3401504639423077 0.864892576923077 0.3412538581730769 0.8676855456730769 0.3432407403846154 0.8713183581730769 0.3456712956730769 0.8716015625 0.34854166586538465 0.8688037115384616 0.3518557091346154 0.8651708990384616 0.35538966105769226 0.86265625 0.35892361057692307 0.8606982427884616 0.3624575625 0.86013671875 0.36709490624999996 0.8606982427884616 0.37107253125 0.8606982427884616 0.3768132716346154 0.86013671875 0.37659336538461535 0.8576220697115384 0.37526620432692304 0.8545458990384615 0.37504629567307696 0.851474608173077 0.3730594134615384 0.8475585937500001 0.3717322524038461 0.8458837884615384 0.37040894951923076 0.8428076177884616 0.3690817908653846 0.8397314447115385 0.3675385793269231 0.8369384759615385 0.3655478389423077 0.83498046875 0.36267746875 0.834423829326923 0.36223765384615386 0.8327441394230769 0.3620177475961538 0.8293896490384616 0.35892361057692307 0.8257568365384615 0.35472607932692307 0.82603515625 0.3507523149038461 0.8265966802884616 0.3456712956730769 0.82966796875 0.3445679014423077 0.8307910144230769 0.3434645072115385 0.833583985576923 0.3412538581730769 0.836376954326923 0.33860339423076924 0.8391748052884616
0 0.9491782403846154 0.7046728509615385 0.9475231490384615 0.7067724615384615 0.944058641826923 0.7080078125 0.9417438269230769 0.708984375 0.9390432091346154 0.7109375 0.9367283942307693 0.71240234375 0.9340856490384616 0.7146923822115384 0.9346373461538462 0.7174853509615384 0.9355594134615385 0.719580079326923 0.9368479927884615 0.7216796875 0.9388695985576923 0.7242431634615384 0.9408950625 0.7254052740384616 0.9434722211538461 0.7256396490384615 0.9466010793269231 0.72494140625 0.9495447524038462 0.7237744134615384 0.9523070985576924 0.7233105456730768 0.955621141826923 0.7221435552884615 0.9578279326923076 0.7209814447115386 0.9600385793269232 0.719580079326923 0.9620601850961539 0.71818359375 0.9631674375 0.7165527355769231 0.9646373461538461 0.713525389423077 0.9668209879807693 0.71044921875 0.96875 0.70751953125 0.96875 0.70458984375 0.9679783942307693 0.703125 0.9664351850961539 0.70166015625 0.9648919759615384 0.701171875 0.9629629639423077 0.701171875 0.9591049375 0.70166015625 0.9571759254807692 0.7021484375 0.9545177475961538 0.7025781249999999 0.9515702163461538 0.7037402355769231 0.9491782403846154 0.7046728509615385
0 0.26432098798076925 0.17562011778846154 0.2608912043269231 0.17661621153846155 0.2562075625 0.17739746153846153 0.2508834879807692 0.17939453125 0.24619598798076922 0.18017578125 0.2438541658653846 0.18473144471153846 0.24557870432692308 0.18650878846153846 0.2474537043269231 0.1870996105769231 0.25041280769230767 0.1916308581730769 0.2505825625 0.1981542956730769 0.24979552403846156 0.20230956971153846 0.2515200625 0.20567382932692307 0.25182098798076924 0.20764648557692308 0.2594868822115385 0.21437988221153845 0.2621296298076923 0.21793945432692308 0.2722878076923077 0.22761718749999998 0.2774421298076923 0.2341894543269231 0.2825038581730769 0.24083007932692307 0.28381558653846156 0.24106933653846155 0.29281250000000003 0.23513671875 0.29637345673076926 0.23347656249999998 0.30143518509615386 0.22944335817307693 0.3027469134615385 0.21995605528846152 0.30124614182692305 0.21260253846153845 0.29956018509615384 0.20738281249999999 0.29637345673076926 0.20240234375000002 0.291875 0.1967089855769231 0.2858757716346154 0.18864257932692308 0.27725308653846154 0.17844238221153846 0.26915894951923075 0.1746484375 0.2686882716346154 0.1746484375 0.26432098798076925 0.17562011778846154
0 0.22217206730769232 0.47290038942307694 0.2207021610576923 0.47382812500000004 0.2201504639423077 0.4754589855769231 0.21959490625000003 0.47708984375 0.21738811778846154 0.47802246153846156 0.21665123557692306 0.4796533197115384 0.21646605048076922 0.4812841802884616 0.21646605048076922 0.4822167980769231 0.21646605048076922 0.48291503846153844 0.21646605048076922 0.4847802740384616 0.21646605048076922 0.486875 0.21757330288461538 0.48990234374999997 0.2186766971153846 0.4915332019230769 0.2207021610576923 0.49199706971153845 0.2225424375 0.49176757692307693 0.22585262259615385 0.4910693365384615 0.22935185096153846 0.48990234374999997 0.23266589423076922 0.4889697259615385 0.2346875 0.4882714831730769 0.23597607932692308 0.48710937499999996 0.23763503125 0.4847802740384616 0.2398418221153846 0.48268066346153843 0.2411304014423077 0.48198242307692307 0.24334105048076923 0.47988769471153847 0.24462577163461538 0.47825683653846157 0.24389274759615384 0.47732421875000003 0.24186728365384613 0.4759277355769231 0.23873842548076923 0.4735986322115385 0.23579475240384615 0.4724316418269231 0.2346875 0.47219726442307697 0.23339892067307694 0.47103515625000003 0.23137731490384614 0.47080078125 0.22916666586538462 0.47033691346153844 0.2260378076923077 0.47056640625 0.22383101923076923 0.4719677740384615 0.22217206730769232 0.47290038942307694
0 0.5555709879807693 0.29076660096153845 0.5610069447115384 0.29171386778846153 0.5645679014423076 0.2926611322115385 0.5700038581730769 0.29479980528846156 0.5758140432692308 0.29717285096153845 0.5797492283653847 0.2995410168269231 0.5818132716346154 0.3026269519230769 0.5823726850961538 0.2997802740384615 0.5818132716346154 0.2962207019230769 0.5778742283653846 0.28981933653846154 0.5750655865384615 0.28341308653846153 0.5720640432692308 0.27914062500000003 0.5696296298076923 0.2777197259615385 0.567191358173077 0.2755859375 0.5621296298076923 0.27155273317307693 0.5561342596153847 0.26704589903846154 0.5527584879807692 0.26799316346153845 0.5467631177884615 0.27202636778846156 0.5422646610576923 0.27795410096153844 0.5430131177884616 0.2843603509615385 0.5430131177884616 0.28744628846153847 0.5452546298076923 0.28935546875 0.5490123461538462 0.29479980528846156 0.5508834879807692 0.29479980528846156 0.55201003125 0.291953125 0.5555709879807693 0.29076660096153845
0 0.6988233028846154 0.4080371081730769 0.6857060192307693 0.40764160096153845 0.6786766971153846 0.41021484375 0.6727391971153847 0.4145605480769231 0.6718016971153846 0.4189111322115385 0.6744598774038462 0.4236572259615385 0.6822685192307693 0.42800293028846154 0.6885146610576923 0.4311669927884615 0.6933564807692308 0.43630859375000003 0.7028858028846153 0.4351220697115385 0.7083526225961538 0.43136230528846153 0.717723764423077 0.4264208990384616 0.717723764423077 0.4153515625 0.7086651225961538 0.41041015625 0.7031983028846154 0.40843261778846157 0.6988233028846154 0.4080371081730769
0 0.8515702163461539 0.7493115240384616 0.8493441346153846 0.7396484375000001 0.8468016971153846 0.7364306634615385 0.8413927475961539 0.7360302740384616 0.83853009375 0.7360302740384616 0.8321682091346154 0.7384423822115385 0.8277160504807692 0.7420654302884616 0.8270794759615385 0.7424707043269231 0.8267631177884615 0.744482423076923 0.830578704326923 0.7472998052884615 0.8328047836538462 0.7521289062500001 0.8312152788461538 0.7557519519230769 0.8277160504807692 0.7569580072115384 0.8235841057692308 0.7593749999999999 0.8232638894230769 0.7621923822115384 0.8264467596153846 0.76541015625 0.8328047836538462 0.7670214855769231 0.8366242283653846 0.7670214855769231 0.8442554014423076 0.7674267572115384 0.8464814807692308 0.7674267572115384 0.8518904326923077 0.7682275384615385 0.8572955240384614 0.7690332043269231 0.85634259375 0.7662158197115385 0.8541165120192308 0.7597753894230769 0.8531597211538462 0.7549462884615384 0.8515702163461539 0.7493115240384616
0 0.3834837956730769 0.7677783197115384 0.38575231490384615 0.7579394543269231 0.38575231490384615 0.7546582043269231 0.38380787019230767 0.7493310552884616 0.38380787019230767 0.7439990240384616 0.3844560192307692 0.7403125 0.3864004639423077 0.7362109375 0.38704475240384617 0.7317041009615385 0.38704475240384617 0.7280126947115384 0.38413194471153844 0.7243261706730769 0.38153935096153846 0.7226855456730769 0.37797839423076923 0.7194042956730768 0.37570987740384615 0.7173583990384615 0.3721489206730769 0.7157177740384615 0.3679359567307693 0.7144873052884615 0.3640509254807692 0.7144873052884615 0.35919367307692307 0.7161279302884616 0.3575733028846154 0.723095704326923 0.3585455240384615 0.7333447259615385 0.3582214495192308 0.73826171875 0.35627700721153843 0.74318359375 0.35368827163461536 0.7464599615384616 0.35044753125 0.7509716802884616 0.3627546298076923 0.7677783197115384 0.3734452163461538 0.7837646490384615 0.37830246875 0.7792529302884615 0.3834837956730769 0.7677783197115384
0 0.35174382692307693 0.6930859375 0.3497183653846154 0.6942236322115385 0.3443209879807692 0.695078125 0.33982253125 0.6979248052884616 0.3382484567307692 0.6996337884615385 0.3382484567307692 0.702197264423077 0.33937500000000004 0.7053271490384615 0.33937500000000004 0.707890625 0.33959876442307696 0.7121582019230769 0.34117283894230765 0.71728515625 0.3481442908653846 0.7195605480769232 0.3526427475961539 0.7181347644230769 0.3593904326923077 0.7161425793269232 0.3605169759615385 0.7107373052884616 0.3609645072115385 0.6959326177884615 0.35579089423076926 0.6919482427884615 0.3535416658653846 0.6922314447115384 0.35174382692307693 0.6930859375
0 0.4205362644230769 0.5046923822115384 0.4123726850961538 0.5017431634615385 0.3991589495192308 0.5027294927884616 0.39527392067307693 0.5042041009615384 0.38633487740384614 0.51158203125 0.3855555552884615 0.5174853509615385 0.3878896610576923 0.5273193365384615 0.38905478365384616 0.53322265625 0.39604938221153846 0.539619141826923 0.4018788581730769 0.5445361322115384 0.40887731490384616 0.5519140625 0.4162615745192308 0.5543750000000001 0.42559027884615386 0.5494580072115385 0.43802469230769236 0.5430615240384615 0.4504629639423077 0.5391259759615384 0.45473765384615383 0.523876954326923 0.45240740625 0.5160058581730769 0.44346450721153846 0.5135498052884615 0.43180555528846154 0.51158203125 0.4259760793269231 0.5066601562499999 0.4205362644230769 0.5046923822115384
0 0.0005748461538461539 0.6692675793269232 0.00002314903846153846 0.6718310552884615 0.00002314903846153846 0.6748583990384615 0.00038966105769230766 0.676953125 0.0011265432692307692 0.6785839831730769 0.0024151225961538464 0.68044921875 0.005177468750000001 0.6816113293269231 0.009039350961538462 0.6825439447115385 0.012538579326923077 0.6844091802884615 0.0156674375 0.6848730456730769 0.017874228365384617 0.6848730456730769 0.021925153846153844 0.6853417980769231 0.02376543269230769 0.6839404302884616 0.025054012019230767 0.6827783197115385 0.02744598798076923 0.6818457019230769 0.029101079326923077 0.6809130865384615 0.03002314903846154 0.6792822259615385 0.03076003125 0.6760205072115385 0.030389661057692308 0.6715966802884614 0.02947144951923077 0.6702001947115386 0.026527778846153847 0.6688037115384616 0.023580247596153847 0.6678710937500001 0.019347992788461537 0.6664697259615384 0.01695601923076923 0.6662402331730769 0.015852622596153845 0.6655419927884616 0.013090278846153845 0.6643749999999999 0.010513117788461538 0.6636767572115385 0.00793595673076923 0.6632128918269231 0.006280865384615384 0.6639111322115384 0.004992283653846154 0.6650732427884616 0.002048610576923077 0.6664697259615384 0.000941358173076923 0.66763671875 0.0005748461538461539 0.6692675793269232